checking build system type... aarch64-unknown-linux-gnu
checking host system type... aarch64-unknown-linux-gnu
checking for gcc... gcc
checking whether the C compiler works... yes
checking for C compiler default output file name... a.out
checking for suffix of executables... 
checking whether we are cross compiling... no
checking for suffix of object files... o
checking whether the compiler supports GNU C... yes
checking whether gcc accepts -g... yes
checking for gcc option to enable C23 features... -std=gnu23
checking how to run the C preprocessor... gcc -std=gnu23 -E
checking for aarch64-unknown-linux-gnu-gcc... no
checking for gcc... gcc
checking whether the compiler supports GNU C... yes
checking whether gcc accepts -g... yes
checking for gcc option to enable C23 features... -std=gnu23
checking whether the C compiler works... yes
checking for C compiler default output file name... a.out
checking for suffix of executables... 
checking whether we are cross compiling... no
checking for suffix of object files... o
checking how to run the C preprocessor... gcc -std=gnu23 -E
checking for a race-free mkdir -p... /usr/bin/mkdir -p
checking for a BSD-compatible install... /usr/bin/install -c
checking for a sed that does not truncate output... /usr/bin/sed
checking for grep that handles long lines and -e... /usr/bin/grep
checking for gawk... no
checking for mawk... mawk
checking for find... yes
checking for strip... strip
checking for stdio.h... yes
checking for stdlib.h... yes
checking for string.h... yes
checking for inttypes.h... yes
checking for stdint.h... yes
checking for strings.h... yes
checking for sys/stat.h... yes
checking for sys/types.h... yes
checking for unistd.h... yes
checking for stdio.h... (cached) yes
checking for stdlib.h... (cached) yes
checking for stdint.h... (cached) yes
checking for stddef.h... yes
checking for stdbool.h... yes
checking for stdarg.h... yes
checking for string.h... (cached) yes
checking for errno.h... yes
checking for inttypes.h... (cached) yes
checking for limits.h... yes
checking for time.h... yes
checking for x86_64-elf-gcc... yes
checking for x86_64-elf-ld... yes
checking for x86_64-elf-objcopy... yes
checking for x86_64-elf-objdump... yes
checking for x86_64-elf-readelf... yes
checking for mcopy... yes
checking for nasm... yes
configure: creating ./config.status
config.status: creating man/man1/limine.1
config.status: creating GNUmakefile
config.status: creating config.h
make[1]: Entering directory '/tmp/vos5-limine.j3qiNo/build'
make[1]: warning: -j4 forced in submake: resetting jobserver mode.
mkdir -p '/tmp/vos5-limine.j3qiNo/build/bin'
cp '/tmp/vos5-limine.j3qiNo/source/host/host.mk' '/tmp/vos5-limine.j3qiNo/build/bin/Makefile'
make all1
make[2]: Entering directory '/tmp/vos5-limine.j3qiNo/build'
make common-uefi-x86-64
make common-uefi-ia32
/usr/bin/mkdir -p '/tmp/vos5-limine.j3qiNo/build/tools-build'
make[3]: Entering directory '/tmp/vos5-limine.j3qiNo/build'
make[3]: Entering directory '/tmp/vos5-limine.j3qiNo/build'
gcc -std=gnu23 -g -O2 -std=c99 -Wall -Wextra -Wno-error '/tmp/vos5-limine.j3qiNo/source/tools/limlzpack.c' -o '/tmp/vos5-limine.j3qiNo/build/tools-build/limlzpack'
make -C '/tmp/vos5-limine.j3qiNo/source/common' -f common.mk \
	TARGET=uefi-x86-64 \
	BUILDDIR='/tmp/vos5-limine.j3qiNo/build/common-uefi-x86-64'
make -C '/tmp/vos5-limine.j3qiNo/source/common' -f common.mk \
	TARGET=uefi-ia32 \
	BUILDDIR='/tmp/vos5-limine.j3qiNo/build/common-uefi-ia32'
make[4]: Entering directory '/tmp/vos5-limine.j3qiNo/source/common'
make[4]: Entering directory '/tmp/vos5-limine.j3qiNo/source/common'
/usr/bin/mkdir -p "$(dirname '/tmp/vos5-limine.j3qiNo/build/common-uefi-x86-64/common/cc-runtime.s2.o')"
/usr/bin/mkdir -p "$(dirname '/tmp/vos5-limine.j3qiNo/build/common-uefi-ia32/common/cc-runtime.s2.o')"
/usr/bin/mkdir -p "$(dirname '/tmp/vos5-limine.j3qiNo/build/common-uefi-x86-64/common/compress/gzip.o')"
x86_64-elf-gcc -g -O2 -pipe -ffile-prefix-map=/tmp/vos5-limine.j3qiNo=/vos-limine -g -Wall -Wextra -Wshadow -Wvla -Wno-error -std=gnu11 -nostdinc -ffreestanding -ffunction-sections -fdata-sections -fstack-protector-strong -fno-stack-check -fno-omit-frame-pointer -fno-strict-aliasing -fno-lto -mstack-protector-guard=global -fPIE -fshort-wchar -m64 -march=x86-64 -mabi=sysv -mno-80387 -mno-mmx -mno-sse -mno-sse2 -mno-red-zone -I ../picoefi/inc -I . -I libc-compat -I ../limine-protocol/include -I ../flanterm/src -I ../libfdt/src -I '/tmp/vos5-limine.j3qiNo/build/common-uefi-x86-64/..' -isystem ../freestanding-c-hdrs/include  -DCOM_OUTPUT=false -DE9_OUTPUT=false -DFLANTERM_IN_FLANTERM -MMD -MP -DUEFI -c '../common/cc-runtime.s2.c' -o '/tmp/vos5-limine.j3qiNo/build/common-uefi-x86-64/common/cc-runtime.s2.o'
x86_64-elf-gcc -g -O2 -pipe -ffile-prefix-map=/tmp/vos5-limine.j3qiNo=/vos-limine -g -Wall -Wextra -Wshadow -Wvla -Wno-error -std=gnu11 -nostdinc -ffreestanding -ffunction-sections -fdata-sections -fstack-protector-strong -fno-stack-check -fno-omit-frame-pointer -fno-strict-aliasing -fno-lto -mstack-protector-guard=global -fPIE -fshort-wchar -m32 -march=i686 -malign-double -mabi=sysv -mno-80387 -mno-mmx -I ../picoefi/inc -I . -I libc-compat -I ../limine-protocol/include -I ../flanterm/src -I ../libfdt/src -I '/tmp/vos5-limine.j3qiNo/build/common-uefi-ia32/..' -isystem ../freestanding-c-hdrs/include  -DCOM_OUTPUT=false -DE9_OUTPUT=false -DFLANTERM_IN_FLANTERM -MMD -MP -DUEFI -c '../common/cc-runtime.s2.c' -o '/tmp/vos5-limine.j3qiNo/build/common-uefi-ia32/common/cc-runtime.s2.o'
x86_64-elf-gcc -g -O2 -pipe -ffile-prefix-map=/tmp/vos5-limine.j3qiNo=/vos-limine -g -Wall -Wextra -Wshadow -Wvla -Wno-error -std=gnu11 -nostdinc -ffreestanding -ffunction-sections -fdata-sections -fstack-protector-strong -fno-stack-check -fno-omit-frame-pointer -fno-strict-aliasing -fno-lto -mstack-protector-guard=global -fPIE -fshort-wchar -m64 -march=x86-64 -mabi=sysv -mno-80387 -mno-mmx -mno-sse -mno-sse2 -mno-red-zone -I ../picoefi/inc -I . -I libc-compat -I ../limine-protocol/include -I ../flanterm/src -I ../libfdt/src -I '/tmp/vos5-limine.j3qiNo/build/common-uefi-x86-64/..' -isystem ../freestanding-c-hdrs/include  -DCOM_OUTPUT=false -DE9_OUTPUT=false -DFLANTERM_IN_FLANTERM -MMD -MP -DUEFI -c '../common/compress/gzip.c' -o '/tmp/vos5-limine.j3qiNo/build/common-uefi-x86-64/common/compress/gzip.o'
/usr/bin/mkdir -p "$(dirname '/tmp/vos5-limine.j3qiNo/build/common-uefi-x86-64/common/compress/pdgzip.o')"
x86_64-elf-gcc -g -O2 -pipe -ffile-prefix-map=/tmp/vos5-limine.j3qiNo=/vos-limine -g -Wall -Wextra -Wshadow -Wvla -Wno-error -std=gnu11 -nostdinc -ffreestanding -ffunction-sections -fdata-sections -fstack-protector-strong -fno-stack-check -fno-omit-frame-pointer -fno-strict-aliasing -fno-lto -mstack-protector-guard=global -fPIE -fshort-wchar -m64 -march=x86-64 -mabi=sysv -mno-80387 -mno-mmx -mno-sse -mno-sse2 -mno-red-zone -I ../picoefi/inc -I . -I libc-compat -I ../limine-protocol/include -I ../flanterm/src -I ../libfdt/src -I '/tmp/vos5-limine.j3qiNo/build/common-uefi-x86-64/..' -isystem ../freestanding-c-hdrs/include  -DCOM_OUTPUT=false -DE9_OUTPUT=false -DFLANTERM_IN_FLANTERM -MMD -MP -DUEFI -c '../common/compress/pdgzip.c' -o '/tmp/vos5-limine.j3qiNo/build/common-uefi-x86-64/common/compress/pdgzip.o'
/usr/bin/mkdir -p "$(dirname '/tmp/vos5-limine.j3qiNo/build/common-uefi-x86-64/common/crypt/blake2b.o')"
x86_64-elf-gcc -g -O2 -pipe -ffile-prefix-map=/tmp/vos5-limine.j3qiNo=/vos-limine -g -Wall -Wextra -Wshadow -Wvla -Wno-error -std=gnu11 -nostdinc -ffreestanding -ffunction-sections -fdata-sections -fstack-protector-strong -fno-stack-check -fno-omit-frame-pointer -fno-strict-aliasing -fno-lto -mstack-protector-guard=global -fPIE -fshort-wchar -m64 -march=x86-64 -mabi=sysv -mno-80387 -mno-mmx -mno-sse -mno-sse2 -mno-red-zone -I ../picoefi/inc -I . -I libc-compat -I ../limine-protocol/include -I ../flanterm/src -I ../libfdt/src -I '/tmp/vos5-limine.j3qiNo/build/common-uefi-x86-64/..' -isystem ../freestanding-c-hdrs/include  -DCOM_OUTPUT=false -DE9_OUTPUT=false -DFLANTERM_IN_FLANTERM -MMD -MP -DUEFI -c '../common/crypt/blake2b.c' -o '/tmp/vos5-limine.j3qiNo/build/common-uefi-x86-64/common/crypt/blake2b.o'
/usr/bin/mkdir -p "$(dirname '/tmp/vos5-limine.j3qiNo/build/common-uefi-ia32/common/compress/gzip.o')"
x86_64-elf-gcc -g -O2 -pipe -ffile-prefix-map=/tmp/vos5-limine.j3qiNo=/vos-limine -g -Wall -Wextra -Wshadow -Wvla -Wno-error -std=gnu11 -nostdinc -ffreestanding -ffunction-sections -fdata-sections -fstack-protector-strong -fno-stack-check -fno-omit-frame-pointer -fno-strict-aliasing -fno-lto -mstack-protector-guard=global -fPIE -fshort-wchar -m32 -march=i686 -malign-double -mabi=sysv -mno-80387 -mno-mmx -I ../picoefi/inc -I . -I libc-compat -I ../limine-protocol/include -I ../flanterm/src -I ../libfdt/src -I '/tmp/vos5-limine.j3qiNo/build/common-uefi-ia32/..' -isystem ../freestanding-c-hdrs/include  -DCOM_OUTPUT=false -DE9_OUTPUT=false -DFLANTERM_IN_FLANTERM -MMD -MP -DUEFI -c '../common/compress/gzip.c' -o '/tmp/vos5-limine.j3qiNo/build/common-uefi-ia32/common/compress/gzip.o'
/usr/bin/mkdir -p "$(dirname '/tmp/vos5-limine.j3qiNo/build/common-uefi-ia32/common/compress/pdgzip.o')"
x86_64-elf-gcc -g -O2 -pipe -ffile-prefix-map=/tmp/vos5-limine.j3qiNo=/vos-limine -g -Wall -Wextra -Wshadow -Wvla -Wno-error -std=gnu11 -nostdinc -ffreestanding -ffunction-sections -fdata-sections -fstack-protector-strong -fno-stack-check -fno-omit-frame-pointer -fno-strict-aliasing -fno-lto -mstack-protector-guard=global -fPIE -fshort-wchar -m32 -march=i686 -malign-double -mabi=sysv -mno-80387 -mno-mmx -I ../picoefi/inc -I . -I libc-compat -I ../limine-protocol/include -I ../flanterm/src -I ../libfdt/src -I '/tmp/vos5-limine.j3qiNo/build/common-uefi-ia32/..' -isystem ../freestanding-c-hdrs/include  -DCOM_OUTPUT=false -DE9_OUTPUT=false -DFLANTERM_IN_FLANTERM -MMD -MP -DUEFI -c '../common/compress/pdgzip.c' -o '/tmp/vos5-limine.j3qiNo/build/common-uefi-ia32/common/compress/pdgzip.o'
/usr/bin/mkdir -p "$(dirname '/tmp/vos5-limine.j3qiNo/build/common-uefi-x86-64/common/drivers/disk.s2.o')"
x86_64-elf-gcc -g -O2 -pipe -ffile-prefix-map=/tmp/vos5-limine.j3qiNo=/vos-limine -g -Wall -Wextra -Wshadow -Wvla -Wno-error -std=gnu11 -nostdinc -ffreestanding -ffunction-sections -fdata-sections -fstack-protector-strong -fno-stack-check -fno-omit-frame-pointer -fno-strict-aliasing -fno-lto -mstack-protector-guard=global -fPIE -fshort-wchar -m64 -march=x86-64 -mabi=sysv -mno-80387 -mno-mmx -mno-sse -mno-sse2 -mno-red-zone -I ../picoefi/inc -I . -I libc-compat -I ../limine-protocol/include -I ../flanterm/src -I ../libfdt/src -I '/tmp/vos5-limine.j3qiNo/build/common-uefi-x86-64/..' -isystem ../freestanding-c-hdrs/include  -DCOM_OUTPUT=false -DE9_OUTPUT=false -DFLANTERM_IN_FLANTERM -MMD -MP -DUEFI -c '../common/drivers/disk.s2.c' -o '/tmp/vos5-limine.j3qiNo/build/common-uefi-x86-64/common/drivers/disk.s2.o'
/usr/bin/mkdir -p "$(dirname '/tmp/vos5-limine.j3qiNo/build/common-uefi-x86-64/common/drivers/edid.o')"
x86_64-elf-gcc -g -O2 -pipe -ffile-prefix-map=/tmp/vos5-limine.j3qiNo=/vos-limine -g -Wall -Wextra -Wshadow -Wvla -Wno-error -std=gnu11 -nostdinc -ffreestanding -ffunction-sections -fdata-sections -fstack-protector-strong -fno-stack-check -fno-omit-frame-pointer -fno-strict-aliasing -fno-lto -mstack-protector-guard=global -fPIE -fshort-wchar -m64 -march=x86-64 -mabi=sysv -mno-80387 -mno-mmx -mno-sse -mno-sse2 -mno-red-zone -I ../picoefi/inc -I . -I libc-compat -I ../limine-protocol/include -I ../flanterm/src -I ../libfdt/src -I '/tmp/vos5-limine.j3qiNo/build/common-uefi-x86-64/..' -isystem ../freestanding-c-hdrs/include  -DCOM_OUTPUT=false -DE9_OUTPUT=false -DFLANTERM_IN_FLANTERM -MMD -MP -DUEFI -c '../common/drivers/edid.c' -o '/tmp/vos5-limine.j3qiNo/build/common-uefi-x86-64/common/drivers/edid.o'
/usr/bin/mkdir -p "$(dirname '/tmp/vos5-limine.j3qiNo/build/common-uefi-ia32/common/crypt/blake2b.o')"
x86_64-elf-gcc -g -O2 -pipe -ffile-prefix-map=/tmp/vos5-limine.j3qiNo=/vos-limine -g -Wall -Wextra -Wshadow -Wvla -Wno-error -std=gnu11 -nostdinc -ffreestanding -ffunction-sections -fdata-sections -fstack-protector-strong -fno-stack-check -fno-omit-frame-pointer -fno-strict-aliasing -fno-lto -mstack-protector-guard=global -fPIE -fshort-wchar -m32 -march=i686 -malign-double -mabi=sysv -mno-80387 -mno-mmx -I ../picoefi/inc -I . -I libc-compat -I ../limine-protocol/include -I ../flanterm/src -I ../libfdt/src -I '/tmp/vos5-limine.j3qiNo/build/common-uefi-ia32/..' -isystem ../freestanding-c-hdrs/include  -DCOM_OUTPUT=false -DE9_OUTPUT=false -DFLANTERM_IN_FLANTERM -MMD -MP -DUEFI -c '../common/crypt/blake2b.c' -o '/tmp/vos5-limine.j3qiNo/build/common-uefi-ia32/common/crypt/blake2b.o'
/usr/bin/mkdir -p "$(dirname '/tmp/vos5-limine.j3qiNo/build/common-uefi-x86-64/common/drivers/gop.o')"
x86_64-elf-gcc -g -O2 -pipe -ffile-prefix-map=/tmp/vos5-limine.j3qiNo=/vos-limine -g -Wall -Wextra -Wshadow -Wvla -Wno-error -std=gnu11 -nostdinc -ffreestanding -ffunction-sections -fdata-sections -fstack-protector-strong -fno-stack-check -fno-omit-frame-pointer -fno-strict-aliasing -fno-lto -mstack-protector-guard=global -fPIE -fshort-wchar -m64 -march=x86-64 -mabi=sysv -mno-80387 -mno-mmx -mno-sse -mno-sse2 -mno-red-zone -I ../picoefi/inc -I . -I libc-compat -I ../limine-protocol/include -I ../flanterm/src -I ../libfdt/src -I '/tmp/vos5-limine.j3qiNo/build/common-uefi-x86-64/..' -isystem ../freestanding-c-hdrs/include  -DCOM_OUTPUT=false -DE9_OUTPUT=false -DFLANTERM_IN_FLANTERM -MMD -MP -DUEFI -c '../common/drivers/gop.c' -o '/tmp/vos5-limine.j3qiNo/build/common-uefi-x86-64/common/drivers/gop.o'
/usr/bin/mkdir -p "$(dirname '/tmp/vos5-limine.j3qiNo/build/common-uefi-x86-64/common/drivers/mouse.o')"
x86_64-elf-gcc -g -O2 -pipe -ffile-prefix-map=/tmp/vos5-limine.j3qiNo=/vos-limine -g -Wall -Wextra -Wshadow -Wvla -Wno-error -std=gnu11 -nostdinc -ffreestanding -ffunction-sections -fdata-sections -fstack-protector-strong -fno-stack-check -fno-omit-frame-pointer -fno-strict-aliasing -fno-lto -mstack-protector-guard=global -fPIE -fshort-wchar -m64 -march=x86-64 -mabi=sysv -mno-80387 -mno-mmx -mno-sse -mno-sse2 -mno-red-zone -I ../picoefi/inc -I . -I libc-compat -I ../limine-protocol/include -I ../flanterm/src -I ../libfdt/src -I '/tmp/vos5-limine.j3qiNo/build/common-uefi-x86-64/..' -isystem ../freestanding-c-hdrs/include  -DCOM_OUTPUT=false -DE9_OUTPUT=false -DFLANTERM_IN_FLANTERM -MMD -MP -DUEFI -c '../common/drivers/mouse.c' -o '/tmp/vos5-limine.j3qiNo/build/common-uefi-x86-64/common/drivers/mouse.o'
/usr/bin/mkdir -p "$(dirname '/tmp/vos5-limine.j3qiNo/build/common-uefi-x86-64/common/drivers/serial.o')"
x86_64-elf-gcc -g -O2 -pipe -ffile-prefix-map=/tmp/vos5-limine.j3qiNo=/vos-limine -g -Wall -Wextra -Wshadow -Wvla -Wno-error -std=gnu11 -nostdinc -ffreestanding -ffunction-sections -fdata-sections -fstack-protector-strong -fno-stack-check -fno-omit-frame-pointer -fno-strict-aliasing -fno-lto -mstack-protector-guard=global -fPIE -fshort-wchar -m64 -march=x86-64 -mabi=sysv -mno-80387 -mno-mmx -mno-sse -mno-sse2 -mno-red-zone -I ../picoefi/inc -I . -I libc-compat -I ../limine-protocol/include -I ../flanterm/src -I ../libfdt/src -I '/tmp/vos5-limine.j3qiNo/build/common-uefi-x86-64/..' -isystem ../freestanding-c-hdrs/include  -DCOM_OUTPUT=false -DE9_OUTPUT=false -DFLANTERM_IN_FLANTERM -MMD -MP -DUEFI -c '../common/drivers/serial.c' -o '/tmp/vos5-limine.j3qiNo/build/common-uefi-x86-64/common/drivers/serial.o'
/usr/bin/mkdir -p "$(dirname '/tmp/vos5-limine.j3qiNo/build/common-uefi-x86-64/common/drivers/vbe.o')"
x86_64-elf-gcc -g -O2 -pipe -ffile-prefix-map=/tmp/vos5-limine.j3qiNo=/vos-limine -g -Wall -Wextra -Wshadow -Wvla -Wno-error -std=gnu11 -nostdinc -ffreestanding -ffunction-sections -fdata-sections -fstack-protector-strong -fno-stack-check -fno-omit-frame-pointer -fno-strict-aliasing -fno-lto -mstack-protector-guard=global -fPIE -fshort-wchar -m64 -march=x86-64 -mabi=sysv -mno-80387 -mno-mmx -mno-sse -mno-sse2 -mno-red-zone -I ../picoefi/inc -I . -I libc-compat -I ../limine-protocol/include -I ../flanterm/src -I ../libfdt/src -I '/tmp/vos5-limine.j3qiNo/build/common-uefi-x86-64/..' -isystem ../freestanding-c-hdrs/include  -DCOM_OUTPUT=false -DE9_OUTPUT=false -DFLANTERM_IN_FLANTERM -MMD -MP -DUEFI -c '../common/drivers/vbe.c' -o '/tmp/vos5-limine.j3qiNo/build/common-uefi-x86-64/common/drivers/vbe.o'
/usr/bin/mkdir -p "$(dirname '/tmp/vos5-limine.j3qiNo/build/common-uefi-x86-64/common/drivers/vga_textmode.o')"
x86_64-elf-gcc -g -O2 -pipe -ffile-prefix-map=/tmp/vos5-limine.j3qiNo=/vos-limine -g -Wall -Wextra -Wshadow -Wvla -Wno-error -std=gnu11 -nostdinc -ffreestanding -ffunction-sections -fdata-sections -fstack-protector-strong -fno-stack-check -fno-omit-frame-pointer -fno-strict-aliasing -fno-lto -mstack-protector-guard=global -fPIE -fshort-wchar -m64 -march=x86-64 -mabi=sysv -mno-80387 -mno-mmx -mno-sse -mno-sse2 -mno-red-zone -I ../picoefi/inc -I . -I libc-compat -I ../limine-protocol/include -I ../flanterm/src -I ../libfdt/src -I '/tmp/vos5-limine.j3qiNo/build/common-uefi-x86-64/..' -isystem ../freestanding-c-hdrs/include  -DCOM_OUTPUT=false -DE9_OUTPUT=false -DFLANTERM_IN_FLANTERM -MMD -MP -DUEFI -c '../common/drivers/vga_textmode.c' -o '/tmp/vos5-limine.j3qiNo/build/common-uefi-x86-64/common/drivers/vga_textmode.o'
/usr/bin/mkdir -p "$(dirname '/tmp/vos5-limine.j3qiNo/build/common-uefi-x86-64/common/entry.s2.o')"
x86_64-elf-gcc -g -O2 -pipe -ffile-prefix-map=/tmp/vos5-limine.j3qiNo=/vos-limine -g -Wall -Wextra -Wshadow -Wvla -Wno-error -std=gnu11 -nostdinc -ffreestanding -ffunction-sections -fdata-sections -fstack-protector-strong -fno-stack-check -fno-omit-frame-pointer -fno-strict-aliasing -fno-lto -mstack-protector-guard=global -fPIE -fshort-wchar -m64 -march=x86-64 -mabi=sysv -mno-80387 -mno-mmx -mno-sse -mno-sse2 -mno-red-zone -I ../picoefi/inc -I . -I libc-compat -I ../limine-protocol/include -I ../flanterm/src -I ../libfdt/src -I '/tmp/vos5-limine.j3qiNo/build/common-uefi-x86-64/..' -isystem ../freestanding-c-hdrs/include  -DCOM_OUTPUT=false -DE9_OUTPUT=false -DFLANTERM_IN_FLANTERM -MMD -MP -DUEFI -c '../common/entry.s2.c' -o '/tmp/vos5-limine.j3qiNo/build/common-uefi-x86-64/common/entry.s2.o'
/usr/bin/mkdir -p "$(dirname '/tmp/vos5-limine.j3qiNo/build/common-uefi-x86-64/common/entry.s3.o')"
x86_64-elf-gcc -g -O2 -pipe -ffile-prefix-map=/tmp/vos5-limine.j3qiNo=/vos-limine -g -Wall -Wextra -Wshadow -Wvla -Wno-error -std=gnu11 -nostdinc -ffreestanding -ffunction-sections -fdata-sections -fstack-protector-strong -fno-stack-check -fno-omit-frame-pointer -fno-strict-aliasing -fno-lto -mstack-protector-guard=global -fPIE -fshort-wchar -m64 -march=x86-64 -mabi=sysv -mno-80387 -mno-mmx -mno-sse -mno-sse2 -mno-red-zone -I ../picoefi/inc -I . -I libc-compat -I ../limine-protocol/include -I ../flanterm/src -I ../libfdt/src -I '/tmp/vos5-limine.j3qiNo/build/common-uefi-x86-64/..' -isystem ../freestanding-c-hdrs/include  -DCOM_OUTPUT=false -DE9_OUTPUT=false -DFLANTERM_IN_FLANTERM -MMD -MP -DUEFI -c '../common/entry.s3.c' -o '/tmp/vos5-limine.j3qiNo/build/common-uefi-x86-64/common/entry.s3.o'
/usr/bin/mkdir -p "$(dirname '/tmp/vos5-limine.j3qiNo/build/common-uefi-x86-64/common/fs/fat32.s2.o')"
x86_64-elf-gcc -g -O2 -pipe -ffile-prefix-map=/tmp/vos5-limine.j3qiNo=/vos-limine -g -Wall -Wextra -Wshadow -Wvla -Wno-error -std=gnu11 -nostdinc -ffreestanding -ffunction-sections -fdata-sections -fstack-protector-strong -fno-stack-check -fno-omit-frame-pointer -fno-strict-aliasing -fno-lto -mstack-protector-guard=global -fPIE -fshort-wchar -m64 -march=x86-64 -mabi=sysv -mno-80387 -mno-mmx -mno-sse -mno-sse2 -mno-red-zone -I ../picoefi/inc -I . -I libc-compat -I ../limine-protocol/include -I ../flanterm/src -I ../libfdt/src -I '/tmp/vos5-limine.j3qiNo/build/common-uefi-x86-64/..' -isystem ../freestanding-c-hdrs/include  -DCOM_OUTPUT=false -DE9_OUTPUT=false -DFLANTERM_IN_FLANTERM -MMD -MP -DUEFI -c '../common/fs/fat32.s2.c' -o '/tmp/vos5-limine.j3qiNo/build/common-uefi-x86-64/common/fs/fat32.s2.o'
/usr/bin/mkdir -p "$(dirname '/tmp/vos5-limine.j3qiNo/build/common-uefi-x86-64/common/fs/file.s2.o')"
x86_64-elf-gcc -g -O2 -pipe -ffile-prefix-map=/tmp/vos5-limine.j3qiNo=/vos-limine -g -Wall -Wextra -Wshadow -Wvla -Wno-error -std=gnu11 -nostdinc -ffreestanding -ffunction-sections -fdata-sections -fstack-protector-strong -fno-stack-check -fno-omit-frame-pointer -fno-strict-aliasing -fno-lto -mstack-protector-guard=global -fPIE -fshort-wchar -m64 -march=x86-64 -mabi=sysv -mno-80387 -mno-mmx -mno-sse -mno-sse2 -mno-red-zone -I ../picoefi/inc -I . -I libc-compat -I ../limine-protocol/include -I ../flanterm/src -I ../libfdt/src -I '/tmp/vos5-limine.j3qiNo/build/common-uefi-x86-64/..' -isystem ../freestanding-c-hdrs/include  -DCOM_OUTPUT=false -DE9_OUTPUT=false -DFLANTERM_IN_FLANTERM -MMD -MP -DUEFI -c '../common/fs/file.s2.c' -o '/tmp/vos5-limine.j3qiNo/build/common-uefi-x86-64/common/fs/file.s2.o'
/usr/bin/mkdir -p "$(dirname '/tmp/vos5-limine.j3qiNo/build/common-uefi-x86-64/common/fs/iso9660.s2.o')"
x86_64-elf-gcc -g -O2 -pipe -ffile-prefix-map=/tmp/vos5-limine.j3qiNo=/vos-limine -g -Wall -Wextra -Wshadow -Wvla -Wno-error -std=gnu11 -nostdinc -ffreestanding -ffunction-sections -fdata-sections -fstack-protector-strong -fno-stack-check -fno-omit-frame-pointer -fno-strict-aliasing -fno-lto -mstack-protector-guard=global -fPIE -fshort-wchar -m64 -march=x86-64 -mabi=sysv -mno-80387 -mno-mmx -mno-sse -mno-sse2 -mno-red-zone -I ../picoefi/inc -I . -I libc-compat -I ../limine-protocol/include -I ../flanterm/src -I ../libfdt/src -I '/tmp/vos5-limine.j3qiNo/build/common-uefi-x86-64/..' -isystem ../freestanding-c-hdrs/include  -DCOM_OUTPUT=false -DE9_OUTPUT=false -DFLANTERM_IN_FLANTERM -MMD -MP -DUEFI -c '../common/fs/iso9660.s2.c' -o '/tmp/vos5-limine.j3qiNo/build/common-uefi-x86-64/common/fs/iso9660.s2.o'
/usr/bin/mkdir -p "$(dirname '/tmp/vos5-limine.j3qiNo/build/common-uefi-ia32/common/drivers/disk.s2.o')"
x86_64-elf-gcc -g -O2 -pipe -ffile-prefix-map=/tmp/vos5-limine.j3qiNo=/vos-limine -g -Wall -Wextra -Wshadow -Wvla -Wno-error -std=gnu11 -nostdinc -ffreestanding -ffunction-sections -fdata-sections -fstack-protector-strong -fno-stack-check -fno-omit-frame-pointer -fno-strict-aliasing -fno-lto -mstack-protector-guard=global -fPIE -fshort-wchar -m32 -march=i686 -malign-double -mabi=sysv -mno-80387 -mno-mmx -I ../picoefi/inc -I . -I libc-compat -I ../limine-protocol/include -I ../flanterm/src -I ../libfdt/src -I '/tmp/vos5-limine.j3qiNo/build/common-uefi-ia32/..' -isystem ../freestanding-c-hdrs/include  -DCOM_OUTPUT=false -DE9_OUTPUT=false -DFLANTERM_IN_FLANTERM -MMD -MP -DUEFI -c '../common/drivers/disk.s2.c' -o '/tmp/vos5-limine.j3qiNo/build/common-uefi-ia32/common/drivers/disk.s2.o'
/usr/bin/mkdir -p "$(dirname '/tmp/vos5-limine.j3qiNo/build/common-uefi-ia32/common/drivers/edid.o')"
x86_64-elf-gcc -g -O2 -pipe -ffile-prefix-map=/tmp/vos5-limine.j3qiNo=/vos-limine -g -Wall -Wextra -Wshadow -Wvla -Wno-error -std=gnu11 -nostdinc -ffreestanding -ffunction-sections -fdata-sections -fstack-protector-strong -fno-stack-check -fno-omit-frame-pointer -fno-strict-aliasing -fno-lto -mstack-protector-guard=global -fPIE -fshort-wchar -m32 -march=i686 -malign-double -mabi=sysv -mno-80387 -mno-mmx -I ../picoefi/inc -I . -I libc-compat -I ../limine-protocol/include -I ../flanterm/src -I ../libfdt/src -I '/tmp/vos5-limine.j3qiNo/build/common-uefi-ia32/..' -isystem ../freestanding-c-hdrs/include  -DCOM_OUTPUT=false -DE9_OUTPUT=false -DFLANTERM_IN_FLANTERM -MMD -MP -DUEFI -c '../common/drivers/edid.c' -o '/tmp/vos5-limine.j3qiNo/build/common-uefi-ia32/common/drivers/edid.o'
/usr/bin/mkdir -p "$(dirname '/tmp/vos5-limine.j3qiNo/build/common-uefi-x86-64/common/lib/acpi.o')"
x86_64-elf-gcc -g -O2 -pipe -ffile-prefix-map=/tmp/vos5-limine.j3qiNo=/vos-limine -g -Wall -Wextra -Wshadow -Wvla -Wno-error -std=gnu11 -nostdinc -ffreestanding -ffunction-sections -fdata-sections -fstack-protector-strong -fno-stack-check -fno-omit-frame-pointer -fno-strict-aliasing -fno-lto -mstack-protector-guard=global -fPIE -fshort-wchar -m64 -march=x86-64 -mabi=sysv -mno-80387 -mno-mmx -mno-sse -mno-sse2 -mno-red-zone -I ../picoefi/inc -I . -I libc-compat -I ../limine-protocol/include -I ../flanterm/src -I ../libfdt/src -I '/tmp/vos5-limine.j3qiNo/build/common-uefi-x86-64/..' -isystem ../freestanding-c-hdrs/include  -DCOM_OUTPUT=false -DE9_OUTPUT=false -DFLANTERM_IN_FLANTERM -MMD -MP -DUEFI -c '../common/lib/acpi.c' -o '/tmp/vos5-limine.j3qiNo/build/common-uefi-x86-64/common/lib/acpi.o'
/usr/bin/mkdir -p "$(dirname '/tmp/vos5-limine.j3qiNo/build/common-uefi-ia32/common/drivers/gop.o')"
x86_64-elf-gcc -g -O2 -pipe -ffile-prefix-map=/tmp/vos5-limine.j3qiNo=/vos-limine -g -Wall -Wextra -Wshadow -Wvla -Wno-error -std=gnu11 -nostdinc -ffreestanding -ffunction-sections -fdata-sections -fstack-protector-strong -fno-stack-check -fno-omit-frame-pointer -fno-strict-aliasing -fno-lto -mstack-protector-guard=global -fPIE -fshort-wchar -m32 -march=i686 -malign-double -mabi=sysv -mno-80387 -mno-mmx -I ../picoefi/inc -I . -I libc-compat -I ../limine-protocol/include -I ../flanterm/src -I ../libfdt/src -I '/tmp/vos5-limine.j3qiNo/build/common-uefi-ia32/..' -isystem ../freestanding-c-hdrs/include  -DCOM_OUTPUT=false -DE9_OUTPUT=false -DFLANTERM_IN_FLANTERM -MMD -MP -DUEFI -c '../common/drivers/gop.c' -o '/tmp/vos5-limine.j3qiNo/build/common-uefi-ia32/common/drivers/gop.o'
/usr/bin/mkdir -p "$(dirname '/tmp/vos5-limine.j3qiNo/build/common-uefi-x86-64/common/lib/acpi.s2.o')"
x86_64-elf-gcc -g -O2 -pipe -ffile-prefix-map=/tmp/vos5-limine.j3qiNo=/vos-limine -g -Wall -Wextra -Wshadow -Wvla -Wno-error -std=gnu11 -nostdinc -ffreestanding -ffunction-sections -fdata-sections -fstack-protector-strong -fno-stack-check -fno-omit-frame-pointer -fno-strict-aliasing -fno-lto -mstack-protector-guard=global -fPIE -fshort-wchar -m64 -march=x86-64 -mabi=sysv -mno-80387 -mno-mmx -mno-sse -mno-sse2 -mno-red-zone -I ../picoefi/inc -I . -I libc-compat -I ../limine-protocol/include -I ../flanterm/src -I ../libfdt/src -I '/tmp/vos5-limine.j3qiNo/build/common-uefi-x86-64/..' -isystem ../freestanding-c-hdrs/include  -DCOM_OUTPUT=false -DE9_OUTPUT=false -DFLANTERM_IN_FLANTERM -MMD -MP -DUEFI -c '../common/lib/acpi.s2.c' -o '/tmp/vos5-limine.j3qiNo/build/common-uefi-x86-64/common/lib/acpi.s2.o'
/usr/bin/mkdir -p "$(dirname '/tmp/vos5-limine.j3qiNo/build/common-uefi-x86-64/common/lib/bgrt.o')"
x86_64-elf-gcc -g -O2 -pipe -ffile-prefix-map=/tmp/vos5-limine.j3qiNo=/vos-limine -g -Wall -Wextra -Wshadow -Wvla -Wno-error -std=gnu11 -nostdinc -ffreestanding -ffunction-sections -fdata-sections -fstack-protector-strong -fno-stack-check -fno-omit-frame-pointer -fno-strict-aliasing -fno-lto -mstack-protector-guard=global -fPIE -fshort-wchar -m64 -march=x86-64 -mabi=sysv -mno-80387 -mno-mmx -mno-sse -mno-sse2 -mno-red-zone -I ../picoefi/inc -I . -I libc-compat -I ../limine-protocol/include -I ../flanterm/src -I ../libfdt/src -I '/tmp/vos5-limine.j3qiNo/build/common-uefi-x86-64/..' -isystem ../freestanding-c-hdrs/include  -DCOM_OUTPUT=false -DE9_OUTPUT=false -DFLANTERM_IN_FLANTERM -MMD -MP -DUEFI -c '../common/lib/bgrt.c' -o '/tmp/vos5-limine.j3qiNo/build/common-uefi-x86-64/common/lib/bgrt.o'
/usr/bin/mkdir -p "$(dirname '/tmp/vos5-limine.j3qiNo/build/common-uefi-x86-64/common/lib/bli.o')"
x86_64-elf-gcc -g -O2 -pipe -ffile-prefix-map=/tmp/vos5-limine.j3qiNo=/vos-limine -g -Wall -Wextra -Wshadow -Wvla -Wno-error -std=gnu11 -nostdinc -ffreestanding -ffunction-sections -fdata-sections -fstack-protector-strong -fno-stack-check -fno-omit-frame-pointer -fno-strict-aliasing -fno-lto -mstack-protector-guard=global -fPIE -fshort-wchar -m64 -march=x86-64 -mabi=sysv -mno-80387 -mno-mmx -mno-sse -mno-sse2 -mno-red-zone -I ../picoefi/inc -I . -I libc-compat -I ../limine-protocol/include -I ../flanterm/src -I ../libfdt/src -I '/tmp/vos5-limine.j3qiNo/build/common-uefi-x86-64/..' -isystem ../freestanding-c-hdrs/include  -DCOM_OUTPUT=false -DE9_OUTPUT=false -DFLANTERM_IN_FLANTERM -MMD -MP -DUEFI -c '../common/lib/bli.c' -o '/tmp/vos5-limine.j3qiNo/build/common-uefi-x86-64/common/lib/bli.o'
/usr/bin/mkdir -p "$(dirname '/tmp/vos5-limine.j3qiNo/build/common-uefi-x86-64/common/lib/config.o')"
x86_64-elf-gcc -g -O2 -pipe -ffile-prefix-map=/tmp/vos5-limine.j3qiNo=/vos-limine -g -Wall -Wextra -Wshadow -Wvla -Wno-error -std=gnu11 -nostdinc -ffreestanding -ffunction-sections -fdata-sections -fstack-protector-strong -fno-stack-check -fno-omit-frame-pointer -fno-strict-aliasing -fno-lto -mstack-protector-guard=global -fPIE -fshort-wchar -m64 -march=x86-64 -mabi=sysv -mno-80387 -mno-mmx -mno-sse -mno-sse2 -mno-red-zone -I ../picoefi/inc -I . -I libc-compat -I ../limine-protocol/include -I ../flanterm/src -I ../libfdt/src -I '/tmp/vos5-limine.j3qiNo/build/common-uefi-x86-64/..' -isystem ../freestanding-c-hdrs/include  -DCOM_OUTPUT=false -DE9_OUTPUT=false -DFLANTERM_IN_FLANTERM -MMD -MP -DUEFI -c '../common/lib/config.c' -o '/tmp/vos5-limine.j3qiNo/build/common-uefi-x86-64/common/lib/config.o'
/usr/bin/mkdir -p "$(dirname '/tmp/vos5-limine.j3qiNo/build/common-uefi-ia32/common/drivers/mouse.o')"
x86_64-elf-gcc -g -O2 -pipe -ffile-prefix-map=/tmp/vos5-limine.j3qiNo=/vos-limine -g -Wall -Wextra -Wshadow -Wvla -Wno-error -std=gnu11 -nostdinc -ffreestanding -ffunction-sections -fdata-sections -fstack-protector-strong -fno-stack-check -fno-omit-frame-pointer -fno-strict-aliasing -fno-lto -mstack-protector-guard=global -fPIE -fshort-wchar -m32 -march=i686 -malign-double -mabi=sysv -mno-80387 -mno-mmx -I ../picoefi/inc -I . -I libc-compat -I ../limine-protocol/include -I ../flanterm/src -I ../libfdt/src -I '/tmp/vos5-limine.j3qiNo/build/common-uefi-ia32/..' -isystem ../freestanding-c-hdrs/include  -DCOM_OUTPUT=false -DE9_OUTPUT=false -DFLANTERM_IN_FLANTERM -MMD -MP -DUEFI -c '../common/drivers/mouse.c' -o '/tmp/vos5-limine.j3qiNo/build/common-uefi-ia32/common/drivers/mouse.o'
/usr/bin/mkdir -p "$(dirname '/tmp/vos5-limine.j3qiNo/build/common-uefi-ia32/common/drivers/serial.o')"
x86_64-elf-gcc -g -O2 -pipe -ffile-prefix-map=/tmp/vos5-limine.j3qiNo=/vos-limine -g -Wall -Wextra -Wshadow -Wvla -Wno-error -std=gnu11 -nostdinc -ffreestanding -ffunction-sections -fdata-sections -fstack-protector-strong -fno-stack-check -fno-omit-frame-pointer -fno-strict-aliasing -fno-lto -mstack-protector-guard=global -fPIE -fshort-wchar -m32 -march=i686 -malign-double -mabi=sysv -mno-80387 -mno-mmx -I ../picoefi/inc -I . -I libc-compat -I ../limine-protocol/include -I ../flanterm/src -I ../libfdt/src -I '/tmp/vos5-limine.j3qiNo/build/common-uefi-ia32/..' -isystem ../freestanding-c-hdrs/include  -DCOM_OUTPUT=false -DE9_OUTPUT=false -DFLANTERM_IN_FLANTERM -MMD -MP -DUEFI -c '../common/drivers/serial.c' -o '/tmp/vos5-limine.j3qiNo/build/common-uefi-ia32/common/drivers/serial.o'
/usr/bin/mkdir -p "$(dirname '/tmp/vos5-limine.j3qiNo/build/common-uefi-ia32/common/drivers/vbe.o')"
x86_64-elf-gcc -g -O2 -pipe -ffile-prefix-map=/tmp/vos5-limine.j3qiNo=/vos-limine -g -Wall -Wextra -Wshadow -Wvla -Wno-error -std=gnu11 -nostdinc -ffreestanding -ffunction-sections -fdata-sections -fstack-protector-strong -fno-stack-check -fno-omit-frame-pointer -fno-strict-aliasing -fno-lto -mstack-protector-guard=global -fPIE -fshort-wchar -m32 -march=i686 -malign-double -mabi=sysv -mno-80387 -mno-mmx -I ../picoefi/inc -I . -I libc-compat -I ../limine-protocol/include -I ../flanterm/src -I ../libfdt/src -I '/tmp/vos5-limine.j3qiNo/build/common-uefi-ia32/..' -isystem ../freestanding-c-hdrs/include  -DCOM_OUTPUT=false -DE9_OUTPUT=false -DFLANTERM_IN_FLANTERM -MMD -MP -DUEFI -c '../common/drivers/vbe.c' -o '/tmp/vos5-limine.j3qiNo/build/common-uefi-ia32/common/drivers/vbe.o'
/usr/bin/mkdir -p "$(dirname '/tmp/vos5-limine.j3qiNo/build/common-uefi-ia32/common/drivers/vga_textmode.o')"
x86_64-elf-gcc -g -O2 -pipe -ffile-prefix-map=/tmp/vos5-limine.j3qiNo=/vos-limine -g -Wall -Wextra -Wshadow -Wvla -Wno-error -std=gnu11 -nostdinc -ffreestanding -ffunction-sections -fdata-sections -fstack-protector-strong -fno-stack-check -fno-omit-frame-pointer -fno-strict-aliasing -fno-lto -mstack-protector-guard=global -fPIE -fshort-wchar -m32 -march=i686 -malign-double -mabi=sysv -mno-80387 -mno-mmx -I ../picoefi/inc -I . -I libc-compat -I ../limine-protocol/include -I ../flanterm/src -I ../libfdt/src -I '/tmp/vos5-limine.j3qiNo/build/common-uefi-ia32/..' -isystem ../freestanding-c-hdrs/include  -DCOM_OUTPUT=false -DE9_OUTPUT=false -DFLANTERM_IN_FLANTERM -MMD -MP -DUEFI -c '../common/drivers/vga_textmode.c' -o '/tmp/vos5-limine.j3qiNo/build/common-uefi-ia32/common/drivers/vga_textmode.o'
/usr/bin/mkdir -p "$(dirname '/tmp/vos5-limine.j3qiNo/build/common-uefi-ia32/common/entry.s2.o')"
x86_64-elf-gcc -g -O2 -pipe -ffile-prefix-map=/tmp/vos5-limine.j3qiNo=/vos-limine -g -Wall -Wextra -Wshadow -Wvla -Wno-error -std=gnu11 -nostdinc -ffreestanding -ffunction-sections -fdata-sections -fstack-protector-strong -fno-stack-check -fno-omit-frame-pointer -fno-strict-aliasing -fno-lto -mstack-protector-guard=global -fPIE -fshort-wchar -m32 -march=i686 -malign-double -mabi=sysv -mno-80387 -mno-mmx -I ../picoefi/inc -I . -I libc-compat -I ../limine-protocol/include -I ../flanterm/src -I ../libfdt/src -I '/tmp/vos5-limine.j3qiNo/build/common-uefi-ia32/..' -isystem ../freestanding-c-hdrs/include  -DCOM_OUTPUT=false -DE9_OUTPUT=false -DFLANTERM_IN_FLANTERM -MMD -MP -DUEFI -c '../common/entry.s2.c' -o '/tmp/vos5-limine.j3qiNo/build/common-uefi-ia32/common/entry.s2.o'
/usr/bin/mkdir -p "$(dirname '/tmp/vos5-limine.j3qiNo/build/common-uefi-x86-64/common/lib/elf.o')"
x86_64-elf-gcc -g -O2 -pipe -ffile-prefix-map=/tmp/vos5-limine.j3qiNo=/vos-limine -g -Wall -Wextra -Wshadow -Wvla -Wno-error -std=gnu11 -nostdinc -ffreestanding -ffunction-sections -fdata-sections -fstack-protector-strong -fno-stack-check -fno-omit-frame-pointer -fno-strict-aliasing -fno-lto -mstack-protector-guard=global -fPIE -fshort-wchar -m64 -march=x86-64 -mabi=sysv -mno-80387 -mno-mmx -mno-sse -mno-sse2 -mno-red-zone -I ../picoefi/inc -I . -I libc-compat -I ../limine-protocol/include -I ../flanterm/src -I ../libfdt/src -I '/tmp/vos5-limine.j3qiNo/build/common-uefi-x86-64/..' -isystem ../freestanding-c-hdrs/include  -DCOM_OUTPUT=false -DE9_OUTPUT=false -DFLANTERM_IN_FLANTERM -MMD -MP -DUEFI -c '../common/lib/elf.c' -o '/tmp/vos5-limine.j3qiNo/build/common-uefi-x86-64/common/lib/elf.o'
/usr/bin/mkdir -p "$(dirname '/tmp/vos5-limine.j3qiNo/build/common-uefi-ia32/common/entry.s3.o')"
x86_64-elf-gcc -g -O2 -pipe -ffile-prefix-map=/tmp/vos5-limine.j3qiNo=/vos-limine -g -Wall -Wextra -Wshadow -Wvla -Wno-error -std=gnu11 -nostdinc -ffreestanding -ffunction-sections -fdata-sections -fstack-protector-strong -fno-stack-check -fno-omit-frame-pointer -fno-strict-aliasing -fno-lto -mstack-protector-guard=global -fPIE -fshort-wchar -m32 -march=i686 -malign-double -mabi=sysv -mno-80387 -mno-mmx -I ../picoefi/inc -I . -I libc-compat -I ../limine-protocol/include -I ../flanterm/src -I ../libfdt/src -I '/tmp/vos5-limine.j3qiNo/build/common-uefi-ia32/..' -isystem ../freestanding-c-hdrs/include  -DCOM_OUTPUT=false -DE9_OUTPUT=false -DFLANTERM_IN_FLANTERM -MMD -MP -DUEFI -c '../common/entry.s3.c' -o '/tmp/vos5-limine.j3qiNo/build/common-uefi-ia32/common/entry.s3.o'
/usr/bin/mkdir -p "$(dirname '/tmp/vos5-limine.j3qiNo/build/common-uefi-ia32/common/fs/fat32.s2.o')"
x86_64-elf-gcc -g -O2 -pipe -ffile-prefix-map=/tmp/vos5-limine.j3qiNo=/vos-limine -g -Wall -Wextra -Wshadow -Wvla -Wno-error -std=gnu11 -nostdinc -ffreestanding -ffunction-sections -fdata-sections -fstack-protector-strong -fno-stack-check -fno-omit-frame-pointer -fno-strict-aliasing -fno-lto -mstack-protector-guard=global -fPIE -fshort-wchar -m32 -march=i686 -malign-double -mabi=sysv -mno-80387 -mno-mmx -I ../picoefi/inc -I . -I libc-compat -I ../limine-protocol/include -I ../flanterm/src -I ../libfdt/src -I '/tmp/vos5-limine.j3qiNo/build/common-uefi-ia32/..' -isystem ../freestanding-c-hdrs/include  -DCOM_OUTPUT=false -DE9_OUTPUT=false -DFLANTERM_IN_FLANTERM -MMD -MP -DUEFI -c '../common/fs/fat32.s2.c' -o '/tmp/vos5-limine.j3qiNo/build/common-uefi-ia32/common/fs/fat32.s2.o'
/usr/bin/mkdir -p "$(dirname '/tmp/vos5-limine.j3qiNo/build/common-uefi-x86-64/common/lib/elsewhere.o')"
/usr/bin/mkdir -p "$(dirname '/tmp/vos5-limine.j3qiNo/build/common-uefi-ia32/common/fs/file.s2.o')"
x86_64-elf-gcc -g -O2 -pipe -ffile-prefix-map=/tmp/vos5-limine.j3qiNo=/vos-limine -g -Wall -Wextra -Wshadow -Wvla -Wno-error -std=gnu11 -nostdinc -ffreestanding -ffunction-sections -fdata-sections -fstack-protector-strong -fno-stack-check -fno-omit-frame-pointer -fno-strict-aliasing -fno-lto -mstack-protector-guard=global -fPIE -fshort-wchar -m64 -march=x86-64 -mabi=sysv -mno-80387 -mno-mmx -mno-sse -mno-sse2 -mno-red-zone -I ../picoefi/inc -I . -I libc-compat -I ../limine-protocol/include -I ../flanterm/src -I ../libfdt/src -I '/tmp/vos5-limine.j3qiNo/build/common-uefi-x86-64/..' -isystem ../freestanding-c-hdrs/include  -DCOM_OUTPUT=false -DE9_OUTPUT=false -DFLANTERM_IN_FLANTERM -MMD -MP -DUEFI -c '../common/lib/elsewhere.c' -o '/tmp/vos5-limine.j3qiNo/build/common-uefi-x86-64/common/lib/elsewhere.o'
x86_64-elf-gcc -g -O2 -pipe -ffile-prefix-map=/tmp/vos5-limine.j3qiNo=/vos-limine -g -Wall -Wextra -Wshadow -Wvla -Wno-error -std=gnu11 -nostdinc -ffreestanding -ffunction-sections -fdata-sections -fstack-protector-strong -fno-stack-check -fno-omit-frame-pointer -fno-strict-aliasing -fno-lto -mstack-protector-guard=global -fPIE -fshort-wchar -m32 -march=i686 -malign-double -mabi=sysv -mno-80387 -mno-mmx -I ../picoefi/inc -I . -I libc-compat -I ../limine-protocol/include -I ../flanterm/src -I ../libfdt/src -I '/tmp/vos5-limine.j3qiNo/build/common-uefi-ia32/..' -isystem ../freestanding-c-hdrs/include  -DCOM_OUTPUT=false -DE9_OUTPUT=false -DFLANTERM_IN_FLANTERM -MMD -MP -DUEFI -c '../common/fs/file.s2.c' -o '/tmp/vos5-limine.j3qiNo/build/common-uefi-ia32/common/fs/file.s2.o'
/usr/bin/mkdir -p "$(dirname '/tmp/vos5-limine.j3qiNo/build/common-uefi-ia32/common/fs/iso9660.s2.o')"
x86_64-elf-gcc -g -O2 -pipe -ffile-prefix-map=/tmp/vos5-limine.j3qiNo=/vos-limine -g -Wall -Wextra -Wshadow -Wvla -Wno-error -std=gnu11 -nostdinc -ffreestanding -ffunction-sections -fdata-sections -fstack-protector-strong -fno-stack-check -fno-omit-frame-pointer -fno-strict-aliasing -fno-lto -mstack-protector-guard=global -fPIE -fshort-wchar -m32 -march=i686 -malign-double -mabi=sysv -mno-80387 -mno-mmx -I ../picoefi/inc -I . -I libc-compat -I ../limine-protocol/include -I ../flanterm/src -I ../libfdt/src -I '/tmp/vos5-limine.j3qiNo/build/common-uefi-ia32/..' -isystem ../freestanding-c-hdrs/include  -DCOM_OUTPUT=false -DE9_OUTPUT=false -DFLANTERM_IN_FLANTERM -MMD -MP -DUEFI -c '../common/fs/iso9660.s2.c' -o '/tmp/vos5-limine.j3qiNo/build/common-uefi-ia32/common/fs/iso9660.s2.o'
/usr/bin/mkdir -p "$(dirname '/tmp/vos5-limine.j3qiNo/build/common-uefi-x86-64/common/lib/fb.o')"
x86_64-elf-gcc -g -O2 -pipe -ffile-prefix-map=/tmp/vos5-limine.j3qiNo=/vos-limine -g -Wall -Wextra -Wshadow -Wvla -Wno-error -std=gnu11 -nostdinc -ffreestanding -ffunction-sections -fdata-sections -fstack-protector-strong -fno-stack-check -fno-omit-frame-pointer -fno-strict-aliasing -fno-lto -mstack-protector-guard=global -fPIE -fshort-wchar -m64 -march=x86-64 -mabi=sysv -mno-80387 -mno-mmx -mno-sse -mno-sse2 -mno-red-zone -I ../picoefi/inc -I . -I libc-compat -I ../limine-protocol/include -I ../flanterm/src -I ../libfdt/src -I '/tmp/vos5-limine.j3qiNo/build/common-uefi-x86-64/..' -isystem ../freestanding-c-hdrs/include  -DCOM_OUTPUT=false -DE9_OUTPUT=false -DFLANTERM_IN_FLANTERM -MMD -MP -DUEFI -c '../common/lib/fb.c' -o '/tmp/vos5-limine.j3qiNo/build/common-uefi-x86-64/common/lib/fb.o'
/usr/bin/mkdir -p "$(dirname '/tmp/vos5-limine.j3qiNo/build/common-uefi-x86-64/common/lib/fdt.o')"
x86_64-elf-gcc -g -O2 -pipe -ffile-prefix-map=/tmp/vos5-limine.j3qiNo=/vos-limine -g -Wall -Wextra -Wshadow -Wvla -Wno-error -std=gnu11 -nostdinc -ffreestanding -ffunction-sections -fdata-sections -fstack-protector-strong -fno-stack-check -fno-omit-frame-pointer -fno-strict-aliasing -fno-lto -mstack-protector-guard=global -fPIE -fshort-wchar -m64 -march=x86-64 -mabi=sysv -mno-80387 -mno-mmx -mno-sse -mno-sse2 -mno-red-zone -I ../picoefi/inc -I . -I libc-compat -I ../limine-protocol/include -I ../flanterm/src -I ../libfdt/src -I '/tmp/vos5-limine.j3qiNo/build/common-uefi-x86-64/..' -isystem ../freestanding-c-hdrs/include  -DCOM_OUTPUT=false -DE9_OUTPUT=false -DFLANTERM_IN_FLANTERM -MMD -MP -DUEFI -c '../common/lib/fdt.c' -o '/tmp/vos5-limine.j3qiNo/build/common-uefi-x86-64/common/lib/fdt.o'
/usr/bin/mkdir -p "$(dirname '/tmp/vos5-limine.j3qiNo/build/common-uefi-x86-64/common/lib/getchar.o')"
x86_64-elf-gcc -g -O2 -pipe -ffile-prefix-map=/tmp/vos5-limine.j3qiNo=/vos-limine -g -Wall -Wextra -Wshadow -Wvla -Wno-error -std=gnu11 -nostdinc -ffreestanding -ffunction-sections -fdata-sections -fstack-protector-strong -fno-stack-check -fno-omit-frame-pointer -fno-strict-aliasing -fno-lto -mstack-protector-guard=global -fPIE -fshort-wchar -m64 -march=x86-64 -mabi=sysv -mno-80387 -mno-mmx -mno-sse -mno-sse2 -mno-red-zone -I ../picoefi/inc -I . -I libc-compat -I ../limine-protocol/include -I ../flanterm/src -I ../libfdt/src -I '/tmp/vos5-limine.j3qiNo/build/common-uefi-x86-64/..' -isystem ../freestanding-c-hdrs/include  -DCOM_OUTPUT=false -DE9_OUTPUT=false -DFLANTERM_IN_FLANTERM -MMD -MP -DUEFI -c '../common/lib/getchar.c' -o '/tmp/vos5-limine.j3qiNo/build/common-uefi-x86-64/common/lib/getchar.o'
/usr/bin/mkdir -p "$(dirname '/tmp/vos5-limine.j3qiNo/build/common-uefi-ia32/common/lib/acpi.o')"
x86_64-elf-gcc -g -O2 -pipe -ffile-prefix-map=/tmp/vos5-limine.j3qiNo=/vos-limine -g -Wall -Wextra -Wshadow -Wvla -Wno-error -std=gnu11 -nostdinc -ffreestanding -ffunction-sections -fdata-sections -fstack-protector-strong -fno-stack-check -fno-omit-frame-pointer -fno-strict-aliasing -fno-lto -mstack-protector-guard=global -fPIE -fshort-wchar -m32 -march=i686 -malign-double -mabi=sysv -mno-80387 -mno-mmx -I ../picoefi/inc -I . -I libc-compat -I ../limine-protocol/include -I ../flanterm/src -I ../libfdt/src -I '/tmp/vos5-limine.j3qiNo/build/common-uefi-ia32/..' -isystem ../freestanding-c-hdrs/include  -DCOM_OUTPUT=false -DE9_OUTPUT=false -DFLANTERM_IN_FLANTERM -MMD -MP -DUEFI -c '../common/lib/acpi.c' -o '/tmp/vos5-limine.j3qiNo/build/common-uefi-ia32/common/lib/acpi.o'
/usr/bin/mkdir -p "$(dirname '/tmp/vos5-limine.j3qiNo/build/common-uefi-x86-64/common/lib/gterm.o')"
x86_64-elf-gcc -g -O2 -pipe -ffile-prefix-map=/tmp/vos5-limine.j3qiNo=/vos-limine -g -Wall -Wextra -Wshadow -Wvla -Wno-error -std=gnu11 -nostdinc -ffreestanding -ffunction-sections -fdata-sections -fstack-protector-strong -fno-stack-check -fno-omit-frame-pointer -fno-strict-aliasing -fno-lto -mstack-protector-guard=global -fPIE -fshort-wchar -m64 -march=x86-64 -mabi=sysv -mno-80387 -mno-mmx -mno-sse -mno-sse2 -mno-red-zone -I ../picoefi/inc -I . -I libc-compat -I ../limine-protocol/include -I ../flanterm/src -I ../libfdt/src -I '/tmp/vos5-limine.j3qiNo/build/common-uefi-x86-64/..' -isystem ../freestanding-c-hdrs/include  -DCOM_OUTPUT=false -DE9_OUTPUT=false -DFLANTERM_IN_FLANTERM -MMD -MP -DUEFI -c '../common/lib/gterm.c' -o '/tmp/vos5-limine.j3qiNo/build/common-uefi-x86-64/common/lib/gterm.o'
/usr/bin/mkdir -p "$(dirname '/tmp/vos5-limine.j3qiNo/build/common-uefi-ia32/common/lib/acpi.s2.o')"
x86_64-elf-gcc -g -O2 -pipe -ffile-prefix-map=/tmp/vos5-limine.j3qiNo=/vos-limine -g -Wall -Wextra -Wshadow -Wvla -Wno-error -std=gnu11 -nostdinc -ffreestanding -ffunction-sections -fdata-sections -fstack-protector-strong -fno-stack-check -fno-omit-frame-pointer -fno-strict-aliasing -fno-lto -mstack-protector-guard=global -fPIE -fshort-wchar -m32 -march=i686 -malign-double -mabi=sysv -mno-80387 -mno-mmx -I ../picoefi/inc -I . -I libc-compat -I ../limine-protocol/include -I ../flanterm/src -I ../libfdt/src -I '/tmp/vos5-limine.j3qiNo/build/common-uefi-ia32/..' -isystem ../freestanding-c-hdrs/include  -DCOM_OUTPUT=false -DE9_OUTPUT=false -DFLANTERM_IN_FLANTERM -MMD -MP -DUEFI -c '../common/lib/acpi.s2.c' -o '/tmp/vos5-limine.j3qiNo/build/common-uefi-ia32/common/lib/acpi.s2.o'
/usr/bin/mkdir -p "$(dirname '/tmp/vos5-limine.j3qiNo/build/common-uefi-x86-64/common/lib/guid.o')"
x86_64-elf-gcc -g -O2 -pipe -ffile-prefix-map=/tmp/vos5-limine.j3qiNo=/vos-limine -g -Wall -Wextra -Wshadow -Wvla -Wno-error -std=gnu11 -nostdinc -ffreestanding -ffunction-sections -fdata-sections -fstack-protector-strong -fno-stack-check -fno-omit-frame-pointer -fno-strict-aliasing -fno-lto -mstack-protector-guard=global -fPIE -fshort-wchar -m64 -march=x86-64 -mabi=sysv -mno-80387 -mno-mmx -mno-sse -mno-sse2 -mno-red-zone -I ../picoefi/inc -I . -I libc-compat -I ../limine-protocol/include -I ../flanterm/src -I ../libfdt/src -I '/tmp/vos5-limine.j3qiNo/build/common-uefi-x86-64/..' -isystem ../freestanding-c-hdrs/include  -DCOM_OUTPUT=false -DE9_OUTPUT=false -DFLANTERM_IN_FLANTERM -MMD -MP -DUEFI -c '../common/lib/guid.c' -o '/tmp/vos5-limine.j3qiNo/build/common-uefi-x86-64/common/lib/guid.o'
/usr/bin/mkdir -p "$(dirname '/tmp/vos5-limine.j3qiNo/build/common-uefi-ia32/common/lib/bgrt.o')"
/usr/bin/mkdir -p "$(dirname '/tmp/vos5-limine.j3qiNo/build/common-uefi-x86-64/common/lib/image.o')"
x86_64-elf-gcc -g -O2 -pipe -ffile-prefix-map=/tmp/vos5-limine.j3qiNo=/vos-limine -g -Wall -Wextra -Wshadow -Wvla -Wno-error -std=gnu11 -nostdinc -ffreestanding -ffunction-sections -fdata-sections -fstack-protector-strong -fno-stack-check -fno-omit-frame-pointer -fno-strict-aliasing -fno-lto -mstack-protector-guard=global -fPIE -fshort-wchar -m32 -march=i686 -malign-double -mabi=sysv -mno-80387 -mno-mmx -I ../picoefi/inc -I . -I libc-compat -I ../limine-protocol/include -I ../flanterm/src -I ../libfdt/src -I '/tmp/vos5-limine.j3qiNo/build/common-uefi-ia32/..' -isystem ../freestanding-c-hdrs/include  -DCOM_OUTPUT=false -DE9_OUTPUT=false -DFLANTERM_IN_FLANTERM -MMD -MP -DUEFI -c '../common/lib/bgrt.c' -o '/tmp/vos5-limine.j3qiNo/build/common-uefi-ia32/common/lib/bgrt.o'
x86_64-elf-gcc -g -O2 -pipe -ffile-prefix-map=/tmp/vos5-limine.j3qiNo=/vos-limine -g -Wall -Wextra -Wshadow -Wvla -Wno-error -std=gnu11 -nostdinc -ffreestanding -ffunction-sections -fdata-sections -fstack-protector-strong -fno-stack-check -fno-omit-frame-pointer -fno-strict-aliasing -fno-lto -mstack-protector-guard=global -fPIE -fshort-wchar -m64 -march=x86-64 -mabi=sysv -mno-80387 -mno-mmx -mno-sse -mno-sse2 -mno-red-zone -I ../picoefi/inc -I . -I libc-compat -I ../limine-protocol/include -I ../flanterm/src -I ../libfdt/src -I '/tmp/vos5-limine.j3qiNo/build/common-uefi-x86-64/..' -isystem ../freestanding-c-hdrs/include  -DCOM_OUTPUT=false -DE9_OUTPUT=false -DFLANTERM_IN_FLANTERM -MMD -MP -DUEFI -c '../common/lib/image.c' -o '/tmp/vos5-limine.j3qiNo/build/common-uefi-x86-64/common/lib/image.o'
/usr/bin/mkdir -p "$(dirname '/tmp/vos5-limine.j3qiNo/build/common-uefi-ia32/common/lib/bli.o')"
x86_64-elf-gcc -g -O2 -pipe -ffile-prefix-map=/tmp/vos5-limine.j3qiNo=/vos-limine -g -Wall -Wextra -Wshadow -Wvla -Wno-error -std=gnu11 -nostdinc -ffreestanding -ffunction-sections -fdata-sections -fstack-protector-strong -fno-stack-check -fno-omit-frame-pointer -fno-strict-aliasing -fno-lto -mstack-protector-guard=global -fPIE -fshort-wchar -m32 -march=i686 -malign-double -mabi=sysv -mno-80387 -mno-mmx -I ../picoefi/inc -I . -I libc-compat -I ../limine-protocol/include -I ../flanterm/src -I ../libfdt/src -I '/tmp/vos5-limine.j3qiNo/build/common-uefi-ia32/..' -isystem ../freestanding-c-hdrs/include  -DCOM_OUTPUT=false -DE9_OUTPUT=false -DFLANTERM_IN_FLANTERM -MMD -MP -DUEFI -c '../common/lib/bli.c' -o '/tmp/vos5-limine.j3qiNo/build/common-uefi-ia32/common/lib/bli.o'
/usr/bin/mkdir -p "$(dirname '/tmp/vos5-limine.j3qiNo/build/common-uefi-x86-64/common/lib/libc.o')"
x86_64-elf-gcc -g -O2 -pipe -ffile-prefix-map=/tmp/vos5-limine.j3qiNo=/vos-limine -g -Wall -Wextra -Wshadow -Wvla -Wno-error -std=gnu11 -nostdinc -ffreestanding -ffunction-sections -fdata-sections -fstack-protector-strong -fno-stack-check -fno-omit-frame-pointer -fno-strict-aliasing -fno-lto -mstack-protector-guard=global -fPIE -fshort-wchar -m64 -march=x86-64 -mabi=sysv -mno-80387 -mno-mmx -mno-sse -mno-sse2 -mno-red-zone -I ../picoefi/inc -I . -I libc-compat -I ../limine-protocol/include -I ../flanterm/src -I ../libfdt/src -I '/tmp/vos5-limine.j3qiNo/build/common-uefi-x86-64/..' -isystem ../freestanding-c-hdrs/include  -DCOM_OUTPUT=false -DE9_OUTPUT=false -DFLANTERM_IN_FLANTERM -MMD -MP -DUEFI -c '../common/lib/libc.c' -o '/tmp/vos5-limine.j3qiNo/build/common-uefi-x86-64/common/lib/libc.o'
/usr/bin/mkdir -p "$(dirname '/tmp/vos5-limine.j3qiNo/build/common-uefi-x86-64/common/lib/libc.s2.o')"
x86_64-elf-gcc -g -O2 -pipe -ffile-prefix-map=/tmp/vos5-limine.j3qiNo=/vos-limine -g -Wall -Wextra -Wshadow -Wvla -Wno-error -std=gnu11 -nostdinc -ffreestanding -ffunction-sections -fdata-sections -fstack-protector-strong -fno-stack-check -fno-omit-frame-pointer -fno-strict-aliasing -fno-lto -mstack-protector-guard=global -fPIE -fshort-wchar -m64 -march=x86-64 -mabi=sysv -mno-80387 -mno-mmx -mno-sse -mno-sse2 -mno-red-zone -I ../picoefi/inc -I . -I libc-compat -I ../limine-protocol/include -I ../flanterm/src -I ../libfdt/src -I '/tmp/vos5-limine.j3qiNo/build/common-uefi-x86-64/..' -isystem ../freestanding-c-hdrs/include  -DCOM_OUTPUT=false -DE9_OUTPUT=false -DFLANTERM_IN_FLANTERM -MMD -MP -DUEFI -c '../common/lib/libc.s2.c' -o '/tmp/vos5-limine.j3qiNo/build/common-uefi-x86-64/common/lib/libc.s2.o'
/usr/bin/mkdir -p "$(dirname '/tmp/vos5-limine.j3qiNo/build/common-uefi-x86-64/common/lib/memory.s2.o')"
x86_64-elf-gcc -g -O2 -pipe -ffile-prefix-map=/tmp/vos5-limine.j3qiNo=/vos-limine -g -Wall -Wextra -Wshadow -Wvla -Wno-error -std=gnu11 -nostdinc -ffreestanding -ffunction-sections -fdata-sections -fstack-protector-strong -fno-stack-check -fno-omit-frame-pointer -fno-strict-aliasing -fno-lto -mstack-protector-guard=global -fPIE -fshort-wchar -m64 -march=x86-64 -mabi=sysv -mno-80387 -mno-mmx -mno-sse -mno-sse2 -mno-red-zone -I ../picoefi/inc -I . -I libc-compat -I ../limine-protocol/include -I ../flanterm/src -I ../libfdt/src -I '/tmp/vos5-limine.j3qiNo/build/common-uefi-x86-64/..' -isystem ../freestanding-c-hdrs/include  -DCOM_OUTPUT=false -DE9_OUTPUT=false -DFLANTERM_IN_FLANTERM -MMD -MP -DUEFI -c '../common/lib/memory.s2.c' -o '/tmp/vos5-limine.j3qiNo/build/common-uefi-x86-64/common/lib/memory.s2.o'
/usr/bin/mkdir -p "$(dirname '/tmp/vos5-limine.j3qiNo/build/common-uefi-x86-64/common/lib/misc.o')"
x86_64-elf-gcc -g -O2 -pipe -ffile-prefix-map=/tmp/vos5-limine.j3qiNo=/vos-limine -g -Wall -Wextra -Wshadow -Wvla -Wno-error -std=gnu11 -nostdinc -ffreestanding -ffunction-sections -fdata-sections -fstack-protector-strong -fno-stack-check -fno-omit-frame-pointer -fno-strict-aliasing -fno-lto -mstack-protector-guard=global -fPIE -fshort-wchar -m64 -march=x86-64 -mabi=sysv -mno-80387 -mno-mmx -mno-sse -mno-sse2 -mno-red-zone -I ../picoefi/inc -I . -I libc-compat -I ../limine-protocol/include -I ../flanterm/src -I ../libfdt/src -I '/tmp/vos5-limine.j3qiNo/build/common-uefi-x86-64/..' -isystem ../freestanding-c-hdrs/include  -DCOM_OUTPUT=false -DE9_OUTPUT=false -DFLANTERM_IN_FLANTERM -MMD -MP -DUEFI -c '../common/lib/misc.c' -o '/tmp/vos5-limine.j3qiNo/build/common-uefi-x86-64/common/lib/misc.o'
/usr/bin/mkdir -p "$(dirname '/tmp/vos5-limine.j3qiNo/build/common-uefi-x86-64/common/lib/misc.s2.o')"
x86_64-elf-gcc -g -O2 -pipe -ffile-prefix-map=/tmp/vos5-limine.j3qiNo=/vos-limine -g -Wall -Wextra -Wshadow -Wvla -Wno-error -std=gnu11 -nostdinc -ffreestanding -ffunction-sections -fdata-sections -fstack-protector-strong -fno-stack-check -fno-omit-frame-pointer -fno-strict-aliasing -fno-lto -mstack-protector-guard=global -fPIE -fshort-wchar -m64 -march=x86-64 -mabi=sysv -mno-80387 -mno-mmx -mno-sse -mno-sse2 -mno-red-zone -I ../picoefi/inc -I . -I libc-compat -I ../limine-protocol/include -I ../flanterm/src -I ../libfdt/src -I '/tmp/vos5-limine.j3qiNo/build/common-uefi-x86-64/..' -isystem ../freestanding-c-hdrs/include  -DCOM_OUTPUT=false -DE9_OUTPUT=false -DFLANTERM_IN_FLANTERM -MMD -MP -DUEFI -c '../common/lib/misc.s2.c' -o '/tmp/vos5-limine.j3qiNo/build/common-uefi-x86-64/common/lib/misc.s2.o'
/usr/bin/mkdir -p "$(dirname '/tmp/vos5-limine.j3qiNo/build/common-uefi-ia32/common/lib/config.o')"
x86_64-elf-gcc -g -O2 -pipe -ffile-prefix-map=/tmp/vos5-limine.j3qiNo=/vos-limine -g -Wall -Wextra -Wshadow -Wvla -Wno-error -std=gnu11 -nostdinc -ffreestanding -ffunction-sections -fdata-sections -fstack-protector-strong -fno-stack-check -fno-omit-frame-pointer -fno-strict-aliasing -fno-lto -mstack-protector-guard=global -fPIE -fshort-wchar -m32 -march=i686 -malign-double -mabi=sysv -mno-80387 -mno-mmx -I ../picoefi/inc -I . -I libc-compat -I ../limine-protocol/include -I ../flanterm/src -I ../libfdt/src -I '/tmp/vos5-limine.j3qiNo/build/common-uefi-ia32/..' -isystem ../freestanding-c-hdrs/include  -DCOM_OUTPUT=false -DE9_OUTPUT=false -DFLANTERM_IN_FLANTERM -MMD -MP -DUEFI -c '../common/lib/config.c' -o '/tmp/vos5-limine.j3qiNo/build/common-uefi-ia32/common/lib/config.o'
/usr/bin/mkdir -p "$(dirname '/tmp/vos5-limine.j3qiNo/build/common-uefi-x86-64/common/lib/panic.s2.o')"
x86_64-elf-gcc -g -O2 -pipe -ffile-prefix-map=/tmp/vos5-limine.j3qiNo=/vos-limine -g -Wall -Wextra -Wshadow -Wvla -Wno-error -std=gnu11 -nostdinc -ffreestanding -ffunction-sections -fdata-sections -fstack-protector-strong -fno-stack-check -fno-omit-frame-pointer -fno-strict-aliasing -fno-lto -mstack-protector-guard=global -fPIE -fshort-wchar -m64 -march=x86-64 -mabi=sysv -mno-80387 -mno-mmx -mno-sse -mno-sse2 -mno-red-zone -I ../picoefi/inc -I . -I libc-compat -I ../limine-protocol/include -I ../flanterm/src -I ../libfdt/src -I '/tmp/vos5-limine.j3qiNo/build/common-uefi-x86-64/..' -isystem ../freestanding-c-hdrs/include  -DCOM_OUTPUT=false -DE9_OUTPUT=false -DFLANTERM_IN_FLANTERM -MMD -MP -DUEFI -c '../common/lib/panic.s2.c' -o '/tmp/vos5-limine.j3qiNo/build/common-uefi-x86-64/common/lib/panic.s2.o'
/usr/bin/mkdir -p "$(dirname '/tmp/vos5-limine.j3qiNo/build/common-uefi-x86-64/common/lib/part.s2.o')"
x86_64-elf-gcc -g -O2 -pipe -ffile-prefix-map=/tmp/vos5-limine.j3qiNo=/vos-limine -g -Wall -Wextra -Wshadow -Wvla -Wno-error -std=gnu11 -nostdinc -ffreestanding -ffunction-sections -fdata-sections -fstack-protector-strong -fno-stack-check -fno-omit-frame-pointer -fno-strict-aliasing -fno-lto -mstack-protector-guard=global -fPIE -fshort-wchar -m64 -march=x86-64 -mabi=sysv -mno-80387 -mno-mmx -mno-sse -mno-sse2 -mno-red-zone -I ../picoefi/inc -I . -I libc-compat -I ../limine-protocol/include -I ../flanterm/src -I ../libfdt/src -I '/tmp/vos5-limine.j3qiNo/build/common-uefi-x86-64/..' -isystem ../freestanding-c-hdrs/include  -DCOM_OUTPUT=false -DE9_OUTPUT=false -DFLANTERM_IN_FLANTERM -MMD -MP -DUEFI -c '../common/lib/part.s2.c' -o '/tmp/vos5-limine.j3qiNo/build/common-uefi-x86-64/common/lib/part.s2.o'
/usr/bin/mkdir -p "$(dirname '/tmp/vos5-limine.j3qiNo/build/common-uefi-x86-64/common/lib/pe.o')"
x86_64-elf-gcc -g -O2 -pipe -ffile-prefix-map=/tmp/vos5-limine.j3qiNo=/vos-limine -g -Wall -Wextra -Wshadow -Wvla -Wno-error -std=gnu11 -nostdinc -ffreestanding -ffunction-sections -fdata-sections -fstack-protector-strong -fno-stack-check -fno-omit-frame-pointer -fno-strict-aliasing -fno-lto -mstack-protector-guard=global -fPIE -fshort-wchar -m64 -march=x86-64 -mabi=sysv -mno-80387 -mno-mmx -mno-sse -mno-sse2 -mno-red-zone -I ../picoefi/inc -I . -I libc-compat -I ../limine-protocol/include -I ../flanterm/src -I ../libfdt/src -I '/tmp/vos5-limine.j3qiNo/build/common-uefi-x86-64/..' -isystem ../freestanding-c-hdrs/include  -DCOM_OUTPUT=false -DE9_OUTPUT=false -DFLANTERM_IN_FLANTERM -MMD -MP -DUEFI -c '../common/lib/pe.c' -o '/tmp/vos5-limine.j3qiNo/build/common-uefi-x86-64/common/lib/pe.o'
/usr/bin/mkdir -p "$(dirname '/tmp/vos5-limine.j3qiNo/build/common-uefi-x86-64/common/lib/print.s2.o')"
x86_64-elf-gcc -g -O2 -pipe -ffile-prefix-map=/tmp/vos5-limine.j3qiNo=/vos-limine -g -Wall -Wextra -Wshadow -Wvla -Wno-error -std=gnu11 -nostdinc -ffreestanding -ffunction-sections -fdata-sections -fstack-protector-strong -fno-stack-check -fno-omit-frame-pointer -fno-strict-aliasing -fno-lto -mstack-protector-guard=global -fPIE -fshort-wchar -m64 -march=x86-64 -mabi=sysv -mno-80387 -mno-mmx -mno-sse -mno-sse2 -mno-red-zone -I ../picoefi/inc -I . -I libc-compat -I ../limine-protocol/include -I ../flanterm/src -I ../libfdt/src -I '/tmp/vos5-limine.j3qiNo/build/common-uefi-x86-64/..' -isystem ../freestanding-c-hdrs/include  -DCOM_OUTPUT=false -DE9_OUTPUT=false -DFLANTERM_IN_FLANTERM -MMD -MP -DUEFI -c '../common/lib/print.s2.c' -o '/tmp/vos5-limine.j3qiNo/build/common-uefi-x86-64/common/lib/print.s2.o'
make -C '/tmp/vos5-limine.j3qiNo/source/common' -f common.mk \
	TARGET=bios \
	BUILDDIR='/tmp/vos5-limine.j3qiNo/build/common-bios' \
	LIMLZPACK='/tmp/vos5-limine.j3qiNo/build/tools-build/limlzpack'
make[3]: Entering directory '/tmp/vos5-limine.j3qiNo/source/common'
/usr/bin/mkdir -p "$(dirname '/tmp/vos5-limine.j3qiNo/build/common-uefi-ia32/common/lib/elf.o')"
x86_64-elf-gcc -g -O2 -pipe -ffile-prefix-map=/tmp/vos5-limine.j3qiNo=/vos-limine -g -Wall -Wextra -Wshadow -Wvla -Wno-error -std=gnu11 -nostdinc -ffreestanding -ffunction-sections -fdata-sections -fstack-protector-strong -fno-stack-check -fno-omit-frame-pointer -fno-strict-aliasing -fno-lto -mstack-protector-guard=global -fPIE -fshort-wchar -m32 -march=i686 -malign-double -mabi=sysv -mno-80387 -mno-mmx -I ../picoefi/inc -I . -I libc-compat -I ../limine-protocol/include -I ../flanterm/src -I ../libfdt/src -I '/tmp/vos5-limine.j3qiNo/build/common-uefi-ia32/..' -isystem ../freestanding-c-hdrs/include  -DCOM_OUTPUT=false -DE9_OUTPUT=false -DFLANTERM_IN_FLANTERM -MMD -MP -DUEFI -c '../common/lib/elf.c' -o '/tmp/vos5-limine.j3qiNo/build/common-uefi-ia32/common/lib/elf.o'
/usr/bin/mkdir -p "$(dirname '/tmp/vos5-limine.j3qiNo/build/common-bios/common/cc-runtime.s2.o')"
x86_64-elf-gcc -g -O2 -pipe -ffile-prefix-map=/tmp/vos5-limine.j3qiNo=/vos-limine -g -Wall -Wextra -Wshadow -Wvla -Wno-error -std=gnu11 -nostdinc -ffreestanding -ffunction-sections -fdata-sections -fstack-protector-strong -fno-stack-check -fno-omit-frame-pointer -fno-strict-aliasing -fno-lto -mstack-protector-guard=global -fno-PIC -m32 -march=i686 -mabi=sysv -mno-80387 -mno-mmx -Os -I . -I libc-compat -I ../limine-protocol/include -I ../flanterm/src -I ../libfdt/src -I '/tmp/vos5-limine.j3qiNo/build/common-bios/..' -isystem ../freestanding-c-hdrs/include  -DCOM_OUTPUT=false -DE9_OUTPUT=false -DFLANTERM_IN_FLANTERM -MMD -MP -DBIOS -c '../common/cc-runtime.s2.c' -o '/tmp/vos5-limine.j3qiNo/build/common-bios/common/cc-runtime.s2.o'
/usr/bin/mkdir -p "$(dirname '/tmp/vos5-limine.j3qiNo/build/common-uefi-ia32/common/lib/elsewhere.o')"
x86_64-elf-gcc -g -O2 -pipe -ffile-prefix-map=/tmp/vos5-limine.j3qiNo=/vos-limine -g -Wall -Wextra -Wshadow -Wvla -Wno-error -std=gnu11 -nostdinc -ffreestanding -ffunction-sections -fdata-sections -fstack-protector-strong -fno-stack-check -fno-omit-frame-pointer -fno-strict-aliasing -fno-lto -mstack-protector-guard=global -fPIE -fshort-wchar -m32 -march=i686 -malign-double -mabi=sysv -mno-80387 -mno-mmx -I ../picoefi/inc -I . -I libc-compat -I ../limine-protocol/include -I ../flanterm/src -I ../libfdt/src -I '/tmp/vos5-limine.j3qiNo/build/common-uefi-ia32/..' -isystem ../freestanding-c-hdrs/include  -DCOM_OUTPUT=false -DE9_OUTPUT=false -DFLANTERM_IN_FLANTERM -MMD -MP -DUEFI -c '../common/lib/elsewhere.c' -o '/tmp/vos5-limine.j3qiNo/build/common-uefi-ia32/common/lib/elsewhere.o'
/usr/bin/mkdir -p "$(dirname '/tmp/vos5-limine.j3qiNo/build/common-uefi-x86-64/common/lib/qoi.o')"
x86_64-elf-gcc -g -O2 -pipe -ffile-prefix-map=/tmp/vos5-limine.j3qiNo=/vos-limine -g -Wall -Wextra -Wshadow -Wvla -Wno-error -std=gnu11 -nostdinc -ffreestanding -ffunction-sections -fdata-sections -fstack-protector-strong -fno-stack-check -fno-omit-frame-pointer -fno-strict-aliasing -fno-lto -mstack-protector-guard=global -fPIE -fshort-wchar -m64 -march=x86-64 -mabi=sysv -mno-80387 -mno-mmx -mno-sse -mno-sse2 -mno-red-zone -I ../picoefi/inc -I . -I libc-compat -I ../limine-protocol/include -I ../flanterm/src -I ../libfdt/src -I '/tmp/vos5-limine.j3qiNo/build/common-uefi-x86-64/..' -isystem ../freestanding-c-hdrs/include  -DCOM_OUTPUT=false -DE9_OUTPUT=false -DFLANTERM_IN_FLANTERM -MMD -MP -DUEFI -c '../common/lib/qoi.c' -o '/tmp/vos5-limine.j3qiNo/build/common-uefi-x86-64/common/lib/qoi.o'
/usr/bin/mkdir -p "$(dirname '/tmp/vos5-limine.j3qiNo/build/common-uefi-ia32/common/lib/fb.o')"
x86_64-elf-gcc -g -O2 -pipe -ffile-prefix-map=/tmp/vos5-limine.j3qiNo=/vos-limine -g -Wall -Wextra -Wshadow -Wvla -Wno-error -std=gnu11 -nostdinc -ffreestanding -ffunction-sections -fdata-sections -fstack-protector-strong -fno-stack-check -fno-omit-frame-pointer -fno-strict-aliasing -fno-lto -mstack-protector-guard=global -fPIE -fshort-wchar -m32 -march=i686 -malign-double -mabi=sysv -mno-80387 -mno-mmx -I ../picoefi/inc -I . -I libc-compat -I ../limine-protocol/include -I ../flanterm/src -I ../libfdt/src -I '/tmp/vos5-limine.j3qiNo/build/common-uefi-ia32/..' -isystem ../freestanding-c-hdrs/include  -DCOM_OUTPUT=false -DE9_OUTPUT=false -DFLANTERM_IN_FLANTERM -MMD -MP -DUEFI -c '../common/lib/fb.c' -o '/tmp/vos5-limine.j3qiNo/build/common-uefi-ia32/common/lib/fb.o'
/usr/bin/mkdir -p "$(dirname '/tmp/vos5-limine.j3qiNo/build/common-uefi-x86-64/common/lib/rand.s2.o')"
x86_64-elf-gcc -g -O2 -pipe -ffile-prefix-map=/tmp/vos5-limine.j3qiNo=/vos-limine -g -Wall -Wextra -Wshadow -Wvla -Wno-error -std=gnu11 -nostdinc -ffreestanding -ffunction-sections -fdata-sections -fstack-protector-strong -fno-stack-check -fno-omit-frame-pointer -fno-strict-aliasing -fno-lto -mstack-protector-guard=global -fPIE -fshort-wchar -m64 -march=x86-64 -mabi=sysv -mno-80387 -mno-mmx -mno-sse -mno-sse2 -mno-red-zone -I ../picoefi/inc -I . -I libc-compat -I ../limine-protocol/include -I ../flanterm/src -I ../libfdt/src -I '/tmp/vos5-limine.j3qiNo/build/common-uefi-x86-64/..' -isystem ../freestanding-c-hdrs/include  -DCOM_OUTPUT=false -DE9_OUTPUT=false -DFLANTERM_IN_FLANTERM -MMD -MP -DUEFI -c '../common/lib/rand.s2.c' -o '/tmp/vos5-limine.j3qiNo/build/common-uefi-x86-64/common/lib/rand.s2.o'
/usr/bin/mkdir -p "$(dirname '/tmp/vos5-limine.j3qiNo/build/common-uefi-ia32/common/lib/fdt.o')"
x86_64-elf-gcc -g -O2 -pipe -ffile-prefix-map=/tmp/vos5-limine.j3qiNo=/vos-limine -g -Wall -Wextra -Wshadow -Wvla -Wno-error -std=gnu11 -nostdinc -ffreestanding -ffunction-sections -fdata-sections -fstack-protector-strong -fno-stack-check -fno-omit-frame-pointer -fno-strict-aliasing -fno-lto -mstack-protector-guard=global -fPIE -fshort-wchar -m32 -march=i686 -malign-double -mabi=sysv -mno-80387 -mno-mmx -I ../picoefi/inc -I . -I libc-compat -I ../limine-protocol/include -I ../flanterm/src -I ../libfdt/src -I '/tmp/vos5-limine.j3qiNo/build/common-uefi-ia32/..' -isystem ../freestanding-c-hdrs/include  -DCOM_OUTPUT=false -DE9_OUTPUT=false -DFLANTERM_IN_FLANTERM -MMD -MP -DUEFI -c '../common/lib/fdt.c' -o '/tmp/vos5-limine.j3qiNo/build/common-uefi-ia32/common/lib/fdt.o'
/usr/bin/mkdir -p "$(dirname '/tmp/vos5-limine.j3qiNo/build/common-uefi-ia32/common/lib/getchar.o')"
x86_64-elf-gcc -g -O2 -pipe -ffile-prefix-map=/tmp/vos5-limine.j3qiNo=/vos-limine -g -Wall -Wextra -Wshadow -Wvla -Wno-error -std=gnu11 -nostdinc -ffreestanding -ffunction-sections -fdata-sections -fstack-protector-strong -fno-stack-check -fno-omit-frame-pointer -fno-strict-aliasing -fno-lto -mstack-protector-guard=global -fPIE -fshort-wchar -m32 -march=i686 -malign-double -mabi=sysv -mno-80387 -mno-mmx -I ../picoefi/inc -I . -I libc-compat -I ../limine-protocol/include -I ../flanterm/src -I ../libfdt/src -I '/tmp/vos5-limine.j3qiNo/build/common-uefi-ia32/..' -isystem ../freestanding-c-hdrs/include  -DCOM_OUTPUT=false -DE9_OUTPUT=false -DFLANTERM_IN_FLANTERM -MMD -MP -DUEFI -c '../common/lib/getchar.c' -o '/tmp/vos5-limine.j3qiNo/build/common-uefi-ia32/common/lib/getchar.o'
/usr/bin/mkdir -p "$(dirname '/tmp/vos5-limine.j3qiNo/build/common-uefi-x86-64/common/lib/rng_seed.o')"
x86_64-elf-gcc -g -O2 -pipe -ffile-prefix-map=/tmp/vos5-limine.j3qiNo=/vos-limine -g -Wall -Wextra -Wshadow -Wvla -Wno-error -std=gnu11 -nostdinc -ffreestanding -ffunction-sections -fdata-sections -fstack-protector-strong -fno-stack-check -fno-omit-frame-pointer -fno-strict-aliasing -fno-lto -mstack-protector-guard=global -fPIE -fshort-wchar -m64 -march=x86-64 -mabi=sysv -mno-80387 -mno-mmx -mno-sse -mno-sse2 -mno-red-zone -I ../picoefi/inc -I . -I libc-compat -I ../limine-protocol/include -I ../flanterm/src -I ../libfdt/src -I '/tmp/vos5-limine.j3qiNo/build/common-uefi-x86-64/..' -isystem ../freestanding-c-hdrs/include  -DCOM_OUTPUT=false -DE9_OUTPUT=false -DFLANTERM_IN_FLANTERM -MMD -MP -DUEFI -c '../common/lib/rng_seed.c' -o '/tmp/vos5-limine.j3qiNo/build/common-uefi-x86-64/common/lib/rng_seed.o'
/usr/bin/mkdir -p "$(dirname '/tmp/vos5-limine.j3qiNo/build/common-bios/common/drivers/disk.s2.o')"
x86_64-elf-gcc -g -O2 -pipe -ffile-prefix-map=/tmp/vos5-limine.j3qiNo=/vos-limine -g -Wall -Wextra -Wshadow -Wvla -Wno-error -std=gnu11 -nostdinc -ffreestanding -ffunction-sections -fdata-sections -fstack-protector-strong -fno-stack-check -fno-omit-frame-pointer -fno-strict-aliasing -fno-lto -mstack-protector-guard=global -fno-PIC -m32 -march=i686 -mabi=sysv -mno-80387 -mno-mmx -Os -I . -I libc-compat -I ../limine-protocol/include -I ../flanterm/src -I ../libfdt/src -I '/tmp/vos5-limine.j3qiNo/build/common-bios/..' -isystem ../freestanding-c-hdrs/include  -DCOM_OUTPUT=false -DE9_OUTPUT=false -DFLANTERM_IN_FLANTERM -MMD -MP -DBIOS -c '../common/drivers/disk.s2.c' -o '/tmp/vos5-limine.j3qiNo/build/common-bios/common/drivers/disk.s2.o'
/usr/bin/mkdir -p "$(dirname '/tmp/vos5-limine.j3qiNo/build/common-uefi-ia32/common/lib/gterm.o')"
/usr/bin/mkdir -p "$(dirname '/tmp/vos5-limine.j3qiNo/build/common-uefi-x86-64/common/lib/stb_image.o')"
x86_64-elf-gcc -g -O2 -pipe -ffile-prefix-map=/tmp/vos5-limine.j3qiNo=/vos-limine -g -Wall -Wextra -Wshadow -Wvla -Wno-error -std=gnu11 -nostdinc -ffreestanding -ffunction-sections -fdata-sections -fstack-protector-strong -fno-stack-check -fno-omit-frame-pointer -fno-strict-aliasing -fno-lto -mstack-protector-guard=global -fPIE -fshort-wchar -m32 -march=i686 -malign-double -mabi=sysv -mno-80387 -mno-mmx -I ../picoefi/inc -I . -I libc-compat -I ../limine-protocol/include -I ../flanterm/src -I ../libfdt/src -I '/tmp/vos5-limine.j3qiNo/build/common-uefi-ia32/..' -isystem ../freestanding-c-hdrs/include  -DCOM_OUTPUT=false -DE9_OUTPUT=false -DFLANTERM_IN_FLANTERM -MMD -MP -DUEFI -c '../common/lib/gterm.c' -o '/tmp/vos5-limine.j3qiNo/build/common-uefi-ia32/common/lib/gterm.o'
x86_64-elf-gcc -g -O2 -pipe -ffile-prefix-map=/tmp/vos5-limine.j3qiNo=/vos-limine -g -Wall -Wextra -Wshadow -Wvla -Wno-error -std=gnu11 -nostdinc -ffreestanding -ffunction-sections -fdata-sections -fstack-protector-strong -fno-stack-check -fno-omit-frame-pointer -fno-strict-aliasing -fno-lto -mstack-protector-guard=global -fPIE -fshort-wchar -m64 -march=x86-64 -mabi=sysv -mno-80387 -mno-mmx -mno-sse -mno-sse2 -mno-red-zone -I ../picoefi/inc -I . -I libc-compat -I ../limine-protocol/include -I ../flanterm/src -I ../libfdt/src -I '/tmp/vos5-limine.j3qiNo/build/common-uefi-x86-64/..' -isystem ../freestanding-c-hdrs/include  -DCOM_OUTPUT=false -DE9_OUTPUT=false -DFLANTERM_IN_FLANTERM -MMD -MP -DUEFI -c '../common/lib/stb_image.c' -o '/tmp/vos5-limine.j3qiNo/build/common-uefi-x86-64/common/lib/stb_image.o'
/usr/bin/mkdir -p "$(dirname '/tmp/vos5-limine.j3qiNo/build/common-bios/common/entry.s2.o')"
x86_64-elf-gcc -g -O2 -pipe -ffile-prefix-map=/tmp/vos5-limine.j3qiNo=/vos-limine -g -Wall -Wextra -Wshadow -Wvla -Wno-error -std=gnu11 -nostdinc -ffreestanding -ffunction-sections -fdata-sections -fstack-protector-strong -fno-stack-check -fno-omit-frame-pointer -fno-strict-aliasing -fno-lto -mstack-protector-guard=global -fno-PIC -m32 -march=i686 -mabi=sysv -mno-80387 -mno-mmx -Os -I . -I libc-compat -I ../limine-protocol/include -I ../flanterm/src -I ../libfdt/src -I '/tmp/vos5-limine.j3qiNo/build/common-bios/..' -isystem ../freestanding-c-hdrs/include  -DCOM_OUTPUT=false -DE9_OUTPUT=false -DFLANTERM_IN_FLANTERM -MMD -MP -DBIOS -c '../common/entry.s2.c' -o '/tmp/vos5-limine.j3qiNo/build/common-bios/common/entry.s2.o'
/usr/bin/mkdir -p "$(dirname '/tmp/vos5-limine.j3qiNo/build/common-bios/common/fs/fat32.s2.o')"
x86_64-elf-gcc -g -O2 -pipe -ffile-prefix-map=/tmp/vos5-limine.j3qiNo=/vos-limine -g -Wall -Wextra -Wshadow -Wvla -Wno-error -std=gnu11 -nostdinc -ffreestanding -ffunction-sections -fdata-sections -fstack-protector-strong -fno-stack-check -fno-omit-frame-pointer -fno-strict-aliasing -fno-lto -mstack-protector-guard=global -fno-PIC -m32 -march=i686 -mabi=sysv -mno-80387 -mno-mmx -Os -I . -I libc-compat -I ../limine-protocol/include -I ../flanterm/src -I ../libfdt/src -I '/tmp/vos5-limine.j3qiNo/build/common-bios/..' -isystem ../freestanding-c-hdrs/include  -DCOM_OUTPUT=false -DE9_OUTPUT=false -DFLANTERM_IN_FLANTERM -MMD -MP -DBIOS -c '../common/fs/fat32.s2.c' -o '/tmp/vos5-limine.j3qiNo/build/common-bios/common/fs/fat32.s2.o'
/usr/bin/mkdir -p "$(dirname '/tmp/vos5-limine.j3qiNo/build/common-uefi-ia32/common/lib/guid.o')"
x86_64-elf-gcc -g -O2 -pipe -ffile-prefix-map=/tmp/vos5-limine.j3qiNo=/vos-limine -g -Wall -Wextra -Wshadow -Wvla -Wno-error -std=gnu11 -nostdinc -ffreestanding -ffunction-sections -fdata-sections -fstack-protector-strong -fno-stack-check -fno-omit-frame-pointer -fno-strict-aliasing -fno-lto -mstack-protector-guard=global -fPIE -fshort-wchar -m32 -march=i686 -malign-double -mabi=sysv -mno-80387 -mno-mmx -I ../picoefi/inc -I . -I libc-compat -I ../limine-protocol/include -I ../flanterm/src -I ../libfdt/src -I '/tmp/vos5-limine.j3qiNo/build/common-uefi-ia32/..' -isystem ../freestanding-c-hdrs/include  -DCOM_OUTPUT=false -DE9_OUTPUT=false -DFLANTERM_IN_FLANTERM -MMD -MP -DUEFI -c '../common/lib/guid.c' -o '/tmp/vos5-limine.j3qiNo/build/common-uefi-ia32/common/lib/guid.o'
/usr/bin/mkdir -p "$(dirname '/tmp/vos5-limine.j3qiNo/build/common-uefi-ia32/common/lib/image.o')"
x86_64-elf-gcc -g -O2 -pipe -ffile-prefix-map=/tmp/vos5-limine.j3qiNo=/vos-limine -g -Wall -Wextra -Wshadow -Wvla -Wno-error -std=gnu11 -nostdinc -ffreestanding -ffunction-sections -fdata-sections -fstack-protector-strong -fno-stack-check -fno-omit-frame-pointer -fno-strict-aliasing -fno-lto -mstack-protector-guard=global -fPIE -fshort-wchar -m32 -march=i686 -malign-double -mabi=sysv -mno-80387 -mno-mmx -I ../picoefi/inc -I . -I libc-compat -I ../limine-protocol/include -I ../flanterm/src -I ../libfdt/src -I '/tmp/vos5-limine.j3qiNo/build/common-uefi-ia32/..' -isystem ../freestanding-c-hdrs/include  -DCOM_OUTPUT=false -DE9_OUTPUT=false -DFLANTERM_IN_FLANTERM -MMD -MP -DUEFI -c '../common/lib/image.c' -o '/tmp/vos5-limine.j3qiNo/build/common-uefi-ia32/common/lib/image.o'
/usr/bin/mkdir -p "$(dirname '/tmp/vos5-limine.j3qiNo/build/common-bios/common/fs/file.s2.o')"
x86_64-elf-gcc -g -O2 -pipe -ffile-prefix-map=/tmp/vos5-limine.j3qiNo=/vos-limine -g -Wall -Wextra -Wshadow -Wvla -Wno-error -std=gnu11 -nostdinc -ffreestanding -ffunction-sections -fdata-sections -fstack-protector-strong -fno-stack-check -fno-omit-frame-pointer -fno-strict-aliasing -fno-lto -mstack-protector-guard=global -fno-PIC -m32 -march=i686 -mabi=sysv -mno-80387 -mno-mmx -Os -I . -I libc-compat -I ../limine-protocol/include -I ../flanterm/src -I ../libfdt/src -I '/tmp/vos5-limine.j3qiNo/build/common-bios/..' -isystem ../freestanding-c-hdrs/include  -DCOM_OUTPUT=false -DE9_OUTPUT=false -DFLANTERM_IN_FLANTERM -MMD -MP -DBIOS -c '../common/fs/file.s2.c' -o '/tmp/vos5-limine.j3qiNo/build/common-bios/common/fs/file.s2.o'
/usr/bin/mkdir -p "$(dirname '/tmp/vos5-limine.j3qiNo/build/common-bios/common/fs/iso9660.s2.o')"
x86_64-elf-gcc -g -O2 -pipe -ffile-prefix-map=/tmp/vos5-limine.j3qiNo=/vos-limine -g -Wall -Wextra -Wshadow -Wvla -Wno-error -std=gnu11 -nostdinc -ffreestanding -ffunction-sections -fdata-sections -fstack-protector-strong -fno-stack-check -fno-omit-frame-pointer -fno-strict-aliasing -fno-lto -mstack-protector-guard=global -fno-PIC -m32 -march=i686 -mabi=sysv -mno-80387 -mno-mmx -Os -I . -I libc-compat -I ../limine-protocol/include -I ../flanterm/src -I ../libfdt/src -I '/tmp/vos5-limine.j3qiNo/build/common-bios/..' -isystem ../freestanding-c-hdrs/include  -DCOM_OUTPUT=false -DE9_OUTPUT=false -DFLANTERM_IN_FLANTERM -MMD -MP -DBIOS -c '../common/fs/iso9660.s2.c' -o '/tmp/vos5-limine.j3qiNo/build/common-bios/common/fs/iso9660.s2.o'
/usr/bin/mkdir -p "$(dirname '/tmp/vos5-limine.j3qiNo/build/common-uefi-ia32/common/lib/libc.o')"
x86_64-elf-gcc -g -O2 -pipe -ffile-prefix-map=/tmp/vos5-limine.j3qiNo=/vos-limine -g -Wall -Wextra -Wshadow -Wvla -Wno-error -std=gnu11 -nostdinc -ffreestanding -ffunction-sections -fdata-sections -fstack-protector-strong -fno-stack-check -fno-omit-frame-pointer -fno-strict-aliasing -fno-lto -mstack-protector-guard=global -fPIE -fshort-wchar -m32 -march=i686 -malign-double -mabi=sysv -mno-80387 -mno-mmx -I ../picoefi/inc -I . -I libc-compat -I ../limine-protocol/include -I ../flanterm/src -I ../libfdt/src -I '/tmp/vos5-limine.j3qiNo/build/common-uefi-ia32/..' -isystem ../freestanding-c-hdrs/include  -DCOM_OUTPUT=false -DE9_OUTPUT=false -DFLANTERM_IN_FLANTERM -MMD -MP -DUEFI -c '../common/lib/libc.c' -o '/tmp/vos5-limine.j3qiNo/build/common-uefi-ia32/common/lib/libc.o'
/usr/bin/mkdir -p "$(dirname '/tmp/vos5-limine.j3qiNo/build/common-uefi-ia32/common/lib/libc.s2.o')"
x86_64-elf-gcc -g -O2 -pipe -ffile-prefix-map=/tmp/vos5-limine.j3qiNo=/vos-limine -g -Wall -Wextra -Wshadow -Wvla -Wno-error -std=gnu11 -nostdinc -ffreestanding -ffunction-sections -fdata-sections -fstack-protector-strong -fno-stack-check -fno-omit-frame-pointer -fno-strict-aliasing -fno-lto -mstack-protector-guard=global -fPIE -fshort-wchar -m32 -march=i686 -malign-double -mabi=sysv -mno-80387 -mno-mmx -I ../picoefi/inc -I . -I libc-compat -I ../limine-protocol/include -I ../flanterm/src -I ../libfdt/src -I '/tmp/vos5-limine.j3qiNo/build/common-uefi-ia32/..' -isystem ../freestanding-c-hdrs/include  -DCOM_OUTPUT=false -DE9_OUTPUT=false -DFLANTERM_IN_FLANTERM -MMD -MP -DUEFI -c '../common/lib/libc.s2.c' -o '/tmp/vos5-limine.j3qiNo/build/common-uefi-ia32/common/lib/libc.s2.o'
/usr/bin/mkdir -p "$(dirname '/tmp/vos5-limine.j3qiNo/build/common-uefi-ia32/common/lib/memory.s2.o')"
x86_64-elf-gcc -g -O2 -pipe -ffile-prefix-map=/tmp/vos5-limine.j3qiNo=/vos-limine -g -Wall -Wextra -Wshadow -Wvla -Wno-error -std=gnu11 -nostdinc -ffreestanding -ffunction-sections -fdata-sections -fstack-protector-strong -fno-stack-check -fno-omit-frame-pointer -fno-strict-aliasing -fno-lto -mstack-protector-guard=global -fPIE -fshort-wchar -m32 -march=i686 -malign-double -mabi=sysv -mno-80387 -mno-mmx -I ../picoefi/inc -I . -I libc-compat -I ../limine-protocol/include -I ../flanterm/src -I ../libfdt/src -I '/tmp/vos5-limine.j3qiNo/build/common-uefi-ia32/..' -isystem ../freestanding-c-hdrs/include  -DCOM_OUTPUT=false -DE9_OUTPUT=false -DFLANTERM_IN_FLANTERM -MMD -MP -DUEFI -c '../common/lib/memory.s2.c' -o '/tmp/vos5-limine.j3qiNo/build/common-uefi-ia32/common/lib/memory.s2.o'
/usr/bin/mkdir -p "$(dirname '/tmp/vos5-limine.j3qiNo/build/common-uefi-ia32/common/lib/misc.o')"
/usr/bin/mkdir -p "$(dirname '/tmp/vos5-limine.j3qiNo/build/common-uefi-x86-64/common/lib/term.o')"
x86_64-elf-gcc -g -O2 -pipe -ffile-prefix-map=/tmp/vos5-limine.j3qiNo=/vos-limine -g -Wall -Wextra -Wshadow -Wvla -Wno-error -std=gnu11 -nostdinc -ffreestanding -ffunction-sections -fdata-sections -fstack-protector-strong -fno-stack-check -fno-omit-frame-pointer -fno-strict-aliasing -fno-lto -mstack-protector-guard=global -fPIE -fshort-wchar -m32 -march=i686 -malign-double -mabi=sysv -mno-80387 -mno-mmx -I ../picoefi/inc -I . -I libc-compat -I ../limine-protocol/include -I ../flanterm/src -I ../libfdt/src -I '/tmp/vos5-limine.j3qiNo/build/common-uefi-ia32/..' -isystem ../freestanding-c-hdrs/include  -DCOM_OUTPUT=false -DE9_OUTPUT=false -DFLANTERM_IN_FLANTERM -MMD -MP -DUEFI -c '../common/lib/misc.c' -o '/tmp/vos5-limine.j3qiNo/build/common-uefi-ia32/common/lib/misc.o'
x86_64-elf-gcc -g -O2 -pipe -ffile-prefix-map=/tmp/vos5-limine.j3qiNo=/vos-limine -g -Wall -Wextra -Wshadow -Wvla -Wno-error -std=gnu11 -nostdinc -ffreestanding -ffunction-sections -fdata-sections -fstack-protector-strong -fno-stack-check -fno-omit-frame-pointer -fno-strict-aliasing -fno-lto -mstack-protector-guard=global -fPIE -fshort-wchar -m64 -march=x86-64 -mabi=sysv -mno-80387 -mno-mmx -mno-sse -mno-sse2 -mno-red-zone -I ../picoefi/inc -I . -I libc-compat -I ../limine-protocol/include -I ../flanterm/src -I ../libfdt/src -I '/tmp/vos5-limine.j3qiNo/build/common-uefi-x86-64/..' -isystem ../freestanding-c-hdrs/include  -DCOM_OUTPUT=false -DE9_OUTPUT=false -DFLANTERM_IN_FLANTERM -MMD -MP -DUEFI -c '../common/lib/term.c' -o '/tmp/vos5-limine.j3qiNo/build/common-uefi-x86-64/common/lib/term.o'
/usr/bin/mkdir -p "$(dirname '/tmp/vos5-limine.j3qiNo/build/common-bios/common/lib/acpi.s2.o')"
x86_64-elf-gcc -g -O2 -pipe -ffile-prefix-map=/tmp/vos5-limine.j3qiNo=/vos-limine -g -Wall -Wextra -Wshadow -Wvla -Wno-error -std=gnu11 -nostdinc -ffreestanding -ffunction-sections -fdata-sections -fstack-protector-strong -fno-stack-check -fno-omit-frame-pointer -fno-strict-aliasing -fno-lto -mstack-protector-guard=global -fno-PIC -m32 -march=i686 -mabi=sysv -mno-80387 -mno-mmx -Os -I . -I libc-compat -I ../limine-protocol/include -I ../flanterm/src -I ../libfdt/src -I '/tmp/vos5-limine.j3qiNo/build/common-bios/..' -isystem ../freestanding-c-hdrs/include  -DCOM_OUTPUT=false -DE9_OUTPUT=false -DFLANTERM_IN_FLANTERM -MMD -MP -DBIOS -c '../common/lib/acpi.s2.c' -o '/tmp/vos5-limine.j3qiNo/build/common-bios/common/lib/acpi.s2.o'
/usr/bin/mkdir -p "$(dirname '/tmp/vos5-limine.j3qiNo/build/common-bios/common/lib/libc.s2.o')"
x86_64-elf-gcc -g -O2 -pipe -ffile-prefix-map=/tmp/vos5-limine.j3qiNo=/vos-limine -g -Wall -Wextra -Wshadow -Wvla -Wno-error -std=gnu11 -nostdinc -ffreestanding -ffunction-sections -fdata-sections -fstack-protector-strong -fno-stack-check -fno-omit-frame-pointer -fno-strict-aliasing -fno-lto -mstack-protector-guard=global -fno-PIC -m32 -march=i686 -mabi=sysv -mno-80387 -mno-mmx -Os -I . -I libc-compat -I ../limine-protocol/include -I ../flanterm/src -I ../libfdt/src -I '/tmp/vos5-limine.j3qiNo/build/common-bios/..' -isystem ../freestanding-c-hdrs/include  -DCOM_OUTPUT=false -DE9_OUTPUT=false -DFLANTERM_IN_FLANTERM -MMD -MP -DBIOS -c '../common/lib/libc.s2.c' -o '/tmp/vos5-limine.j3qiNo/build/common-bios/common/lib/libc.s2.o'
/usr/bin/mkdir -p "$(dirname '/tmp/vos5-limine.j3qiNo/build/common-uefi-x86-64/common/lib/time.o')"
x86_64-elf-gcc -g -O2 -pipe -ffile-prefix-map=/tmp/vos5-limine.j3qiNo=/vos-limine -g -Wall -Wextra -Wshadow -Wvla -Wno-error -std=gnu11 -nostdinc -ffreestanding -ffunction-sections -fdata-sections -fstack-protector-strong -fno-stack-check -fno-omit-frame-pointer -fno-strict-aliasing -fno-lto -mstack-protector-guard=global -fPIE -fshort-wchar -m64 -march=x86-64 -mabi=sysv -mno-80387 -mno-mmx -mno-sse -mno-sse2 -mno-red-zone -I ../picoefi/inc -I . -I libc-compat -I ../limine-protocol/include -I ../flanterm/src -I ../libfdt/src -I '/tmp/vos5-limine.j3qiNo/build/common-uefi-x86-64/..' -isystem ../freestanding-c-hdrs/include  -DCOM_OUTPUT=false -DE9_OUTPUT=false -DFLANTERM_IN_FLANTERM -MMD -MP -DUEFI -c '../common/lib/time.c' -o '/tmp/vos5-limine.j3qiNo/build/common-uefi-x86-64/common/lib/time.o'
/usr/bin/mkdir -p "$(dirname '/tmp/vos5-limine.j3qiNo/build/common-bios/common/lib/memory.s2.o')"
/usr/bin/mkdir -p "$(dirname '/tmp/vos5-limine.j3qiNo/build/common-uefi-x86-64/common/lib/tpm.o')"
x86_64-elf-gcc -g -O2 -pipe -ffile-prefix-map=/tmp/vos5-limine.j3qiNo=/vos-limine -g -Wall -Wextra -Wshadow -Wvla -Wno-error -std=gnu11 -nostdinc -ffreestanding -ffunction-sections -fdata-sections -fstack-protector-strong -fno-stack-check -fno-omit-frame-pointer -fno-strict-aliasing -fno-lto -mstack-protector-guard=global -fno-PIC -m32 -march=i686 -mabi=sysv -mno-80387 -mno-mmx -Os -I . -I libc-compat -I ../limine-protocol/include -I ../flanterm/src -I ../libfdt/src -I '/tmp/vos5-limine.j3qiNo/build/common-bios/..' -isystem ../freestanding-c-hdrs/include  -DCOM_OUTPUT=false -DE9_OUTPUT=false -DFLANTERM_IN_FLANTERM -MMD -MP -DBIOS -c '../common/lib/memory.s2.c' -o '/tmp/vos5-limine.j3qiNo/build/common-bios/common/lib/memory.s2.o'
x86_64-elf-gcc -g -O2 -pipe -ffile-prefix-map=/tmp/vos5-limine.j3qiNo=/vos-limine -g -Wall -Wextra -Wshadow -Wvla -Wno-error -std=gnu11 -nostdinc -ffreestanding -ffunction-sections -fdata-sections -fstack-protector-strong -fno-stack-check -fno-omit-frame-pointer -fno-strict-aliasing -fno-lto -mstack-protector-guard=global -fPIE -fshort-wchar -m64 -march=x86-64 -mabi=sysv -mno-80387 -mno-mmx -mno-sse -mno-sse2 -mno-red-zone -I ../picoefi/inc -I . -I libc-compat -I ../limine-protocol/include -I ../flanterm/src -I ../libfdt/src -I '/tmp/vos5-limine.j3qiNo/build/common-uefi-x86-64/..' -isystem ../freestanding-c-hdrs/include  -DCOM_OUTPUT=false -DE9_OUTPUT=false -DFLANTERM_IN_FLANTERM -MMD -MP -DUEFI -c '../common/lib/tpm.c' -o '/tmp/vos5-limine.j3qiNo/build/common-uefi-x86-64/common/lib/tpm.o'
/usr/bin/mkdir -p "$(dirname '/tmp/vos5-limine.j3qiNo/build/common-bios/common/lib/misc.s2.o')"
/usr/bin/mkdir -p "$(dirname '/tmp/vos5-limine.j3qiNo/build/common-uefi-ia32/common/lib/misc.s2.o')"
x86_64-elf-gcc -g -O2 -pipe -ffile-prefix-map=/tmp/vos5-limine.j3qiNo=/vos-limine -g -Wall -Wextra -Wshadow -Wvla -Wno-error -std=gnu11 -nostdinc -ffreestanding -ffunction-sections -fdata-sections -fstack-protector-strong -fno-stack-check -fno-omit-frame-pointer -fno-strict-aliasing -fno-lto -mstack-protector-guard=global -fno-PIC -m32 -march=i686 -mabi=sysv -mno-80387 -mno-mmx -Os -I . -I libc-compat -I ../limine-protocol/include -I ../flanterm/src -I ../libfdt/src -I '/tmp/vos5-limine.j3qiNo/build/common-bios/..' -isystem ../freestanding-c-hdrs/include  -DCOM_OUTPUT=false -DE9_OUTPUT=false -DFLANTERM_IN_FLANTERM -MMD -MP -DBIOS -c '../common/lib/misc.s2.c' -o '/tmp/vos5-limine.j3qiNo/build/common-bios/common/lib/misc.s2.o'
x86_64-elf-gcc -g -O2 -pipe -ffile-prefix-map=/tmp/vos5-limine.j3qiNo=/vos-limine -g -Wall -Wextra -Wshadow -Wvla -Wno-error -std=gnu11 -nostdinc -ffreestanding -ffunction-sections -fdata-sections -fstack-protector-strong -fno-stack-check -fno-omit-frame-pointer -fno-strict-aliasing -fno-lto -mstack-protector-guard=global -fPIE -fshort-wchar -m32 -march=i686 -malign-double -mabi=sysv -mno-80387 -mno-mmx -I ../picoefi/inc -I . -I libc-compat -I ../limine-protocol/include -I ../flanterm/src -I ../libfdt/src -I '/tmp/vos5-limine.j3qiNo/build/common-uefi-ia32/..' -isystem ../freestanding-c-hdrs/include  -DCOM_OUTPUT=false -DE9_OUTPUT=false -DFLANTERM_IN_FLANTERM -MMD -MP -DUEFI -c '../common/lib/misc.s2.c' -o '/tmp/vos5-limine.j3qiNo/build/common-uefi-ia32/common/lib/misc.s2.o'
/usr/bin/mkdir -p "$(dirname '/tmp/vos5-limine.j3qiNo/build/common-bios/common/lib/panic.s2.o')"
x86_64-elf-gcc -g -O2 -pipe -ffile-prefix-map=/tmp/vos5-limine.j3qiNo=/vos-limine -g -Wall -Wextra -Wshadow -Wvla -Wno-error -std=gnu11 -nostdinc -ffreestanding -ffunction-sections -fdata-sections -fstack-protector-strong -fno-stack-check -fno-omit-frame-pointer -fno-strict-aliasing -fno-lto -mstack-protector-guard=global -fno-PIC -m32 -march=i686 -mabi=sysv -mno-80387 -mno-mmx -Os -I . -I libc-compat -I ../limine-protocol/include -I ../flanterm/src -I ../libfdt/src -I '/tmp/vos5-limine.j3qiNo/build/common-bios/..' -isystem ../freestanding-c-hdrs/include  -DCOM_OUTPUT=false -DE9_OUTPUT=false -DFLANTERM_IN_FLANTERM -MMD -MP -DBIOS -c '../common/lib/panic.s2.c' -o '/tmp/vos5-limine.j3qiNo/build/common-bios/common/lib/panic.s2.o'
/usr/bin/mkdir -p "$(dirname '/tmp/vos5-limine.j3qiNo/build/common-uefi-ia32/common/lib/panic.s2.o')"
x86_64-elf-gcc -g -O2 -pipe -ffile-prefix-map=/tmp/vos5-limine.j3qiNo=/vos-limine -g -Wall -Wextra -Wshadow -Wvla -Wno-error -std=gnu11 -nostdinc -ffreestanding -ffunction-sections -fdata-sections -fstack-protector-strong -fno-stack-check -fno-omit-frame-pointer -fno-strict-aliasing -fno-lto -mstack-protector-guard=global -fPIE -fshort-wchar -m32 -march=i686 -malign-double -mabi=sysv -mno-80387 -mno-mmx -I ../picoefi/inc -I . -I libc-compat -I ../limine-protocol/include -I ../flanterm/src -I ../libfdt/src -I '/tmp/vos5-limine.j3qiNo/build/common-uefi-ia32/..' -isystem ../freestanding-c-hdrs/include  -DCOM_OUTPUT=false -DE9_OUTPUT=false -DFLANTERM_IN_FLANTERM -MMD -MP -DUEFI -c '../common/lib/panic.s2.c' -o '/tmp/vos5-limine.j3qiNo/build/common-uefi-ia32/common/lib/panic.s2.o'
/usr/bin/mkdir -p "$(dirname '/tmp/vos5-limine.j3qiNo/build/common-bios/common/lib/part.s2.o')"
x86_64-elf-gcc -g -O2 -pipe -ffile-prefix-map=/tmp/vos5-limine.j3qiNo=/vos-limine -g -Wall -Wextra -Wshadow -Wvla -Wno-error -std=gnu11 -nostdinc -ffreestanding -ffunction-sections -fdata-sections -fstack-protector-strong -fno-stack-check -fno-omit-frame-pointer -fno-strict-aliasing -fno-lto -mstack-protector-guard=global -fno-PIC -m32 -march=i686 -mabi=sysv -mno-80387 -mno-mmx -Os -I . -I libc-compat -I ../limine-protocol/include -I ../flanterm/src -I ../libfdt/src -I '/tmp/vos5-limine.j3qiNo/build/common-bios/..' -isystem ../freestanding-c-hdrs/include  -DCOM_OUTPUT=false -DE9_OUTPUT=false -DFLANTERM_IN_FLANTERM -MMD -MP -DBIOS -c '../common/lib/part.s2.c' -o '/tmp/vos5-limine.j3qiNo/build/common-bios/common/lib/part.s2.o'
/usr/bin/mkdir -p "$(dirname '/tmp/vos5-limine.j3qiNo/build/common-uefi-x86-64/common/lib/trace.s2.o')"
x86_64-elf-gcc -g -O2 -pipe -ffile-prefix-map=/tmp/vos5-limine.j3qiNo=/vos-limine -g -Wall -Wextra -Wshadow -Wvla -Wno-error -std=gnu11 -nostdinc -ffreestanding -ffunction-sections -fdata-sections -fstack-protector-strong -fno-stack-check -fno-omit-frame-pointer -fno-strict-aliasing -fno-lto -mstack-protector-guard=global -fPIE -fshort-wchar -m64 -march=x86-64 -mabi=sysv -mno-80387 -mno-mmx -mno-sse -mno-sse2 -mno-red-zone -I ../picoefi/inc -I . -I libc-compat -I ../limine-protocol/include -I ../flanterm/src -I ../libfdt/src -I '/tmp/vos5-limine.j3qiNo/build/common-uefi-x86-64/..' -isystem ../freestanding-c-hdrs/include  -DCOM_OUTPUT=false -DE9_OUTPUT=false -DFLANTERM_IN_FLANTERM -MMD -MP -DUEFI -c '../common/lib/trace.s2.c' -o '/tmp/vos5-limine.j3qiNo/build/common-uefi-x86-64/common/lib/trace.s2.o'
/usr/bin/mkdir -p "$(dirname '/tmp/vos5-limine.j3qiNo/build/common-uefi-ia32/common/lib/part.s2.o')"
x86_64-elf-gcc -g -O2 -pipe -ffile-prefix-map=/tmp/vos5-limine.j3qiNo=/vos-limine -g -Wall -Wextra -Wshadow -Wvla -Wno-error -std=gnu11 -nostdinc -ffreestanding -ffunction-sections -fdata-sections -fstack-protector-strong -fno-stack-check -fno-omit-frame-pointer -fno-strict-aliasing -fno-lto -mstack-protector-guard=global -fPIE -fshort-wchar -m32 -march=i686 -malign-double -mabi=sysv -mno-80387 -mno-mmx -I ../picoefi/inc -I . -I libc-compat -I ../limine-protocol/include -I ../flanterm/src -I ../libfdt/src -I '/tmp/vos5-limine.j3qiNo/build/common-uefi-ia32/..' -isystem ../freestanding-c-hdrs/include  -DCOM_OUTPUT=false -DE9_OUTPUT=false -DFLANTERM_IN_FLANTERM -MMD -MP -DUEFI -c '../common/lib/part.s2.c' -o '/tmp/vos5-limine.j3qiNo/build/common-uefi-ia32/common/lib/part.s2.o'
/usr/bin/mkdir -p "$(dirname '/tmp/vos5-limine.j3qiNo/build/common-uefi-x86-64/common/lib/uri.o')"
x86_64-elf-gcc -g -O2 -pipe -ffile-prefix-map=/tmp/vos5-limine.j3qiNo=/vos-limine -g -Wall -Wextra -Wshadow -Wvla -Wno-error -std=gnu11 -nostdinc -ffreestanding -ffunction-sections -fdata-sections -fstack-protector-strong -fno-stack-check -fno-omit-frame-pointer -fno-strict-aliasing -fno-lto -mstack-protector-guard=global -fPIE -fshort-wchar -m64 -march=x86-64 -mabi=sysv -mno-80387 -mno-mmx -mno-sse -mno-sse2 -mno-red-zone -I ../picoefi/inc -I . -I libc-compat -I ../limine-protocol/include -I ../flanterm/src -I ../libfdt/src -I '/tmp/vos5-limine.j3qiNo/build/common-uefi-x86-64/..' -isystem ../freestanding-c-hdrs/include  -DCOM_OUTPUT=false -DE9_OUTPUT=false -DFLANTERM_IN_FLANTERM -MMD -MP -DUEFI -c '../common/lib/uri.c' -o '/tmp/vos5-limine.j3qiNo/build/common-uefi-x86-64/common/lib/uri.o'
/usr/bin/mkdir -p "$(dirname '/tmp/vos5-limine.j3qiNo/build/common-uefi-x86-64/common/menu.o')"
x86_64-elf-gcc -g -O2 -pipe -ffile-prefix-map=/tmp/vos5-limine.j3qiNo=/vos-limine -g -Wall -Wextra -Wshadow -Wvla -Wno-error -std=gnu11 -nostdinc -ffreestanding -ffunction-sections -fdata-sections -fstack-protector-strong -fno-stack-check -fno-omit-frame-pointer -fno-strict-aliasing -fno-lto -mstack-protector-guard=global -fPIE -fshort-wchar -m64 -march=x86-64 -mabi=sysv -mno-80387 -mno-mmx -mno-sse -mno-sse2 -mno-red-zone -I ../picoefi/inc -I . -I libc-compat -I ../limine-protocol/include -I ../flanterm/src -I ../libfdt/src -I '/tmp/vos5-limine.j3qiNo/build/common-uefi-x86-64/..' -isystem ../freestanding-c-hdrs/include  -DCOM_OUTPUT=false -DE9_OUTPUT=false -DFLANTERM_IN_FLANTERM -MMD -MP -DUEFI -c '../common/menu.c' -o '/tmp/vos5-limine.j3qiNo/build/common-uefi-x86-64/common/menu.o'
/usr/bin/mkdir -p "$(dirname '/tmp/vos5-limine.j3qiNo/build/common-bios/common/lib/print.s2.o')"
x86_64-elf-gcc -g -O2 -pipe -ffile-prefix-map=/tmp/vos5-limine.j3qiNo=/vos-limine -g -Wall -Wextra -Wshadow -Wvla -Wno-error -std=gnu11 -nostdinc -ffreestanding -ffunction-sections -fdata-sections -fstack-protector-strong -fno-stack-check -fno-omit-frame-pointer -fno-strict-aliasing -fno-lto -mstack-protector-guard=global -fno-PIC -m32 -march=i686 -mabi=sysv -mno-80387 -mno-mmx -Os -I . -I libc-compat -I ../limine-protocol/include -I ../flanterm/src -I ../libfdt/src -I '/tmp/vos5-limine.j3qiNo/build/common-bios/..' -isystem ../freestanding-c-hdrs/include  -DCOM_OUTPUT=false -DE9_OUTPUT=false -DFLANTERM_IN_FLANTERM -MMD -MP -DBIOS -c '../common/lib/print.s2.c' -o '/tmp/vos5-limine.j3qiNo/build/common-bios/common/lib/print.s2.o'
/usr/bin/mkdir -p "$(dirname '/tmp/vos5-limine.j3qiNo/build/common-bios/common/lib/rand.s2.o')"
x86_64-elf-gcc -g -O2 -pipe -ffile-prefix-map=/tmp/vos5-limine.j3qiNo=/vos-limine -g -Wall -Wextra -Wshadow -Wvla -Wno-error -std=gnu11 -nostdinc -ffreestanding -ffunction-sections -fdata-sections -fstack-protector-strong -fno-stack-check -fno-omit-frame-pointer -fno-strict-aliasing -fno-lto -mstack-protector-guard=global -fno-PIC -m32 -march=i686 -mabi=sysv -mno-80387 -mno-mmx -Os -I . -I libc-compat -I ../limine-protocol/include -I ../flanterm/src -I ../libfdt/src -I '/tmp/vos5-limine.j3qiNo/build/common-bios/..' -isystem ../freestanding-c-hdrs/include  -DCOM_OUTPUT=false -DE9_OUTPUT=false -DFLANTERM_IN_FLANTERM -MMD -MP -DBIOS -c '../common/lib/rand.s2.c' -o '/tmp/vos5-limine.j3qiNo/build/common-bios/common/lib/rand.s2.o'
/usr/bin/mkdir -p "$(dirname '/tmp/vos5-limine.j3qiNo/build/common-uefi-ia32/common/lib/pe.o')"
x86_64-elf-gcc -g -O2 -pipe -ffile-prefix-map=/tmp/vos5-limine.j3qiNo=/vos-limine -g -Wall -Wextra -Wshadow -Wvla -Wno-error -std=gnu11 -nostdinc -ffreestanding -ffunction-sections -fdata-sections -fstack-protector-strong -fno-stack-check -fno-omit-frame-pointer -fno-strict-aliasing -fno-lto -mstack-protector-guard=global -fPIE -fshort-wchar -m32 -march=i686 -malign-double -mabi=sysv -mno-80387 -mno-mmx -I ../picoefi/inc -I . -I libc-compat -I ../limine-protocol/include -I ../flanterm/src -I ../libfdt/src -I '/tmp/vos5-limine.j3qiNo/build/common-uefi-ia32/..' -isystem ../freestanding-c-hdrs/include  -DCOM_OUTPUT=false -DE9_OUTPUT=false -DFLANTERM_IN_FLANTERM -MMD -MP -DUEFI -c '../common/lib/pe.c' -o '/tmp/vos5-limine.j3qiNo/build/common-uefi-ia32/common/lib/pe.o'
/usr/bin/mkdir -p "$(dirname '/tmp/vos5-limine.j3qiNo/build/common-bios/common/lib/trace.s2.o')"
x86_64-elf-gcc -g -O2 -pipe -ffile-prefix-map=/tmp/vos5-limine.j3qiNo=/vos-limine -g -Wall -Wextra -Wshadow -Wvla -Wno-error -std=gnu11 -nostdinc -ffreestanding -ffunction-sections -fdata-sections -fstack-protector-strong -fno-stack-check -fno-omit-frame-pointer -fno-strict-aliasing -fno-lto -mstack-protector-guard=global -fno-PIC -m32 -march=i686 -mabi=sysv -mno-80387 -mno-mmx -Os -I . -I libc-compat -I ../limine-protocol/include -I ../flanterm/src -I ../libfdt/src -I '/tmp/vos5-limine.j3qiNo/build/common-bios/..' -isystem ../freestanding-c-hdrs/include  -DCOM_OUTPUT=false -DE9_OUTPUT=false -DFLANTERM_IN_FLANTERM -MMD -MP -DBIOS -c '../common/lib/trace.s2.c' -o '/tmp/vos5-limine.j3qiNo/build/common-bios/common/lib/trace.s2.o'
/usr/bin/mkdir -p "$(dirname '/tmp/vos5-limine.j3qiNo/build/common-bios/common/mm/pmm.s2.o')"
x86_64-elf-gcc -g -O2 -pipe -ffile-prefix-map=/tmp/vos5-limine.j3qiNo=/vos-limine -g -Wall -Wextra -Wshadow -Wvla -Wno-error -std=gnu11 -nostdinc -ffreestanding -ffunction-sections -fdata-sections -fstack-protector-strong -fno-stack-check -fno-omit-frame-pointer -fno-strict-aliasing -fno-lto -mstack-protector-guard=global -fno-PIC -m32 -march=i686 -mabi=sysv -mno-80387 -mno-mmx -Os -I . -I libc-compat -I ../limine-protocol/include -I ../flanterm/src -I ../libfdt/src -I '/tmp/vos5-limine.j3qiNo/build/common-bios/..' -isystem ../freestanding-c-hdrs/include  -DCOM_OUTPUT=false -DE9_OUTPUT=false -DFLANTERM_IN_FLANTERM -MMD -MP -DBIOS -c '../common/mm/pmm.s2.c' -o '/tmp/vos5-limine.j3qiNo/build/common-bios/common/mm/pmm.s2.o'
/usr/bin/mkdir -p "$(dirname '/tmp/vos5-limine.j3qiNo/build/common-uefi-ia32/common/lib/print.s2.o')"
x86_64-elf-gcc -g -O2 -pipe -ffile-prefix-map=/tmp/vos5-limine.j3qiNo=/vos-limine -g -Wall -Wextra -Wshadow -Wvla -Wno-error -std=gnu11 -nostdinc -ffreestanding -ffunction-sections -fdata-sections -fstack-protector-strong -fno-stack-check -fno-omit-frame-pointer -fno-strict-aliasing -fno-lto -mstack-protector-guard=global -fPIE -fshort-wchar -m32 -march=i686 -malign-double -mabi=sysv -mno-80387 -mno-mmx -I ../picoefi/inc -I . -I libc-compat -I ../limine-protocol/include -I ../flanterm/src -I ../libfdt/src -I '/tmp/vos5-limine.j3qiNo/build/common-uefi-ia32/..' -isystem ../freestanding-c-hdrs/include  -DCOM_OUTPUT=false -DE9_OUTPUT=false -DFLANTERM_IN_FLANTERM -MMD -MP -DUEFI -c '../common/lib/print.s2.c' -o '/tmp/vos5-limine.j3qiNo/build/common-uefi-ia32/common/lib/print.s2.o'
/usr/bin/mkdir -p "$(dirname '/tmp/vos5-limine.j3qiNo/build/common-uefi-ia32/common/lib/qoi.o')"
x86_64-elf-gcc -g -O2 -pipe -ffile-prefix-map=/tmp/vos5-limine.j3qiNo=/vos-limine -g -Wall -Wextra -Wshadow -Wvla -Wno-error -std=gnu11 -nostdinc -ffreestanding -ffunction-sections -fdata-sections -fstack-protector-strong -fno-stack-check -fno-omit-frame-pointer -fno-strict-aliasing -fno-lto -mstack-protector-guard=global -fPIE -fshort-wchar -m32 -march=i686 -malign-double -mabi=sysv -mno-80387 -mno-mmx -I ../picoefi/inc -I . -I libc-compat -I ../limine-protocol/include -I ../flanterm/src -I ../libfdt/src -I '/tmp/vos5-limine.j3qiNo/build/common-uefi-ia32/..' -isystem ../freestanding-c-hdrs/include  -DCOM_OUTPUT=false -DE9_OUTPUT=false -DFLANTERM_IN_FLANTERM -MMD -MP -DUEFI -c '../common/lib/qoi.c' -o '/tmp/vos5-limine.j3qiNo/build/common-uefi-ia32/common/lib/qoi.o'
/usr/bin/mkdir -p "$(dirname '/tmp/vos5-limine.j3qiNo/build/common-bios/common/pxe/pxe.s2.o')"
x86_64-elf-gcc -g -O2 -pipe -ffile-prefix-map=/tmp/vos5-limine.j3qiNo=/vos-limine -g -Wall -Wextra -Wshadow -Wvla -Wno-error -std=gnu11 -nostdinc -ffreestanding -ffunction-sections -fdata-sections -fstack-protector-strong -fno-stack-check -fno-omit-frame-pointer -fno-strict-aliasing -fno-lto -mstack-protector-guard=global -fno-PIC -m32 -march=i686 -mabi=sysv -mno-80387 -mno-mmx -Os -I . -I libc-compat -I ../limine-protocol/include -I ../flanterm/src -I ../libfdt/src -I '/tmp/vos5-limine.j3qiNo/build/common-bios/..' -isystem ../freestanding-c-hdrs/include  -DCOM_OUTPUT=false -DE9_OUTPUT=false -DFLANTERM_IN_FLANTERM -MMD -MP -DBIOS -c '../common/pxe/pxe.s2.c' -o '/tmp/vos5-limine.j3qiNo/build/common-bios/common/pxe/pxe.s2.o'
/usr/bin/mkdir -p "$(dirname '/tmp/vos5-limine.j3qiNo/build/common-bios/common/pxe/tftp.s2.o')"
x86_64-elf-gcc -g -O2 -pipe -ffile-prefix-map=/tmp/vos5-limine.j3qiNo=/vos-limine -g -Wall -Wextra -Wshadow -Wvla -Wno-error -std=gnu11 -nostdinc -ffreestanding -ffunction-sections -fdata-sections -fstack-protector-strong -fno-stack-check -fno-omit-frame-pointer -fno-strict-aliasing -fno-lto -mstack-protector-guard=global -fno-PIC -m32 -march=i686 -mabi=sysv -mno-80387 -mno-mmx -Os -I . -I libc-compat -I ../limine-protocol/include -I ../flanterm/src -I ../libfdt/src -I '/tmp/vos5-limine.j3qiNo/build/common-bios/..' -isystem ../freestanding-c-hdrs/include  -DCOM_OUTPUT=false -DE9_OUTPUT=false -DFLANTERM_IN_FLANTERM -MMD -MP -DBIOS -c '../common/pxe/tftp.s2.c' -o '/tmp/vos5-limine.j3qiNo/build/common-bios/common/pxe/tftp.s2.o'
/usr/bin/mkdir -p "$(dirname '/tmp/vos5-limine.j3qiNo/build/common-uefi-ia32/common/lib/rand.s2.o')"
x86_64-elf-gcc -g -O2 -pipe -ffile-prefix-map=/tmp/vos5-limine.j3qiNo=/vos-limine -g -Wall -Wextra -Wshadow -Wvla -Wno-error -std=gnu11 -nostdinc -ffreestanding -ffunction-sections -fdata-sections -fstack-protector-strong -fno-stack-check -fno-omit-frame-pointer -fno-strict-aliasing -fno-lto -mstack-protector-guard=global -fPIE -fshort-wchar -m32 -march=i686 -malign-double -mabi=sysv -mno-80387 -mno-mmx -I ../picoefi/inc -I . -I libc-compat -I ../limine-protocol/include -I ../flanterm/src -I ../libfdt/src -I '/tmp/vos5-limine.j3qiNo/build/common-uefi-ia32/..' -isystem ../freestanding-c-hdrs/include  -DCOM_OUTPUT=false -DE9_OUTPUT=false -DFLANTERM_IN_FLANTERM -MMD -MP -DUEFI -c '../common/lib/rand.s2.c' -o '/tmp/vos5-limine.j3qiNo/build/common-uefi-ia32/common/lib/rand.s2.o'
/usr/bin/mkdir -p "$(dirname '/tmp/vos5-limine.j3qiNo/build/common-bios/common/sys/a20.s2.o')"
x86_64-elf-gcc -g -O2 -pipe -ffile-prefix-map=/tmp/vos5-limine.j3qiNo=/vos-limine -g -Wall -Wextra -Wshadow -Wvla -Wno-error -std=gnu11 -nostdinc -ffreestanding -ffunction-sections -fdata-sections -fstack-protector-strong -fno-stack-check -fno-omit-frame-pointer -fno-strict-aliasing -fno-lto -mstack-protector-guard=global -fno-PIC -m32 -march=i686 -mabi=sysv -mno-80387 -mno-mmx -Os -I . -I libc-compat -I ../limine-protocol/include -I ../flanterm/src -I ../libfdt/src -I '/tmp/vos5-limine.j3qiNo/build/common-bios/..' -isystem ../freestanding-c-hdrs/include  -DCOM_OUTPUT=false -DE9_OUTPUT=false -DFLANTERM_IN_FLANTERM -MMD -MP -DBIOS -c '../common/sys/a20.s2.c' -o '/tmp/vos5-limine.j3qiNo/build/common-bios/common/sys/a20.s2.o'
/usr/bin/mkdir -p "$(dirname '/tmp/vos5-limine.j3qiNo/build/common-bios/common/sys/cpu.s2.o')"
x86_64-elf-gcc -g -O2 -pipe -ffile-prefix-map=/tmp/vos5-limine.j3qiNo=/vos-limine -g -Wall -Wextra -Wshadow -Wvla -Wno-error -std=gnu11 -nostdinc -ffreestanding -ffunction-sections -fdata-sections -fstack-protector-strong -fno-stack-check -fno-omit-frame-pointer -fno-strict-aliasing -fno-lto -mstack-protector-guard=global -fno-PIC -m32 -march=i686 -mabi=sysv -mno-80387 -mno-mmx -Os -I . -I libc-compat -I ../limine-protocol/include -I ../flanterm/src -I ../libfdt/src -I '/tmp/vos5-limine.j3qiNo/build/common-bios/..' -isystem ../freestanding-c-hdrs/include  -DCOM_OUTPUT=false -DE9_OUTPUT=false -DFLANTERM_IN_FLANTERM -MMD -MP -DBIOS -c '../common/sys/cpu.s2.c' -o '/tmp/vos5-limine.j3qiNo/build/common-bios/common/sys/cpu.s2.o'
/usr/bin/mkdir -p "$(dirname '/tmp/vos5-limine.j3qiNo/build/common-uefi-ia32/common/lib/rng_seed.o')"
x86_64-elf-gcc -g -O2 -pipe -ffile-prefix-map=/tmp/vos5-limine.j3qiNo=/vos-limine -g -Wall -Wextra -Wshadow -Wvla -Wno-error -std=gnu11 -nostdinc -ffreestanding -ffunction-sections -fdata-sections -fstack-protector-strong -fno-stack-check -fno-omit-frame-pointer -fno-strict-aliasing -fno-lto -mstack-protector-guard=global -fPIE -fshort-wchar -m32 -march=i686 -malign-double -mabi=sysv -mno-80387 -mno-mmx -I ../picoefi/inc -I . -I libc-compat -I ../limine-protocol/include -I ../flanterm/src -I ../libfdt/src -I '/tmp/vos5-limine.j3qiNo/build/common-uefi-ia32/..' -isystem ../freestanding-c-hdrs/include  -DCOM_OUTPUT=false -DE9_OUTPUT=false -DFLANTERM_IN_FLANTERM -MMD -MP -DUEFI -c '../common/lib/rng_seed.c' -o '/tmp/vos5-limine.j3qiNo/build/common-uefi-ia32/common/lib/rng_seed.o'
/usr/bin/mkdir -p "$(dirname '/tmp/vos5-limine.j3qiNo/build/common-bios/common/sys/e820.s2.o')"
x86_64-elf-gcc -g -O2 -pipe -ffile-prefix-map=/tmp/vos5-limine.j3qiNo=/vos-limine -g -Wall -Wextra -Wshadow -Wvla -Wno-error -std=gnu11 -nostdinc -ffreestanding -ffunction-sections -fdata-sections -fstack-protector-strong -fno-stack-check -fno-omit-frame-pointer -fno-strict-aliasing -fno-lto -mstack-protector-guard=global -fno-PIC -m32 -march=i686 -mabi=sysv -mno-80387 -mno-mmx -Os -I . -I libc-compat -I ../limine-protocol/include -I ../flanterm/src -I ../libfdt/src -I '/tmp/vos5-limine.j3qiNo/build/common-bios/..' -isystem ../freestanding-c-hdrs/include  -DCOM_OUTPUT=false -DE9_OUTPUT=false -DFLANTERM_IN_FLANTERM -MMD -MP -DBIOS -c '../common/sys/e820.s2.c' -o '/tmp/vos5-limine.j3qiNo/build/common-bios/common/sys/e820.s2.o'
/usr/bin/mkdir -p "$(dirname '/tmp/vos5-limine.j3qiNo/build/common-bios/common/sys/exceptions.s2.o')"
x86_64-elf-gcc -g -O2 -pipe -ffile-prefix-map=/tmp/vos5-limine.j3qiNo=/vos-limine -g -Wall -Wextra -Wshadow -Wvla -Wno-error -std=gnu11 -nostdinc -ffreestanding -ffunction-sections -fdata-sections -fstack-protector-strong -fno-stack-check -fno-omit-frame-pointer -fno-strict-aliasing -fno-lto -mstack-protector-guard=global -fno-PIC -m32 -march=i686 -mabi=sysv -mno-80387 -mno-mmx -Os -I . -I libc-compat -I ../limine-protocol/include -I ../flanterm/src -I ../libfdt/src -I '/tmp/vos5-limine.j3qiNo/build/common-bios/..' -isystem ../freestanding-c-hdrs/include  -DCOM_OUTPUT=false -DE9_OUTPUT=false -DFLANTERM_IN_FLANTERM -MMD -MP -DBIOS -c '../common/sys/exceptions.s2.c' -o '/tmp/vos5-limine.j3qiNo/build/common-bios/common/sys/exceptions.s2.o'
/usr/bin/mkdir -p "$(dirname '/tmp/vos5-limine.j3qiNo/build/common-bios/common/sys/gdt.s2.o')"
x86_64-elf-gcc -g -O2 -pipe -ffile-prefix-map=/tmp/vos5-limine.j3qiNo=/vos-limine -g -Wall -Wextra -Wshadow -Wvla -Wno-error -std=gnu11 -nostdinc -ffreestanding -ffunction-sections -fdata-sections -fstack-protector-strong -fno-stack-check -fno-omit-frame-pointer -fno-strict-aliasing -fno-lto -mstack-protector-guard=global -fno-PIC -m32 -march=i686 -mabi=sysv -mno-80387 -mno-mmx -Os -I . -I libc-compat -I ../limine-protocol/include -I ../flanterm/src -I ../libfdt/src -I '/tmp/vos5-limine.j3qiNo/build/common-bios/..' -isystem ../freestanding-c-hdrs/include  -DCOM_OUTPUT=false -DE9_OUTPUT=false -DFLANTERM_IN_FLANTERM -MMD -MP -DBIOS -c '../common/sys/gdt.s2.c' -o '/tmp/vos5-limine.j3qiNo/build/common-bios/common/sys/gdt.s2.o'
/usr/bin/mkdir -p "$(dirname '/tmp/vos5-limine.j3qiNo/build/common-uefi-ia32/common/lib/stb_image.o')"
x86_64-elf-gcc -g -O2 -pipe -ffile-prefix-map=/tmp/vos5-limine.j3qiNo=/vos-limine -g -Wall -Wextra -Wshadow -Wvla -Wno-error -std=gnu11 -nostdinc -ffreestanding -ffunction-sections -fdata-sections -fstack-protector-strong -fno-stack-check -fno-omit-frame-pointer -fno-strict-aliasing -fno-lto -mstack-protector-guard=global -fPIE -fshort-wchar -m32 -march=i686 -malign-double -mabi=sysv -mno-80387 -mno-mmx -I ../picoefi/inc -I . -I libc-compat -I ../limine-protocol/include -I ../flanterm/src -I ../libfdt/src -I '/tmp/vos5-limine.j3qiNo/build/common-uefi-ia32/..' -isystem ../freestanding-c-hdrs/include  -DCOM_OUTPUT=false -DE9_OUTPUT=false -DFLANTERM_IN_FLANTERM -MMD -MP -DUEFI -c '../common/lib/stb_image.c' -o '/tmp/vos5-limine.j3qiNo/build/common-uefi-ia32/common/lib/stb_image.o'
/usr/bin/mkdir -p "$(dirname '/tmp/vos5-limine.j3qiNo/build/common-bios/common/sys/idt.s2.o')"
x86_64-elf-gcc -g -O2 -pipe -ffile-prefix-map=/tmp/vos5-limine.j3qiNo=/vos-limine -g -Wall -Wextra -Wshadow -Wvla -Wno-error -std=gnu11 -nostdinc -ffreestanding -ffunction-sections -fdata-sections -fstack-protector-strong -fno-stack-check -fno-omit-frame-pointer -fno-strict-aliasing -fno-lto -mstack-protector-guard=global -fno-PIC -m32 -march=i686 -mabi=sysv -mno-80387 -mno-mmx -Os -I . -I libc-compat -I ../limine-protocol/include -I ../flanterm/src -I ../libfdt/src -I '/tmp/vos5-limine.j3qiNo/build/common-bios/..' -isystem ../freestanding-c-hdrs/include  -DCOM_OUTPUT=false -DE9_OUTPUT=false -DFLANTERM_IN_FLANTERM -MMD -MP -DBIOS -c '../common/sys/idt.s2.c' -o '/tmp/vos5-limine.j3qiNo/build/common-bios/common/sys/idt.s2.o'
/usr/bin/mkdir -p "$(dirname '/tmp/vos5-limine.j3qiNo/build/common-bios/common/entry_asm.s2.o')"
nasm '../common/entry_asm.s2.asm_bios_ia32' -f elf32 -g -F dwarf -g -F dwarf -Wall -w-unknown-warning -w-reloc -Wno-error -DIA32_TARGET -DBIOS -o '/tmp/vos5-limine.j3qiNo/build/common-bios/common/entry_asm.s2.o'
/usr/bin/mkdir -p "$(dirname '/tmp/vos5-limine.j3qiNo/build/common-bios/common/lib/real.s2.o')"
nasm '../common/lib/real.s2.asm_bios_ia32' -f elf32 -g -F dwarf -g -F dwarf -Wall -w-unknown-warning -w-reloc -Wno-error -DIA32_TARGET -DBIOS -o '/tmp/vos5-limine.j3qiNo/build/common-bios/common/lib/real.s2.o'
/usr/bin/mkdir -p "$(dirname '/tmp/vos5-limine.j3qiNo/build/common-bios/common/pxe/pxe_asm.s2.o')"
nasm '../common/pxe/pxe_asm.s2.asm_bios_ia32' -f elf32 -g -F dwarf -g -F dwarf -Wall -w-unknown-warning -w-reloc -Wno-error -DIA32_TARGET -DBIOS -o '/tmp/vos5-limine.j3qiNo/build/common-bios/common/pxe/pxe_asm.s2.o'
/usr/bin/mkdir -p "$(dirname '/tmp/vos5-limine.j3qiNo/build/common-bios/common/sys/int_thunks.s2.o')"
nasm '../common/sys/int_thunks.s2.asm_bios_ia32' -f elf32 -g -F dwarf -g -F dwarf -Wall -w-unknown-warning -w-reloc -Wno-error -DIA32_TARGET -DBIOS -o '/tmp/vos5-limine.j3qiNo/build/common-bios/common/sys/int_thunks.s2.o'
/usr/bin/mkdir -p "$(dirname '/tmp/vos5-limine.j3qiNo/build/common-bios/common/compress/gzip.o')"
x86_64-elf-gcc -g -O2 -pipe -ffile-prefix-map=/tmp/vos5-limine.j3qiNo=/vos-limine -g -Wall -Wextra -Wshadow -Wvla -Wno-error -std=gnu11 -nostdinc -ffreestanding -ffunction-sections -fdata-sections -fstack-protector-strong -fno-stack-check -fno-omit-frame-pointer -fno-strict-aliasing -fno-lto -mstack-protector-guard=global -fno-PIC -m32 -march=i686 -mabi=sysv -mno-80387 -mno-mmx -I . -I libc-compat -I ../limine-protocol/include -I ../flanterm/src -I ../libfdt/src -I '/tmp/vos5-limine.j3qiNo/build/common-bios/..' -isystem ../freestanding-c-hdrs/include  -DCOM_OUTPUT=false -DE9_OUTPUT=false -DFLANTERM_IN_FLANTERM -MMD -MP -DBIOS -c '../common/compress/gzip.c' -o '/tmp/vos5-limine.j3qiNo/build/common-bios/common/compress/gzip.o'
/usr/bin/mkdir -p "$(dirname '/tmp/vos5-limine.j3qiNo/build/common-bios/common/compress/pdgzip.o')"
x86_64-elf-gcc -g -O2 -pipe -ffile-prefix-map=/tmp/vos5-limine.j3qiNo=/vos-limine -g -Wall -Wextra -Wshadow -Wvla -Wno-error -std=gnu11 -nostdinc -ffreestanding -ffunction-sections -fdata-sections -fstack-protector-strong -fno-stack-check -fno-omit-frame-pointer -fno-strict-aliasing -fno-lto -mstack-protector-guard=global -fno-PIC -m32 -march=i686 -mabi=sysv -mno-80387 -mno-mmx -I . -I libc-compat -I ../limine-protocol/include -I ../flanterm/src -I ../libfdt/src -I '/tmp/vos5-limine.j3qiNo/build/common-bios/..' -isystem ../freestanding-c-hdrs/include  -DCOM_OUTPUT=false -DE9_OUTPUT=false -DFLANTERM_IN_FLANTERM -MMD -MP -DBIOS -c '../common/compress/pdgzip.c' -o '/tmp/vos5-limine.j3qiNo/build/common-bios/common/compress/pdgzip.o'
/usr/bin/mkdir -p "$(dirname '/tmp/vos5-limine.j3qiNo/build/common-uefi-x86-64/common/mm/efi_pt.o')"
x86_64-elf-gcc -g -O2 -pipe -ffile-prefix-map=/tmp/vos5-limine.j3qiNo=/vos-limine -g -Wall -Wextra -Wshadow -Wvla -Wno-error -std=gnu11 -nostdinc -ffreestanding -ffunction-sections -fdata-sections -fstack-protector-strong -fno-stack-check -fno-omit-frame-pointer -fno-strict-aliasing -fno-lto -mstack-protector-guard=global -fPIE -fshort-wchar -m64 -march=x86-64 -mabi=sysv -mno-80387 -mno-mmx -mno-sse -mno-sse2 -mno-red-zone -I ../picoefi/inc -I . -I libc-compat -I ../limine-protocol/include -I ../flanterm/src -I ../libfdt/src -I '/tmp/vos5-limine.j3qiNo/build/common-uefi-x86-64/..' -isystem ../freestanding-c-hdrs/include  -DCOM_OUTPUT=false -DE9_OUTPUT=false -DFLANTERM_IN_FLANTERM -MMD -MP -DUEFI -c '../common/mm/efi_pt.c' -o '/tmp/vos5-limine.j3qiNo/build/common-uefi-x86-64/common/mm/efi_pt.o'
/usr/bin/mkdir -p "$(dirname '/tmp/vos5-limine.j3qiNo/build/common-uefi-x86-64/common/mm/mtrr.o')"
x86_64-elf-gcc -g -O2 -pipe -ffile-prefix-map=/tmp/vos5-limine.j3qiNo=/vos-limine -g -Wall -Wextra -Wshadow -Wvla -Wno-error -std=gnu11 -nostdinc -ffreestanding -ffunction-sections -fdata-sections -fstack-protector-strong -fno-stack-check -fno-omit-frame-pointer -fno-strict-aliasing -fno-lto -mstack-protector-guard=global -fPIE -fshort-wchar -m64 -march=x86-64 -mabi=sysv -mno-80387 -mno-mmx -mno-sse -mno-sse2 -mno-red-zone -I ../picoefi/inc -I . -I libc-compat -I ../limine-protocol/include -I ../flanterm/src -I ../libfdt/src -I '/tmp/vos5-limine.j3qiNo/build/common-uefi-x86-64/..' -isystem ../freestanding-c-hdrs/include  -DCOM_OUTPUT=false -DE9_OUTPUT=false -DFLANTERM_IN_FLANTERM -MMD -MP -DUEFI -c '../common/mm/mtrr.c' -o '/tmp/vos5-limine.j3qiNo/build/common-uefi-x86-64/common/mm/mtrr.o'
/usr/bin/mkdir -p "$(dirname '/tmp/vos5-limine.j3qiNo/build/common-uefi-x86-64/common/mm/pmm.o')"
x86_64-elf-gcc -g -O2 -pipe -ffile-prefix-map=/tmp/vos5-limine.j3qiNo=/vos-limine -g -Wall -Wextra -Wshadow -Wvla -Wno-error -std=gnu11 -nostdinc -ffreestanding -ffunction-sections -fdata-sections -fstack-protector-strong -fno-stack-check -fno-omit-frame-pointer -fno-strict-aliasing -fno-lto -mstack-protector-guard=global -fPIE -fshort-wchar -m64 -march=x86-64 -mabi=sysv -mno-80387 -mno-mmx -mno-sse -mno-sse2 -mno-red-zone -I ../picoefi/inc -I . -I libc-compat -I ../limine-protocol/include -I ../flanterm/src -I ../libfdt/src -I '/tmp/vos5-limine.j3qiNo/build/common-uefi-x86-64/..' -isystem ../freestanding-c-hdrs/include  -DCOM_OUTPUT=false -DE9_OUTPUT=false -DFLANTERM_IN_FLANTERM -MMD -MP -DUEFI -c '../common/mm/pmm.c' -o '/tmp/vos5-limine.j3qiNo/build/common-uefi-x86-64/common/mm/pmm.o'
/usr/bin/mkdir -p "$(dirname '/tmp/vos5-limine.j3qiNo/build/common-uefi-x86-64/common/mm/pmm.s2.o')"
x86_64-elf-gcc -g -O2 -pipe -ffile-prefix-map=/tmp/vos5-limine.j3qiNo=/vos-limine -g -Wall -Wextra -Wshadow -Wvla -Wno-error -std=gnu11 -nostdinc -ffreestanding -ffunction-sections -fdata-sections -fstack-protector-strong -fno-stack-check -fno-omit-frame-pointer -fno-strict-aliasing -fno-lto -mstack-protector-guard=global -fPIE -fshort-wchar -m64 -march=x86-64 -mabi=sysv -mno-80387 -mno-mmx -mno-sse -mno-sse2 -mno-red-zone -I ../picoefi/inc -I . -I libc-compat -I ../limine-protocol/include -I ../flanterm/src -I ../libfdt/src -I '/tmp/vos5-limine.j3qiNo/build/common-uefi-x86-64/..' -isystem ../freestanding-c-hdrs/include  -DCOM_OUTPUT=false -DE9_OUTPUT=false -DFLANTERM_IN_FLANTERM -MMD -MP -DUEFI -c '../common/mm/pmm.s2.c' -o '/tmp/vos5-limine.j3qiNo/build/common-uefi-x86-64/common/mm/pmm.s2.o'
/usr/bin/mkdir -p "$(dirname '/tmp/vos5-limine.j3qiNo/build/common-uefi-x86-64/common/mm/vmm.o')"
x86_64-elf-gcc -g -O2 -pipe -ffile-prefix-map=/tmp/vos5-limine.j3qiNo=/vos-limine -g -Wall -Wextra -Wshadow -Wvla -Wno-error -std=gnu11 -nostdinc -ffreestanding -ffunction-sections -fdata-sections -fstack-protector-strong -fno-stack-check -fno-omit-frame-pointer -fno-strict-aliasing -fno-lto -mstack-protector-guard=global -fPIE -fshort-wchar -m64 -march=x86-64 -mabi=sysv -mno-80387 -mno-mmx -mno-sse -mno-sse2 -mno-red-zone -I ../picoefi/inc -I . -I libc-compat -I ../limine-protocol/include -I ../flanterm/src -I ../libfdt/src -I '/tmp/vos5-limine.j3qiNo/build/common-uefi-x86-64/..' -isystem ../freestanding-c-hdrs/include  -DCOM_OUTPUT=false -DE9_OUTPUT=false -DFLANTERM_IN_FLANTERM -MMD -MP -DUEFI -c '../common/mm/vmm.c' -o '/tmp/vos5-limine.j3qiNo/build/common-uefi-x86-64/common/mm/vmm.o'
/usr/bin/mkdir -p "$(dirname '/tmp/vos5-limine.j3qiNo/build/common-uefi-x86-64/common/protos/chainload.o')"
x86_64-elf-gcc -g -O2 -pipe -ffile-prefix-map=/tmp/vos5-limine.j3qiNo=/vos-limine -g -Wall -Wextra -Wshadow -Wvla -Wno-error -std=gnu11 -nostdinc -ffreestanding -ffunction-sections -fdata-sections -fstack-protector-strong -fno-stack-check -fno-omit-frame-pointer -fno-strict-aliasing -fno-lto -mstack-protector-guard=global -fPIE -fshort-wchar -m64 -march=x86-64 -mabi=sysv -mno-80387 -mno-mmx -mno-sse -mno-sse2 -mno-red-zone -I ../picoefi/inc -I . -I libc-compat -I ../limine-protocol/include -I ../flanterm/src -I ../libfdt/src -I '/tmp/vos5-limine.j3qiNo/build/common-uefi-x86-64/..' -isystem ../freestanding-c-hdrs/include  -DCOM_OUTPUT=false -DE9_OUTPUT=false -DFLANTERM_IN_FLANTERM -MMD -MP -DUEFI -c '../common/protos/chainload.c' -o '/tmp/vos5-limine.j3qiNo/build/common-uefi-x86-64/common/protos/chainload.o'
/usr/bin/mkdir -p "$(dirname '/tmp/vos5-limine.j3qiNo/build/common-bios/common/crypt/blake2b.o')"
/usr/bin/mkdir -p "$(dirname '/tmp/vos5-limine.j3qiNo/build/common-uefi-x86-64/common/protos/efi_boot_entry.o')"
x86_64-elf-gcc -g -O2 -pipe -ffile-prefix-map=/tmp/vos5-limine.j3qiNo=/vos-limine -g -Wall -Wextra -Wshadow -Wvla -Wno-error -std=gnu11 -nostdinc -ffreestanding -ffunction-sections -fdata-sections -fstack-protector-strong -fno-stack-check -fno-omit-frame-pointer -fno-strict-aliasing -fno-lto -mstack-protector-guard=global -fno-PIC -m32 -march=i686 -mabi=sysv -mno-80387 -mno-mmx -I . -I libc-compat -I ../limine-protocol/include -I ../flanterm/src -I ../libfdt/src -I '/tmp/vos5-limine.j3qiNo/build/common-bios/..' -isystem ../freestanding-c-hdrs/include  -DCOM_OUTPUT=false -DE9_OUTPUT=false -DFLANTERM_IN_FLANTERM -MMD -MP -DBIOS -c '../common/crypt/blake2b.c' -o '/tmp/vos5-limine.j3qiNo/build/common-bios/common/crypt/blake2b.o'
x86_64-elf-gcc -g -O2 -pipe -ffile-prefix-map=/tmp/vos5-limine.j3qiNo=/vos-limine -g -Wall -Wextra -Wshadow -Wvla -Wno-error -std=gnu11 -nostdinc -ffreestanding -ffunction-sections -fdata-sections -fstack-protector-strong -fno-stack-check -fno-omit-frame-pointer -fno-strict-aliasing -fno-lto -mstack-protector-guard=global -fPIE -fshort-wchar -m64 -march=x86-64 -mabi=sysv -mno-80387 -mno-mmx -mno-sse -mno-sse2 -mno-red-zone -I ../picoefi/inc -I . -I libc-compat -I ../limine-protocol/include -I ../flanterm/src -I ../libfdt/src -I '/tmp/vos5-limine.j3qiNo/build/common-uefi-x86-64/..' -isystem ../freestanding-c-hdrs/include  -DCOM_OUTPUT=false -DE9_OUTPUT=false -DFLANTERM_IN_FLANTERM -MMD -MP -DUEFI -c '../common/protos/efi_boot_entry.c' -o '/tmp/vos5-limine.j3qiNo/build/common-uefi-x86-64/common/protos/efi_boot_entry.o'
/usr/bin/mkdir -p "$(dirname '/tmp/vos5-limine.j3qiNo/build/common-uefi-x86-64/common/protos/limine.o')"
x86_64-elf-gcc -g -O2 -pipe -ffile-prefix-map=/tmp/vos5-limine.j3qiNo=/vos-limine -g -Wall -Wextra -Wshadow -Wvla -Wno-error -std=gnu11 -nostdinc -ffreestanding -ffunction-sections -fdata-sections -fstack-protector-strong -fno-stack-check -fno-omit-frame-pointer -fno-strict-aliasing -fno-lto -mstack-protector-guard=global -fPIE -fshort-wchar -m64 -march=x86-64 -mabi=sysv -mno-80387 -mno-mmx -mno-sse -mno-sse2 -mno-red-zone -I ../picoefi/inc -I . -I libc-compat -I ../limine-protocol/include -I ../flanterm/src -I ../libfdt/src -I '/tmp/vos5-limine.j3qiNo/build/common-uefi-x86-64/..' -isystem ../freestanding-c-hdrs/include  -DCOM_OUTPUT=false -DE9_OUTPUT=false -DFLANTERM_IN_FLANTERM -MMD -MP -DUEFI -c '../common/protos/limine.c' -o '/tmp/vos5-limine.j3qiNo/build/common-uefi-x86-64/common/protos/limine.o'
/usr/bin/mkdir -p "$(dirname '/tmp/vos5-limine.j3qiNo/build/common-uefi-x86-64/common/protos/linux.o')"
x86_64-elf-gcc -g -O2 -pipe -ffile-prefix-map=/tmp/vos5-limine.j3qiNo=/vos-limine -g -Wall -Wextra -Wshadow -Wvla -Wno-error -std=gnu11 -nostdinc -ffreestanding -ffunction-sections -fdata-sections -fstack-protector-strong -fno-stack-check -fno-omit-frame-pointer -fno-strict-aliasing -fno-lto -mstack-protector-guard=global -fPIE -fshort-wchar -m64 -march=x86-64 -mabi=sysv -mno-80387 -mno-mmx -mno-sse -mno-sse2 -mno-red-zone -I ../picoefi/inc -I . -I libc-compat -I ../limine-protocol/include -I ../flanterm/src -I ../libfdt/src -I '/tmp/vos5-limine.j3qiNo/build/common-uefi-x86-64/..' -isystem ../freestanding-c-hdrs/include  -DCOM_OUTPUT=false -DE9_OUTPUT=false -DFLANTERM_IN_FLANTERM -MMD -MP -DUEFI -c '../common/protos/linux.c' -o '/tmp/vos5-limine.j3qiNo/build/common-uefi-x86-64/common/protos/linux.o'
/usr/bin/mkdir -p "$(dirname '/tmp/vos5-limine.j3qiNo/build/common-uefi-x86-64/common/protos/linux_risc.o')"
x86_64-elf-gcc -g -O2 -pipe -ffile-prefix-map=/tmp/vos5-limine.j3qiNo=/vos-limine -g -Wall -Wextra -Wshadow -Wvla -Wno-error -std=gnu11 -nostdinc -ffreestanding -ffunction-sections -fdata-sections -fstack-protector-strong -fno-stack-check -fno-omit-frame-pointer -fno-strict-aliasing -fno-lto -mstack-protector-guard=global -fPIE -fshort-wchar -m64 -march=x86-64 -mabi=sysv -mno-80387 -mno-mmx -mno-sse -mno-sse2 -mno-red-zone -I ../picoefi/inc -I . -I libc-compat -I ../limine-protocol/include -I ../flanterm/src -I ../libfdt/src -I '/tmp/vos5-limine.j3qiNo/build/common-uefi-x86-64/..' -isystem ../freestanding-c-hdrs/include  -DCOM_OUTPUT=false -DE9_OUTPUT=false -DFLANTERM_IN_FLANTERM -MMD -MP -DUEFI -c '../common/protos/linux_risc.c' -o '/tmp/vos5-limine.j3qiNo/build/common-uefi-x86-64/common/protos/linux_risc.o'
/usr/bin/mkdir -p "$(dirname '/tmp/vos5-limine.j3qiNo/build/common-uefi-x86-64/common/protos/linux_x86.o')"
x86_64-elf-gcc -g -O2 -pipe -ffile-prefix-map=/tmp/vos5-limine.j3qiNo=/vos-limine -g -Wall -Wextra -Wshadow -Wvla -Wno-error -std=gnu11 -nostdinc -ffreestanding -ffunction-sections -fdata-sections -fstack-protector-strong -fno-stack-check -fno-omit-frame-pointer -fno-strict-aliasing -fno-lto -mstack-protector-guard=global -fPIE -fshort-wchar -m64 -march=x86-64 -mabi=sysv -mno-80387 -mno-mmx -mno-sse -mno-sse2 -mno-red-zone -I ../picoefi/inc -I . -I libc-compat -I ../limine-protocol/include -I ../flanterm/src -I ../libfdt/src -I '/tmp/vos5-limine.j3qiNo/build/common-uefi-x86-64/..' -isystem ../freestanding-c-hdrs/include  -DCOM_OUTPUT=false -DE9_OUTPUT=false -DFLANTERM_IN_FLANTERM -MMD -MP -DUEFI -c '../common/protos/linux_x86.c' -o '/tmp/vos5-limine.j3qiNo/build/common-uefi-x86-64/common/protos/linux_x86.o'
/usr/bin/mkdir -p "$(dirname '/tmp/vos5-limine.j3qiNo/build/common-uefi-x86-64/common/protos/multiboot1.o')"
x86_64-elf-gcc -g -O2 -pipe -ffile-prefix-map=/tmp/vos5-limine.j3qiNo=/vos-limine -g -Wall -Wextra -Wshadow -Wvla -Wno-error -std=gnu11 -nostdinc -ffreestanding -ffunction-sections -fdata-sections -fstack-protector-strong -fno-stack-check -fno-omit-frame-pointer -fno-strict-aliasing -fno-lto -mstack-protector-guard=global -fPIE -fshort-wchar -m64 -march=x86-64 -mabi=sysv -mno-80387 -mno-mmx -mno-sse -mno-sse2 -mno-red-zone -I ../picoefi/inc -I . -I libc-compat -I ../limine-protocol/include -I ../flanterm/src -I ../libfdt/src -I '/tmp/vos5-limine.j3qiNo/build/common-uefi-x86-64/..' -isystem ../freestanding-c-hdrs/include  -DCOM_OUTPUT=false -DE9_OUTPUT=false -DFLANTERM_IN_FLANTERM -MMD -MP -DUEFI -c '../common/protos/multiboot1.c' -o '/tmp/vos5-limine.j3qiNo/build/common-uefi-x86-64/common/protos/multiboot1.o'
/usr/bin/mkdir -p "$(dirname '/tmp/vos5-limine.j3qiNo/build/common-uefi-x86-64/common/protos/multiboot2.o')"
x86_64-elf-gcc -g -O2 -pipe -ffile-prefix-map=/tmp/vos5-limine.j3qiNo=/vos-limine -g -Wall -Wextra -Wshadow -Wvla -Wno-error -std=gnu11 -nostdinc -ffreestanding -ffunction-sections -fdata-sections -fstack-protector-strong -fno-stack-check -fno-omit-frame-pointer -fno-strict-aliasing -fno-lto -mstack-protector-guard=global -fPIE -fshort-wchar -m64 -march=x86-64 -mabi=sysv -mno-80387 -mno-mmx -mno-sse -mno-sse2 -mno-red-zone -I ../picoefi/inc -I . -I libc-compat -I ../limine-protocol/include -I ../flanterm/src -I ../libfdt/src -I '/tmp/vos5-limine.j3qiNo/build/common-uefi-x86-64/..' -isystem ../freestanding-c-hdrs/include  -DCOM_OUTPUT=false -DE9_OUTPUT=false -DFLANTERM_IN_FLANTERM -MMD -MP -DUEFI -c '../common/protos/multiboot2.c' -o '/tmp/vos5-limine.j3qiNo/build/common-uefi-x86-64/common/protos/multiboot2.o'
/usr/bin/mkdir -p "$(dirname '/tmp/vos5-limine.j3qiNo/build/common-bios/common/drivers/edid.o')"
x86_64-elf-gcc -g -O2 -pipe -ffile-prefix-map=/tmp/vos5-limine.j3qiNo=/vos-limine -g -Wall -Wextra -Wshadow -Wvla -Wno-error -std=gnu11 -nostdinc -ffreestanding -ffunction-sections -fdata-sections -fstack-protector-strong -fno-stack-check -fno-omit-frame-pointer -fno-strict-aliasing -fno-lto -mstack-protector-guard=global -fno-PIC -m32 -march=i686 -mabi=sysv -mno-80387 -mno-mmx -I . -I libc-compat -I ../limine-protocol/include -I ../flanterm/src -I ../libfdt/src -I '/tmp/vos5-limine.j3qiNo/build/common-bios/..' -isystem ../freestanding-c-hdrs/include  -DCOM_OUTPUT=false -DE9_OUTPUT=false -DFLANTERM_IN_FLANTERM -MMD -MP -DBIOS -c '../common/drivers/edid.c' -o '/tmp/vos5-limine.j3qiNo/build/common-bios/common/drivers/edid.o'
/usr/bin/mkdir -p "$(dirname '/tmp/vos5-limine.j3qiNo/build/common-bios/common/drivers/gop.o')"
x86_64-elf-gcc -g -O2 -pipe -ffile-prefix-map=/tmp/vos5-limine.j3qiNo=/vos-limine -g -Wall -Wextra -Wshadow -Wvla -Wno-error -std=gnu11 -nostdinc -ffreestanding -ffunction-sections -fdata-sections -fstack-protector-strong -fno-stack-check -fno-omit-frame-pointer -fno-strict-aliasing -fno-lto -mstack-protector-guard=global -fno-PIC -m32 -march=i686 -mabi=sysv -mno-80387 -mno-mmx -I . -I libc-compat -I ../limine-protocol/include -I ../flanterm/src -I ../libfdt/src -I '/tmp/vos5-limine.j3qiNo/build/common-bios/..' -isystem ../freestanding-c-hdrs/include  -DCOM_OUTPUT=false -DE9_OUTPUT=false -DFLANTERM_IN_FLANTERM -MMD -MP -DBIOS -c '../common/drivers/gop.c' -o '/tmp/vos5-limine.j3qiNo/build/common-bios/common/drivers/gop.o'
/usr/bin/mkdir -p "$(dirname '/tmp/vos5-limine.j3qiNo/build/common-bios/common/drivers/mouse.o')"
x86_64-elf-gcc -g -O2 -pipe -ffile-prefix-map=/tmp/vos5-limine.j3qiNo=/vos-limine -g -Wall -Wextra -Wshadow -Wvla -Wno-error -std=gnu11 -nostdinc -ffreestanding -ffunction-sections -fdata-sections -fstack-protector-strong -fno-stack-check -fno-omit-frame-pointer -fno-strict-aliasing -fno-lto -mstack-protector-guard=global -fno-PIC -m32 -march=i686 -mabi=sysv -mno-80387 -mno-mmx -I . -I libc-compat -I ../limine-protocol/include -I ../flanterm/src -I ../libfdt/src -I '/tmp/vos5-limine.j3qiNo/build/common-bios/..' -isystem ../freestanding-c-hdrs/include  -DCOM_OUTPUT=false -DE9_OUTPUT=false -DFLANTERM_IN_FLANTERM -MMD -MP -DBIOS -c '../common/drivers/mouse.c' -o '/tmp/vos5-limine.j3qiNo/build/common-bios/common/drivers/mouse.o'
/usr/bin/mkdir -p "$(dirname '/tmp/vos5-limine.j3qiNo/build/common-uefi-x86-64/common/pxe/pxe.s2.o')"
x86_64-elf-gcc -g -O2 -pipe -ffile-prefix-map=/tmp/vos5-limine.j3qiNo=/vos-limine -g -Wall -Wextra -Wshadow -Wvla -Wno-error -std=gnu11 -nostdinc -ffreestanding -ffunction-sections -fdata-sections -fstack-protector-strong -fno-stack-check -fno-omit-frame-pointer -fno-strict-aliasing -fno-lto -mstack-protector-guard=global -fPIE -fshort-wchar -m64 -march=x86-64 -mabi=sysv -mno-80387 -mno-mmx -mno-sse -mno-sse2 -mno-red-zone -I ../picoefi/inc -I . -I libc-compat -I ../limine-protocol/include -I ../flanterm/src -I ../libfdt/src -I '/tmp/vos5-limine.j3qiNo/build/common-uefi-x86-64/..' -isystem ../freestanding-c-hdrs/include  -DCOM_OUTPUT=false -DE9_OUTPUT=false -DFLANTERM_IN_FLANTERM -MMD -MP -DUEFI -c '../common/pxe/pxe.s2.c' -o '/tmp/vos5-limine.j3qiNo/build/common-uefi-x86-64/common/pxe/pxe.s2.o'
/usr/bin/mkdir -p "$(dirname '/tmp/vos5-limine.j3qiNo/build/common-uefi-x86-64/common/pxe/tftp.s2.o')"
x86_64-elf-gcc -g -O2 -pipe -ffile-prefix-map=/tmp/vos5-limine.j3qiNo=/vos-limine -g -Wall -Wextra -Wshadow -Wvla -Wno-error -std=gnu11 -nostdinc -ffreestanding -ffunction-sections -fdata-sections -fstack-protector-strong -fno-stack-check -fno-omit-frame-pointer -fno-strict-aliasing -fno-lto -mstack-protector-guard=global -fPIE -fshort-wchar -m64 -march=x86-64 -mabi=sysv -mno-80387 -mno-mmx -mno-sse -mno-sse2 -mno-red-zone -I ../picoefi/inc -I . -I libc-compat -I ../limine-protocol/include -I ../flanterm/src -I ../libfdt/src -I '/tmp/vos5-limine.j3qiNo/build/common-uefi-x86-64/..' -isystem ../freestanding-c-hdrs/include  -DCOM_OUTPUT=false -DE9_OUTPUT=false -DFLANTERM_IN_FLANTERM -MMD -MP -DUEFI -c '../common/pxe/tftp.s2.c' -o '/tmp/vos5-limine.j3qiNo/build/common-uefi-x86-64/common/pxe/tftp.s2.o'
/usr/bin/mkdir -p "$(dirname '/tmp/vos5-limine.j3qiNo/build/common-uefi-x86-64/common/sys/a20.s2.o')"
x86_64-elf-gcc -g -O2 -pipe -ffile-prefix-map=/tmp/vos5-limine.j3qiNo=/vos-limine -g -Wall -Wextra -Wshadow -Wvla -Wno-error -std=gnu11 -nostdinc -ffreestanding -ffunction-sections -fdata-sections -fstack-protector-strong -fno-stack-check -fno-omit-frame-pointer -fno-strict-aliasing -fno-lto -mstack-protector-guard=global -fPIE -fshort-wchar -m64 -march=x86-64 -mabi=sysv -mno-80387 -mno-mmx -mno-sse -mno-sse2 -mno-red-zone -I ../picoefi/inc -I . -I libc-compat -I ../limine-protocol/include -I ../flanterm/src -I ../libfdt/src -I '/tmp/vos5-limine.j3qiNo/build/common-uefi-x86-64/..' -isystem ../freestanding-c-hdrs/include  -DCOM_OUTPUT=false -DE9_OUTPUT=false -DFLANTERM_IN_FLANTERM -MMD -MP -DUEFI -c '../common/sys/a20.s2.c' -o '/tmp/vos5-limine.j3qiNo/build/common-uefi-x86-64/common/sys/a20.s2.o'
/usr/bin/mkdir -p "$(dirname '/tmp/vos5-limine.j3qiNo/build/common-uefi-x86-64/common/sys/cpu.s2.o')"
x86_64-elf-gcc -g -O2 -pipe -ffile-prefix-map=/tmp/vos5-limine.j3qiNo=/vos-limine -g -Wall -Wextra -Wshadow -Wvla -Wno-error -std=gnu11 -nostdinc -ffreestanding -ffunction-sections -fdata-sections -fstack-protector-strong -fno-stack-check -fno-omit-frame-pointer -fno-strict-aliasing -fno-lto -mstack-protector-guard=global -fPIE -fshort-wchar -m64 -march=x86-64 -mabi=sysv -mno-80387 -mno-mmx -mno-sse -mno-sse2 -mno-red-zone -I ../picoefi/inc -I . -I libc-compat -I ../limine-protocol/include -I ../flanterm/src -I ../libfdt/src -I '/tmp/vos5-limine.j3qiNo/build/common-uefi-x86-64/..' -isystem ../freestanding-c-hdrs/include  -DCOM_OUTPUT=false -DE9_OUTPUT=false -DFLANTERM_IN_FLANTERM -MMD -MP -DUEFI -c '../common/sys/cpu.s2.c' -o '/tmp/vos5-limine.j3qiNo/build/common-uefi-x86-64/common/sys/cpu.s2.o'
/usr/bin/mkdir -p "$(dirname '/tmp/vos5-limine.j3qiNo/build/common-uefi-x86-64/common/sys/cpu_riscv.o')"
x86_64-elf-gcc -g -O2 -pipe -ffile-prefix-map=/tmp/vos5-limine.j3qiNo=/vos-limine -g -Wall -Wextra -Wshadow -Wvla -Wno-error -std=gnu11 -nostdinc -ffreestanding -ffunction-sections -fdata-sections -fstack-protector-strong -fno-stack-check -fno-omit-frame-pointer -fno-strict-aliasing -fno-lto -mstack-protector-guard=global -fPIE -fshort-wchar -m64 -march=x86-64 -mabi=sysv -mno-80387 -mno-mmx -mno-sse -mno-sse2 -mno-red-zone -I ../picoefi/inc -I . -I libc-compat -I ../limine-protocol/include -I ../flanterm/src -I ../libfdt/src -I '/tmp/vos5-limine.j3qiNo/build/common-uefi-x86-64/..' -isystem ../freestanding-c-hdrs/include  -DCOM_OUTPUT=false -DE9_OUTPUT=false -DFLANTERM_IN_FLANTERM -MMD -MP -DUEFI -c '../common/sys/cpu_riscv.c' -o '/tmp/vos5-limine.j3qiNo/build/common-uefi-x86-64/common/sys/cpu_riscv.o'
/usr/bin/mkdir -p "$(dirname '/tmp/vos5-limine.j3qiNo/build/common-uefi-x86-64/common/sys/e820.s2.o')"
x86_64-elf-gcc -g -O2 -pipe -ffile-prefix-map=/tmp/vos5-limine.j3qiNo=/vos-limine -g -Wall -Wextra -Wshadow -Wvla -Wno-error -std=gnu11 -nostdinc -ffreestanding -ffunction-sections -fdata-sections -fstack-protector-strong -fno-stack-check -fno-omit-frame-pointer -fno-strict-aliasing -fno-lto -mstack-protector-guard=global -fPIE -fshort-wchar -m64 -march=x86-64 -mabi=sysv -mno-80387 -mno-mmx -mno-sse -mno-sse2 -mno-red-zone -I ../picoefi/inc -I . -I libc-compat -I ../limine-protocol/include -I ../flanterm/src -I ../libfdt/src -I '/tmp/vos5-limine.j3qiNo/build/common-uefi-x86-64/..' -isystem ../freestanding-c-hdrs/include  -DCOM_OUTPUT=false -DE9_OUTPUT=false -DFLANTERM_IN_FLANTERM -MMD -MP -DUEFI -c '../common/sys/e820.s2.c' -o '/tmp/vos5-limine.j3qiNo/build/common-uefi-x86-64/common/sys/e820.s2.o'
/usr/bin/mkdir -p "$(dirname '/tmp/vos5-limine.j3qiNo/build/common-uefi-x86-64/common/sys/exceptions.s2.o')"
x86_64-elf-gcc -g -O2 -pipe -ffile-prefix-map=/tmp/vos5-limine.j3qiNo=/vos-limine -g -Wall -Wextra -Wshadow -Wvla -Wno-error -std=gnu11 -nostdinc -ffreestanding -ffunction-sections -fdata-sections -fstack-protector-strong -fno-stack-check -fno-omit-frame-pointer -fno-strict-aliasing -fno-lto -mstack-protector-guard=global -fPIE -fshort-wchar -m64 -march=x86-64 -mabi=sysv -mno-80387 -mno-mmx -mno-sse -mno-sse2 -mno-red-zone -I ../picoefi/inc -I . -I libc-compat -I ../limine-protocol/include -I ../flanterm/src -I ../libfdt/src -I '/tmp/vos5-limine.j3qiNo/build/common-uefi-x86-64/..' -isystem ../freestanding-c-hdrs/include  -DCOM_OUTPUT=false -DE9_OUTPUT=false -DFLANTERM_IN_FLANTERM -MMD -MP -DUEFI -c '../common/sys/exceptions.s2.c' -o '/tmp/vos5-limine.j3qiNo/build/common-uefi-x86-64/common/sys/exceptions.s2.o'
/usr/bin/mkdir -p "$(dirname '/tmp/vos5-limine.j3qiNo/build/common-uefi-x86-64/common/sys/gdt.s2.o')"
x86_64-elf-gcc -g -O2 -pipe -ffile-prefix-map=/tmp/vos5-limine.j3qiNo=/vos-limine -g -Wall -Wextra -Wshadow -Wvla -Wno-error -std=gnu11 -nostdinc -ffreestanding -ffunction-sections -fdata-sections -fstack-protector-strong -fno-stack-check -fno-omit-frame-pointer -fno-strict-aliasing -fno-lto -mstack-protector-guard=global -fPIE -fshort-wchar -m64 -march=x86-64 -mabi=sysv -mno-80387 -mno-mmx -mno-sse -mno-sse2 -mno-red-zone -I ../picoefi/inc -I . -I libc-compat -I ../limine-protocol/include -I ../flanterm/src -I ../libfdt/src -I '/tmp/vos5-limine.j3qiNo/build/common-uefi-x86-64/..' -isystem ../freestanding-c-hdrs/include  -DCOM_OUTPUT=false -DE9_OUTPUT=false -DFLANTERM_IN_FLANTERM -MMD -MP -DUEFI -c '../common/sys/gdt.s2.c' -o '/tmp/vos5-limine.j3qiNo/build/common-uefi-x86-64/common/sys/gdt.s2.o'
/usr/bin/mkdir -p "$(dirname '/tmp/vos5-limine.j3qiNo/build/common-bios/common/drivers/serial.o')"
x86_64-elf-gcc -g -O2 -pipe -ffile-prefix-map=/tmp/vos5-limine.j3qiNo=/vos-limine -g -Wall -Wextra -Wshadow -Wvla -Wno-error -std=gnu11 -nostdinc -ffreestanding -ffunction-sections -fdata-sections -fstack-protector-strong -fno-stack-check -fno-omit-frame-pointer -fno-strict-aliasing -fno-lto -mstack-protector-guard=global -fno-PIC -m32 -march=i686 -mabi=sysv -mno-80387 -mno-mmx -I . -I libc-compat -I ../limine-protocol/include -I ../flanterm/src -I ../libfdt/src -I '/tmp/vos5-limine.j3qiNo/build/common-bios/..' -isystem ../freestanding-c-hdrs/include  -DCOM_OUTPUT=false -DE9_OUTPUT=false -DFLANTERM_IN_FLANTERM -MMD -MP -DBIOS -c '../common/drivers/serial.c' -o '/tmp/vos5-limine.j3qiNo/build/common-bios/common/drivers/serial.o'
/usr/bin/mkdir -p "$(dirname '/tmp/vos5-limine.j3qiNo/build/common-uefi-x86-64/common/sys/idt.o')"
/usr/bin/mkdir -p "$(dirname '/tmp/vos5-limine.j3qiNo/build/common-uefi-x86-64/common/sys/idt.s2.o')"
x86_64-elf-gcc -g -O2 -pipe -ffile-prefix-map=/tmp/vos5-limine.j3qiNo=/vos-limine -g -Wall -Wextra -Wshadow -Wvla -Wno-error -std=gnu11 -nostdinc -ffreestanding -ffunction-sections -fdata-sections -fstack-protector-strong -fno-stack-check -fno-omit-frame-pointer -fno-strict-aliasing -fno-lto -mstack-protector-guard=global -fPIE -fshort-wchar -m64 -march=x86-64 -mabi=sysv -mno-80387 -mno-mmx -mno-sse -mno-sse2 -mno-red-zone -I ../picoefi/inc -I . -I libc-compat -I ../limine-protocol/include -I ../flanterm/src -I ../libfdt/src -I '/tmp/vos5-limine.j3qiNo/build/common-uefi-x86-64/..' -isystem ../freestanding-c-hdrs/include  -DCOM_OUTPUT=false -DE9_OUTPUT=false -DFLANTERM_IN_FLANTERM -MMD -MP -DUEFI -c '../common/sys/idt.c' -o '/tmp/vos5-limine.j3qiNo/build/common-uefi-x86-64/common/sys/idt.o'
x86_64-elf-gcc -g -O2 -pipe -ffile-prefix-map=/tmp/vos5-limine.j3qiNo=/vos-limine -g -Wall -Wextra -Wshadow -Wvla -Wno-error -std=gnu11 -nostdinc -ffreestanding -ffunction-sections -fdata-sections -fstack-protector-strong -fno-stack-check -fno-omit-frame-pointer -fno-strict-aliasing -fno-lto -mstack-protector-guard=global -fPIE -fshort-wchar -m64 -march=x86-64 -mabi=sysv -mno-80387 -mno-mmx -mno-sse -mno-sse2 -mno-red-zone -I ../picoefi/inc -I . -I libc-compat -I ../limine-protocol/include -I ../flanterm/src -I ../libfdt/src -I '/tmp/vos5-limine.j3qiNo/build/common-uefi-x86-64/..' -isystem ../freestanding-c-hdrs/include  -DCOM_OUTPUT=false -DE9_OUTPUT=false -DFLANTERM_IN_FLANTERM -MMD -MP -DUEFI -c '../common/sys/idt.s2.c' -o '/tmp/vos5-limine.j3qiNo/build/common-uefi-x86-64/common/sys/idt.s2.o'
/usr/bin/mkdir -p "$(dirname '/tmp/vos5-limine.j3qiNo/build/common-uefi-x86-64/common/sys/iommu.o')"
x86_64-elf-gcc -g -O2 -pipe -ffile-prefix-map=/tmp/vos5-limine.j3qiNo=/vos-limine -g -Wall -Wextra -Wshadow -Wvla -Wno-error -std=gnu11 -nostdinc -ffreestanding -ffunction-sections -fdata-sections -fstack-protector-strong -fno-stack-check -fno-omit-frame-pointer -fno-strict-aliasing -fno-lto -mstack-protector-guard=global -fPIE -fshort-wchar -m64 -march=x86-64 -mabi=sysv -mno-80387 -mno-mmx -mno-sse -mno-sse2 -mno-red-zone -I ../picoefi/inc -I . -I libc-compat -I ../limine-protocol/include -I ../flanterm/src -I ../libfdt/src -I '/tmp/vos5-limine.j3qiNo/build/common-uefi-x86-64/..' -isystem ../freestanding-c-hdrs/include  -DCOM_OUTPUT=false -DE9_OUTPUT=false -DFLANTERM_IN_FLANTERM -MMD -MP -DUEFI -c '../common/sys/iommu.c' -o '/tmp/vos5-limine.j3qiNo/build/common-uefi-x86-64/common/sys/iommu.o'
/usr/bin/mkdir -p "$(dirname '/tmp/vos5-limine.j3qiNo/build/common-uefi-x86-64/common/sys/lapic.o')"
x86_64-elf-gcc -g -O2 -pipe -ffile-prefix-map=/tmp/vos5-limine.j3qiNo=/vos-limine -g -Wall -Wextra -Wshadow -Wvla -Wno-error -std=gnu11 -nostdinc -ffreestanding -ffunction-sections -fdata-sections -fstack-protector-strong -fno-stack-check -fno-omit-frame-pointer -fno-strict-aliasing -fno-lto -mstack-protector-guard=global -fPIE -fshort-wchar -m64 -march=x86-64 -mabi=sysv -mno-80387 -mno-mmx -mno-sse -mno-sse2 -mno-red-zone -I ../picoefi/inc -I . -I libc-compat -I ../limine-protocol/include -I ../flanterm/src -I ../libfdt/src -I '/tmp/vos5-limine.j3qiNo/build/common-uefi-x86-64/..' -isystem ../freestanding-c-hdrs/include  -DCOM_OUTPUT=false -DE9_OUTPUT=false -DFLANTERM_IN_FLANTERM -MMD -MP -DUEFI -c '../common/sys/lapic.c' -o '/tmp/vos5-limine.j3qiNo/build/common-uefi-x86-64/common/sys/lapic.o'
/usr/bin/mkdir -p "$(dirname '/tmp/vos5-limine.j3qiNo/build/common-uefi-x86-64/common/sys/pic.o')"
x86_64-elf-gcc -g -O2 -pipe -ffile-prefix-map=/tmp/vos5-limine.j3qiNo=/vos-limine -g -Wall -Wextra -Wshadow -Wvla -Wno-error -std=gnu11 -nostdinc -ffreestanding -ffunction-sections -fdata-sections -fstack-protector-strong -fno-stack-check -fno-omit-frame-pointer -fno-strict-aliasing -fno-lto -mstack-protector-guard=global -fPIE -fshort-wchar -m64 -march=x86-64 -mabi=sysv -mno-80387 -mno-mmx -mno-sse -mno-sse2 -mno-red-zone -I ../picoefi/inc -I . -I libc-compat -I ../limine-protocol/include -I ../flanterm/src -I ../libfdt/src -I '/tmp/vos5-limine.j3qiNo/build/common-uefi-x86-64/..' -isystem ../freestanding-c-hdrs/include  -DCOM_OUTPUT=false -DE9_OUTPUT=false -DFLANTERM_IN_FLANTERM -MMD -MP -DUEFI -c '../common/sys/pic.c' -o '/tmp/vos5-limine.j3qiNo/build/common-uefi-x86-64/common/sys/pic.o'
/usr/bin/mkdir -p "$(dirname '/tmp/vos5-limine.j3qiNo/build/common-bios/common/drivers/vbe.o')"
x86_64-elf-gcc -g -O2 -pipe -ffile-prefix-map=/tmp/vos5-limine.j3qiNo=/vos-limine -g -Wall -Wextra -Wshadow -Wvla -Wno-error -std=gnu11 -nostdinc -ffreestanding -ffunction-sections -fdata-sections -fstack-protector-strong -fno-stack-check -fno-omit-frame-pointer -fno-strict-aliasing -fno-lto -mstack-protector-guard=global -fno-PIC -m32 -march=i686 -mabi=sysv -mno-80387 -mno-mmx -I . -I libc-compat -I ../limine-protocol/include -I ../flanterm/src -I ../libfdt/src -I '/tmp/vos5-limine.j3qiNo/build/common-bios/..' -isystem ../freestanding-c-hdrs/include  -DCOM_OUTPUT=false -DE9_OUTPUT=false -DFLANTERM_IN_FLANTERM -MMD -MP -DBIOS -c '../common/drivers/vbe.c' -o '/tmp/vos5-limine.j3qiNo/build/common-bios/common/drivers/vbe.o'
/usr/bin/mkdir -p "$(dirname '/tmp/vos5-limine.j3qiNo/build/common-uefi-x86-64/common/sys/smp.o')"
x86_64-elf-gcc -g -O2 -pipe -ffile-prefix-map=/tmp/vos5-limine.j3qiNo=/vos-limine -g -Wall -Wextra -Wshadow -Wvla -Wno-error -std=gnu11 -nostdinc -ffreestanding -ffunction-sections -fdata-sections -fstack-protector-strong -fno-stack-check -fno-omit-frame-pointer -fno-strict-aliasing -fno-lto -mstack-protector-guard=global -fPIE -fshort-wchar -m64 -march=x86-64 -mabi=sysv -mno-80387 -mno-mmx -mno-sse -mno-sse2 -mno-red-zone -I ../picoefi/inc -I . -I libc-compat -I ../limine-protocol/include -I ../flanterm/src -I ../libfdt/src -I '/tmp/vos5-limine.j3qiNo/build/common-uefi-x86-64/..' -isystem ../freestanding-c-hdrs/include  -DCOM_OUTPUT=false -DE9_OUTPUT=false -DFLANTERM_IN_FLANTERM -MMD -MP -DUEFI -c '../common/sys/smp.c' -o '/tmp/vos5-limine.j3qiNo/build/common-uefi-x86-64/common/sys/smp.o'
/usr/bin/mkdir -p "$(dirname '/tmp/vos5-limine.j3qiNo/build/common-bios/common/drivers/vga_textmode.o')"
x86_64-elf-gcc -g -O2 -pipe -ffile-prefix-map=/tmp/vos5-limine.j3qiNo=/vos-limine -g -Wall -Wextra -Wshadow -Wvla -Wno-error -std=gnu11 -nostdinc -ffreestanding -ffunction-sections -fdata-sections -fstack-protector-strong -fno-stack-check -fno-omit-frame-pointer -fno-strict-aliasing -fno-lto -mstack-protector-guard=global -fno-PIC -m32 -march=i686 -mabi=sysv -mno-80387 -mno-mmx -I . -I libc-compat -I ../limine-protocol/include -I ../flanterm/src -I ../libfdt/src -I '/tmp/vos5-limine.j3qiNo/build/common-bios/..' -isystem ../freestanding-c-hdrs/include  -DCOM_OUTPUT=false -DE9_OUTPUT=false -DFLANTERM_IN_FLANTERM -MMD -MP -DBIOS -c '../common/drivers/vga_textmode.c' -o '/tmp/vos5-limine.j3qiNo/build/common-bios/common/drivers/vga_textmode.o'
/usr/bin/mkdir -p "$(dirname '/tmp/vos5-limine.j3qiNo/build/common-uefi-x86-64/flanterm/src/flanterm.o')"
x86_64-elf-gcc -g -O2 -pipe -ffile-prefix-map=/tmp/vos5-limine.j3qiNo=/vos-limine -g -Wall -Wextra -Wshadow -Wvla -Wno-error -std=gnu11 -nostdinc -ffreestanding -ffunction-sections -fdata-sections -fstack-protector-strong -fno-stack-check -fno-omit-frame-pointer -fno-strict-aliasing -fno-lto -mstack-protector-guard=global -fPIE -fshort-wchar -m64 -march=x86-64 -mabi=sysv -mno-80387 -mno-mmx -mno-sse -mno-sse2 -mno-red-zone -I ../picoefi/inc -I . -I libc-compat -I ../limine-protocol/include -I ../flanterm/src -I ../libfdt/src -I '/tmp/vos5-limine.j3qiNo/build/common-uefi-x86-64/..' -isystem ../freestanding-c-hdrs/include  -DCOM_OUTPUT=false -DE9_OUTPUT=false -DFLANTERM_IN_FLANTERM -MMD -MP -DUEFI -c '../flanterm/src/flanterm.c' -o '/tmp/vos5-limine.j3qiNo/build/common-uefi-x86-64/flanterm/src/flanterm.o'
/usr/bin/mkdir -p "$(dirname '/tmp/vos5-limine.j3qiNo/build/common-uefi-x86-64/flanterm/src/flanterm_backends/fb.o')"
x86_64-elf-gcc -g -O2 -pipe -ffile-prefix-map=/tmp/vos5-limine.j3qiNo=/vos-limine -g -Wall -Wextra -Wshadow -Wvla -Wno-error -std=gnu11 -nostdinc -ffreestanding -ffunction-sections -fdata-sections -fstack-protector-strong -fno-stack-check -fno-omit-frame-pointer -fno-strict-aliasing -fno-lto -mstack-protector-guard=global -fPIE -fshort-wchar -m64 -march=x86-64 -mabi=sysv -mno-80387 -mno-mmx -mno-sse -mno-sse2 -mno-red-zone -I ../picoefi/inc -I . -I libc-compat -I ../limine-protocol/include -I ../flanterm/src -I ../libfdt/src -I '/tmp/vos5-limine.j3qiNo/build/common-uefi-x86-64/..' -isystem ../freestanding-c-hdrs/include  -DCOM_OUTPUT=false -DE9_OUTPUT=false -DFLANTERM_IN_FLANTERM -MMD -MP -DUEFI -DFLANTERM_FB_DISABLE_BUMP_ALLOC -c '../flanterm/src/flanterm_backends/fb.c' -o '/tmp/vos5-limine.j3qiNo/build/common-uefi-x86-64/flanterm/src/flanterm_backends/fb.o'
/usr/bin/mkdir -p "$(dirname '/tmp/vos5-limine.j3qiNo/build/common-bios/common/entry.s3.o')"
x86_64-elf-gcc -g -O2 -pipe -ffile-prefix-map=/tmp/vos5-limine.j3qiNo=/vos-limine -g -Wall -Wextra -Wshadow -Wvla -Wno-error -std=gnu11 -nostdinc -ffreestanding -ffunction-sections -fdata-sections -fstack-protector-strong -fno-stack-check -fno-omit-frame-pointer -fno-strict-aliasing -fno-lto -mstack-protector-guard=global -fno-PIC -m32 -march=i686 -mabi=sysv -mno-80387 -mno-mmx -I . -I libc-compat -I ../limine-protocol/include -I ../flanterm/src -I ../libfdt/src -I '/tmp/vos5-limine.j3qiNo/build/common-bios/..' -isystem ../freestanding-c-hdrs/include  -DCOM_OUTPUT=false -DE9_OUTPUT=false -DFLANTERM_IN_FLANTERM -MMD -MP -DBIOS -c '../common/entry.s3.c' -o '/tmp/vos5-limine.j3qiNo/build/common-bios/common/entry.s3.o'
/usr/bin/mkdir -p "$(dirname '/tmp/vos5-limine.j3qiNo/build/common-bios/common/lib/acpi.o')"
x86_64-elf-gcc -g -O2 -pipe -ffile-prefix-map=/tmp/vos5-limine.j3qiNo=/vos-limine -g -Wall -Wextra -Wshadow -Wvla -Wno-error -std=gnu11 -nostdinc -ffreestanding -ffunction-sections -fdata-sections -fstack-protector-strong -fno-stack-check -fno-omit-frame-pointer -fno-strict-aliasing -fno-lto -mstack-protector-guard=global -fno-PIC -m32 -march=i686 -mabi=sysv -mno-80387 -mno-mmx -I . -I libc-compat -I ../limine-protocol/include -I ../flanterm/src -I ../libfdt/src -I '/tmp/vos5-limine.j3qiNo/build/common-bios/..' -isystem ../freestanding-c-hdrs/include  -DCOM_OUTPUT=false -DE9_OUTPUT=false -DFLANTERM_IN_FLANTERM -MMD -MP -DBIOS -c '../common/lib/acpi.c' -o '/tmp/vos5-limine.j3qiNo/build/common-bios/common/lib/acpi.o'
/usr/bin/mkdir -p "$(dirname '/tmp/vos5-limine.j3qiNo/build/common-bios/common/lib/bgrt.o')"
x86_64-elf-gcc -g -O2 -pipe -ffile-prefix-map=/tmp/vos5-limine.j3qiNo=/vos-limine -g -Wall -Wextra -Wshadow -Wvla -Wno-error -std=gnu11 -nostdinc -ffreestanding -ffunction-sections -fdata-sections -fstack-protector-strong -fno-stack-check -fno-omit-frame-pointer -fno-strict-aliasing -fno-lto -mstack-protector-guard=global -fno-PIC -m32 -march=i686 -mabi=sysv -mno-80387 -mno-mmx -I . -I libc-compat -I ../limine-protocol/include -I ../flanterm/src -I ../libfdt/src -I '/tmp/vos5-limine.j3qiNo/build/common-bios/..' -isystem ../freestanding-c-hdrs/include  -DCOM_OUTPUT=false -DE9_OUTPUT=false -DFLANTERM_IN_FLANTERM -MMD -MP -DBIOS -c '../common/lib/bgrt.c' -o '/tmp/vos5-limine.j3qiNo/build/common-bios/common/lib/bgrt.o'
/usr/bin/mkdir -p "$(dirname '/tmp/vos5-limine.j3qiNo/build/common-bios/common/lib/bli.o')"
x86_64-elf-gcc -g -O2 -pipe -ffile-prefix-map=/tmp/vos5-limine.j3qiNo=/vos-limine -g -Wall -Wextra -Wshadow -Wvla -Wno-error -std=gnu11 -nostdinc -ffreestanding -ffunction-sections -fdata-sections -fstack-protector-strong -fno-stack-check -fno-omit-frame-pointer -fno-strict-aliasing -fno-lto -mstack-protector-guard=global -fno-PIC -m32 -march=i686 -mabi=sysv -mno-80387 -mno-mmx -I . -I libc-compat -I ../limine-protocol/include -I ../flanterm/src -I ../libfdt/src -I '/tmp/vos5-limine.j3qiNo/build/common-bios/..' -isystem ../freestanding-c-hdrs/include  -DCOM_OUTPUT=false -DE9_OUTPUT=false -DFLANTERM_IN_FLANTERM -MMD -MP -DBIOS -c '../common/lib/bli.c' -o '/tmp/vos5-limine.j3qiNo/build/common-bios/common/lib/bli.o'
/usr/bin/mkdir -p "$(dirname '/tmp/vos5-limine.j3qiNo/build/common-bios/common/lib/config.o')"
x86_64-elf-gcc -g -O2 -pipe -ffile-prefix-map=/tmp/vos5-limine.j3qiNo=/vos-limine -g -Wall -Wextra -Wshadow -Wvla -Wno-error -std=gnu11 -nostdinc -ffreestanding -ffunction-sections -fdata-sections -fstack-protector-strong -fno-stack-check -fno-omit-frame-pointer -fno-strict-aliasing -fno-lto -mstack-protector-guard=global -fno-PIC -m32 -march=i686 -mabi=sysv -mno-80387 -mno-mmx -I . -I libc-compat -I ../limine-protocol/include -I ../flanterm/src -I ../libfdt/src -I '/tmp/vos5-limine.j3qiNo/build/common-bios/..' -isystem ../freestanding-c-hdrs/include  -DCOM_OUTPUT=false -DE9_OUTPUT=false -DFLANTERM_IN_FLANTERM -MMD -MP -DBIOS -c '../common/lib/config.c' -o '/tmp/vos5-limine.j3qiNo/build/common-bios/common/lib/config.o'
/usr/bin/mkdir -p "$(dirname '/tmp/vos5-limine.j3qiNo/build/common-bios/common/lib/elf.o')"
x86_64-elf-gcc -g -O2 -pipe -ffile-prefix-map=/tmp/vos5-limine.j3qiNo=/vos-limine -g -Wall -Wextra -Wshadow -Wvla -Wno-error -std=gnu11 -nostdinc -ffreestanding -ffunction-sections -fdata-sections -fstack-protector-strong -fno-stack-check -fno-omit-frame-pointer -fno-strict-aliasing -fno-lto -mstack-protector-guard=global -fno-PIC -m32 -march=i686 -mabi=sysv -mno-80387 -mno-mmx -I . -I libc-compat -I ../limine-protocol/include -I ../flanterm/src -I ../libfdt/src -I '/tmp/vos5-limine.j3qiNo/build/common-bios/..' -isystem ../freestanding-c-hdrs/include  -DCOM_OUTPUT=false -DE9_OUTPUT=false -DFLANTERM_IN_FLANTERM -MMD -MP -DBIOS -c '../common/lib/elf.c' -o '/tmp/vos5-limine.j3qiNo/build/common-bios/common/lib/elf.o'
/usr/bin/mkdir -p "$(dirname '/tmp/vos5-limine.j3qiNo/build/common-uefi-x86-64/libfdt/src/fdt.o')"
x86_64-elf-gcc -g -O2 -pipe -ffile-prefix-map=/tmp/vos5-limine.j3qiNo=/vos-limine -g -Wall -Wextra -Wshadow -Wvla -Wno-error -std=gnu11 -nostdinc -ffreestanding -ffunction-sections -fdata-sections -fstack-protector-strong -fno-stack-check -fno-omit-frame-pointer -fno-strict-aliasing -fno-lto -mstack-protector-guard=global -fPIE -fshort-wchar -m64 -march=x86-64 -mabi=sysv -mno-80387 -mno-mmx -mno-sse -mno-sse2 -mno-red-zone -I ../picoefi/inc -I . -I libc-compat -I ../limine-protocol/include -I ../flanterm/src -I ../libfdt/src -I '/tmp/vos5-limine.j3qiNo/build/common-uefi-x86-64/..' -isystem ../freestanding-c-hdrs/include  -DCOM_OUTPUT=false -DE9_OUTPUT=false -DFLANTERM_IN_FLANTERM -MMD -MP -DUEFI -c '../libfdt/src/fdt.c' -o '/tmp/vos5-limine.j3qiNo/build/common-uefi-x86-64/libfdt/src/fdt.o'
/usr/bin/mkdir -p "$(dirname '/tmp/vos5-limine.j3qiNo/build/common-uefi-ia32/common/lib/term.o')"
x86_64-elf-gcc -g -O2 -pipe -ffile-prefix-map=/tmp/vos5-limine.j3qiNo=/vos-limine -g -Wall -Wextra -Wshadow -Wvla -Wno-error -std=gnu11 -nostdinc -ffreestanding -ffunction-sections -fdata-sections -fstack-protector-strong -fno-stack-check -fno-omit-frame-pointer -fno-strict-aliasing -fno-lto -mstack-protector-guard=global -fPIE -fshort-wchar -m32 -march=i686 -malign-double -mabi=sysv -mno-80387 -mno-mmx -I ../picoefi/inc -I . -I libc-compat -I ../limine-protocol/include -I ../flanterm/src -I ../libfdt/src -I '/tmp/vos5-limine.j3qiNo/build/common-uefi-ia32/..' -isystem ../freestanding-c-hdrs/include  -DCOM_OUTPUT=false -DE9_OUTPUT=false -DFLANTERM_IN_FLANTERM -MMD -MP -DUEFI -c '../common/lib/term.c' -o '/tmp/vos5-limine.j3qiNo/build/common-uefi-ia32/common/lib/term.o'
/usr/bin/mkdir -p "$(dirname '/tmp/vos5-limine.j3qiNo/build/common-uefi-x86-64/libfdt/src/fdt_addresses.o')"
x86_64-elf-gcc -g -O2 -pipe -ffile-prefix-map=/tmp/vos5-limine.j3qiNo=/vos-limine -g -Wall -Wextra -Wshadow -Wvla -Wno-error -std=gnu11 -nostdinc -ffreestanding -ffunction-sections -fdata-sections -fstack-protector-strong -fno-stack-check -fno-omit-frame-pointer -fno-strict-aliasing -fno-lto -mstack-protector-guard=global -fPIE -fshort-wchar -m64 -march=x86-64 -mabi=sysv -mno-80387 -mno-mmx -mno-sse -mno-sse2 -mno-red-zone -I ../picoefi/inc -I . -I libc-compat -I ../limine-protocol/include -I ../flanterm/src -I ../libfdt/src -I '/tmp/vos5-limine.j3qiNo/build/common-uefi-x86-64/..' -isystem ../freestanding-c-hdrs/include  -DCOM_OUTPUT=false -DE9_OUTPUT=false -DFLANTERM_IN_FLANTERM -MMD -MP -DUEFI -c '../libfdt/src/fdt_addresses.c' -o '/tmp/vos5-limine.j3qiNo/build/common-uefi-x86-64/libfdt/src/fdt_addresses.o'
/usr/bin/mkdir -p "$(dirname '/tmp/vos5-limine.j3qiNo/build/common-uefi-x86-64/libfdt/src/fdt_check.o')"
x86_64-elf-gcc -g -O2 -pipe -ffile-prefix-map=/tmp/vos5-limine.j3qiNo=/vos-limine -g -Wall -Wextra -Wshadow -Wvla -Wno-error -std=gnu11 -nostdinc -ffreestanding -ffunction-sections -fdata-sections -fstack-protector-strong -fno-stack-check -fno-omit-frame-pointer -fno-strict-aliasing -fno-lto -mstack-protector-guard=global -fPIE -fshort-wchar -m64 -march=x86-64 -mabi=sysv -mno-80387 -mno-mmx -mno-sse -mno-sse2 -mno-red-zone -I ../picoefi/inc -I . -I libc-compat -I ../limine-protocol/include -I ../flanterm/src -I ../libfdt/src -I '/tmp/vos5-limine.j3qiNo/build/common-uefi-x86-64/..' -isystem ../freestanding-c-hdrs/include  -DCOM_OUTPUT=false -DE9_OUTPUT=false -DFLANTERM_IN_FLANTERM -MMD -MP -DUEFI -c '../libfdt/src/fdt_check.c' -o '/tmp/vos5-limine.j3qiNo/build/common-uefi-x86-64/libfdt/src/fdt_check.o'
/usr/bin/mkdir -p "$(dirname '/tmp/vos5-limine.j3qiNo/build/common-uefi-ia32/common/lib/time.o')"
x86_64-elf-gcc -g -O2 -pipe -ffile-prefix-map=/tmp/vos5-limine.j3qiNo=/vos-limine -g -Wall -Wextra -Wshadow -Wvla -Wno-error -std=gnu11 -nostdinc -ffreestanding -ffunction-sections -fdata-sections -fstack-protector-strong -fno-stack-check -fno-omit-frame-pointer -fno-strict-aliasing -fno-lto -mstack-protector-guard=global -fPIE -fshort-wchar -m32 -march=i686 -malign-double -mabi=sysv -mno-80387 -mno-mmx -I ../picoefi/inc -I . -I libc-compat -I ../limine-protocol/include -I ../flanterm/src -I ../libfdt/src -I '/tmp/vos5-limine.j3qiNo/build/common-uefi-ia32/..' -isystem ../freestanding-c-hdrs/include  -DCOM_OUTPUT=false -DE9_OUTPUT=false -DFLANTERM_IN_FLANTERM -MMD -MP -DUEFI -c '../common/lib/time.c' -o '/tmp/vos5-limine.j3qiNo/build/common-uefi-ia32/common/lib/time.o'
/usr/bin/mkdir -p "$(dirname '/tmp/vos5-limine.j3qiNo/build/common-uefi-x86-64/libfdt/src/fdt_empty_tree.o')"
x86_64-elf-gcc -g -O2 -pipe -ffile-prefix-map=/tmp/vos5-limine.j3qiNo=/vos-limine -g -Wall -Wextra -Wshadow -Wvla -Wno-error -std=gnu11 -nostdinc -ffreestanding -ffunction-sections -fdata-sections -fstack-protector-strong -fno-stack-check -fno-omit-frame-pointer -fno-strict-aliasing -fno-lto -mstack-protector-guard=global -fPIE -fshort-wchar -m64 -march=x86-64 -mabi=sysv -mno-80387 -mno-mmx -mno-sse -mno-sse2 -mno-red-zone -I ../picoefi/inc -I . -I libc-compat -I ../limine-protocol/include -I ../flanterm/src -I ../libfdt/src -I '/tmp/vos5-limine.j3qiNo/build/common-uefi-x86-64/..' -isystem ../freestanding-c-hdrs/include  -DCOM_OUTPUT=false -DE9_OUTPUT=false -DFLANTERM_IN_FLANTERM -MMD -MP -DUEFI -c '../libfdt/src/fdt_empty_tree.c' -o '/tmp/vos5-limine.j3qiNo/build/common-uefi-x86-64/libfdt/src/fdt_empty_tree.o'
/usr/bin/mkdir -p "$(dirname '/tmp/vos5-limine.j3qiNo/build/common-uefi-x86-64/libfdt/src/fdt_overlay.o')"
x86_64-elf-gcc -g -O2 -pipe -ffile-prefix-map=/tmp/vos5-limine.j3qiNo=/vos-limine -g -Wall -Wextra -Wshadow -Wvla -Wno-error -std=gnu11 -nostdinc -ffreestanding -ffunction-sections -fdata-sections -fstack-protector-strong -fno-stack-check -fno-omit-frame-pointer -fno-strict-aliasing -fno-lto -mstack-protector-guard=global -fPIE -fshort-wchar -m64 -march=x86-64 -mabi=sysv -mno-80387 -mno-mmx -mno-sse -mno-sse2 -mno-red-zone -Wno-unused-parameter -I ../picoefi/inc -I . -I libc-compat -I ../limine-protocol/include -I ../flanterm/src -I ../libfdt/src -I '/tmp/vos5-limine.j3qiNo/build/common-uefi-x86-64/..' -isystem ../freestanding-c-hdrs/include  -DCOM_OUTPUT=false -DE9_OUTPUT=false -DFLANTERM_IN_FLANTERM -MMD -MP -DUEFI -c '../libfdt/src/fdt_overlay.c' -o '/tmp/vos5-limine.j3qiNo/build/common-uefi-x86-64/libfdt/src/fdt_overlay.o'
/usr/bin/mkdir -p "$(dirname '/tmp/vos5-limine.j3qiNo/build/common-uefi-x86-64/libfdt/src/fdt_ro.o')"
x86_64-elf-gcc -g -O2 -pipe -ffile-prefix-map=/tmp/vos5-limine.j3qiNo=/vos-limine -g -Wall -Wextra -Wshadow -Wvla -Wno-error -std=gnu11 -nostdinc -ffreestanding -ffunction-sections -fdata-sections -fstack-protector-strong -fno-stack-check -fno-omit-frame-pointer -fno-strict-aliasing -fno-lto -mstack-protector-guard=global -fPIE -fshort-wchar -m64 -march=x86-64 -mabi=sysv -mno-80387 -mno-mmx -mno-sse -mno-sse2 -mno-red-zone -I ../picoefi/inc -I . -I libc-compat -I ../limine-protocol/include -I ../flanterm/src -I ../libfdt/src -I '/tmp/vos5-limine.j3qiNo/build/common-uefi-x86-64/..' -isystem ../freestanding-c-hdrs/include  -DCOM_OUTPUT=false -DE9_OUTPUT=false -DFLANTERM_IN_FLANTERM -MMD -MP -DUEFI -c '../libfdt/src/fdt_ro.c' -o '/tmp/vos5-limine.j3qiNo/build/common-uefi-x86-64/libfdt/src/fdt_ro.o'
/usr/bin/mkdir -p "$(dirname '/tmp/vos5-limine.j3qiNo/build/common-uefi-ia32/common/lib/tpm.o')"
x86_64-elf-gcc -g -O2 -pipe -ffile-prefix-map=/tmp/vos5-limine.j3qiNo=/vos-limine -g -Wall -Wextra -Wshadow -Wvla -Wno-error -std=gnu11 -nostdinc -ffreestanding -ffunction-sections -fdata-sections -fstack-protector-strong -fno-stack-check -fno-omit-frame-pointer -fno-strict-aliasing -fno-lto -mstack-protector-guard=global -fPIE -fshort-wchar -m32 -march=i686 -malign-double -mabi=sysv -mno-80387 -mno-mmx -I ../picoefi/inc -I . -I libc-compat -I ../limine-protocol/include -I ../flanterm/src -I ../libfdt/src -I '/tmp/vos5-limine.j3qiNo/build/common-uefi-ia32/..' -isystem ../freestanding-c-hdrs/include  -DCOM_OUTPUT=false -DE9_OUTPUT=false -DFLANTERM_IN_FLANTERM -MMD -MP -DUEFI -c '../common/lib/tpm.c' -o '/tmp/vos5-limine.j3qiNo/build/common-uefi-ia32/common/lib/tpm.o'
/usr/bin/mkdir -p "$(dirname '/tmp/vos5-limine.j3qiNo/build/common-uefi-ia32/common/lib/trace.s2.o')"
x86_64-elf-gcc -g -O2 -pipe -ffile-prefix-map=/tmp/vos5-limine.j3qiNo=/vos-limine -g -Wall -Wextra -Wshadow -Wvla -Wno-error -std=gnu11 -nostdinc -ffreestanding -ffunction-sections -fdata-sections -fstack-protector-strong -fno-stack-check -fno-omit-frame-pointer -fno-strict-aliasing -fno-lto -mstack-protector-guard=global -fPIE -fshort-wchar -m32 -march=i686 -malign-double -mabi=sysv -mno-80387 -mno-mmx -I ../picoefi/inc -I . -I libc-compat -I ../limine-protocol/include -I ../flanterm/src -I ../libfdt/src -I '/tmp/vos5-limine.j3qiNo/build/common-uefi-ia32/..' -isystem ../freestanding-c-hdrs/include  -DCOM_OUTPUT=false -DE9_OUTPUT=false -DFLANTERM_IN_FLANTERM -MMD -MP -DUEFI -c '../common/lib/trace.s2.c' -o '/tmp/vos5-limine.j3qiNo/build/common-uefi-ia32/common/lib/trace.s2.o'
/usr/bin/mkdir -p "$(dirname '/tmp/vos5-limine.j3qiNo/build/common-uefi-x86-64/libfdt/src/fdt_rw.o')"
x86_64-elf-gcc -g -O2 -pipe -ffile-prefix-map=/tmp/vos5-limine.j3qiNo=/vos-limine -g -Wall -Wextra -Wshadow -Wvla -Wno-error -std=gnu11 -nostdinc -ffreestanding -ffunction-sections -fdata-sections -fstack-protector-strong -fno-stack-check -fno-omit-frame-pointer -fno-strict-aliasing -fno-lto -mstack-protector-guard=global -fPIE -fshort-wchar -m64 -march=x86-64 -mabi=sysv -mno-80387 -mno-mmx -mno-sse -mno-sse2 -mno-red-zone -I ../picoefi/inc -I . -I libc-compat -I ../limine-protocol/include -I ../flanterm/src -I ../libfdt/src -I '/tmp/vos5-limine.j3qiNo/build/common-uefi-x86-64/..' -isystem ../freestanding-c-hdrs/include  -DCOM_OUTPUT=false -DE9_OUTPUT=false -DFLANTERM_IN_FLANTERM -MMD -MP -DUEFI -c '../libfdt/src/fdt_rw.c' -o '/tmp/vos5-limine.j3qiNo/build/common-uefi-x86-64/libfdt/src/fdt_rw.o'
/usr/bin/mkdir -p "$(dirname '/tmp/vos5-limine.j3qiNo/build/common-uefi-ia32/common/lib/uri.o')"
x86_64-elf-gcc -g -O2 -pipe -ffile-prefix-map=/tmp/vos5-limine.j3qiNo=/vos-limine -g -Wall -Wextra -Wshadow -Wvla -Wno-error -std=gnu11 -nostdinc -ffreestanding -ffunction-sections -fdata-sections -fstack-protector-strong -fno-stack-check -fno-omit-frame-pointer -fno-strict-aliasing -fno-lto -mstack-protector-guard=global -fPIE -fshort-wchar -m32 -march=i686 -malign-double -mabi=sysv -mno-80387 -mno-mmx -I ../picoefi/inc -I . -I libc-compat -I ../limine-protocol/include -I ../flanterm/src -I ../libfdt/src -I '/tmp/vos5-limine.j3qiNo/build/common-uefi-ia32/..' -isystem ../freestanding-c-hdrs/include  -DCOM_OUTPUT=false -DE9_OUTPUT=false -DFLANTERM_IN_FLANTERM -MMD -MP -DUEFI -c '../common/lib/uri.c' -o '/tmp/vos5-limine.j3qiNo/build/common-uefi-ia32/common/lib/uri.o'
/usr/bin/mkdir -p "$(dirname '/tmp/vos5-limine.j3qiNo/build/common-uefi-x86-64/libfdt/src/fdt_strerror.o')"
x86_64-elf-gcc -g -O2 -pipe -ffile-prefix-map=/tmp/vos5-limine.j3qiNo=/vos-limine -g -Wall -Wextra -Wshadow -Wvla -Wno-error -std=gnu11 -nostdinc -ffreestanding -ffunction-sections -fdata-sections -fstack-protector-strong -fno-stack-check -fno-omit-frame-pointer -fno-strict-aliasing -fno-lto -mstack-protector-guard=global -fPIE -fshort-wchar -m64 -march=x86-64 -mabi=sysv -mno-80387 -mno-mmx -mno-sse -mno-sse2 -mno-red-zone -I ../picoefi/inc -I . -I libc-compat -I ../limine-protocol/include -I ../flanterm/src -I ../libfdt/src -I '/tmp/vos5-limine.j3qiNo/build/common-uefi-x86-64/..' -isystem ../freestanding-c-hdrs/include  -DCOM_OUTPUT=false -DE9_OUTPUT=false -DFLANTERM_IN_FLANTERM -MMD -MP -DUEFI -c '../libfdt/src/fdt_strerror.c' -o '/tmp/vos5-limine.j3qiNo/build/common-uefi-x86-64/libfdt/src/fdt_strerror.o'
/usr/bin/mkdir -p "$(dirname '/tmp/vos5-limine.j3qiNo/build/common-uefi-x86-64/libfdt/src/fdt_sw.o')"
x86_64-elf-gcc -g -O2 -pipe -ffile-prefix-map=/tmp/vos5-limine.j3qiNo=/vos-limine -g -Wall -Wextra -Wshadow -Wvla -Wno-error -std=gnu11 -nostdinc -ffreestanding -ffunction-sections -fdata-sections -fstack-protector-strong -fno-stack-check -fno-omit-frame-pointer -fno-strict-aliasing -fno-lto -mstack-protector-guard=global -fPIE -fshort-wchar -m64 -march=x86-64 -mabi=sysv -mno-80387 -mno-mmx -mno-sse -mno-sse2 -mno-red-zone -I ../picoefi/inc -I . -I libc-compat -I ../limine-protocol/include -I ../flanterm/src -I ../libfdt/src -I '/tmp/vos5-limine.j3qiNo/build/common-uefi-x86-64/..' -isystem ../freestanding-c-hdrs/include  -DCOM_OUTPUT=false -DE9_OUTPUT=false -DFLANTERM_IN_FLANTERM -MMD -MP -DUEFI -c '../libfdt/src/fdt_sw.c' -o '/tmp/vos5-limine.j3qiNo/build/common-uefi-x86-64/libfdt/src/fdt_sw.o'
/usr/bin/mkdir -p "$(dirname '/tmp/vos5-limine.j3qiNo/build/common-bios/common/lib/elsewhere.o')"
x86_64-elf-gcc -g -O2 -pipe -ffile-prefix-map=/tmp/vos5-limine.j3qiNo=/vos-limine -g -Wall -Wextra -Wshadow -Wvla -Wno-error -std=gnu11 -nostdinc -ffreestanding -ffunction-sections -fdata-sections -fstack-protector-strong -fno-stack-check -fno-omit-frame-pointer -fno-strict-aliasing -fno-lto -mstack-protector-guard=global -fno-PIC -m32 -march=i686 -mabi=sysv -mno-80387 -mno-mmx -I . -I libc-compat -I ../limine-protocol/include -I ../flanterm/src -I ../libfdt/src -I '/tmp/vos5-limine.j3qiNo/build/common-bios/..' -isystem ../freestanding-c-hdrs/include  -DCOM_OUTPUT=false -DE9_OUTPUT=false -DFLANTERM_IN_FLANTERM -MMD -MP -DBIOS -c '../common/lib/elsewhere.c' -o '/tmp/vos5-limine.j3qiNo/build/common-bios/common/lib/elsewhere.o'
/usr/bin/mkdir -p "$(dirname '/tmp/vos5-limine.j3qiNo/build/common-uefi-x86-64/libfdt/src/fdt_wip.o')"
x86_64-elf-gcc -g -O2 -pipe -ffile-prefix-map=/tmp/vos5-limine.j3qiNo=/vos-limine -g -Wall -Wextra -Wshadow -Wvla -Wno-error -std=gnu11 -nostdinc -ffreestanding -ffunction-sections -fdata-sections -fstack-protector-strong -fno-stack-check -fno-omit-frame-pointer -fno-strict-aliasing -fno-lto -mstack-protector-guard=global -fPIE -fshort-wchar -m64 -march=x86-64 -mabi=sysv -mno-80387 -mno-mmx -mno-sse -mno-sse2 -mno-red-zone -I ../picoefi/inc -I . -I libc-compat -I ../limine-protocol/include -I ../flanterm/src -I ../libfdt/src -I '/tmp/vos5-limine.j3qiNo/build/common-uefi-x86-64/..' -isystem ../freestanding-c-hdrs/include  -DCOM_OUTPUT=false -DE9_OUTPUT=false -DFLANTERM_IN_FLANTERM -MMD -MP -DUEFI -c '../libfdt/src/fdt_wip.c' -o '/tmp/vos5-limine.j3qiNo/build/common-uefi-x86-64/libfdt/src/fdt_wip.o'
/usr/bin/mkdir -p "$(dirname '/tmp/vos5-limine.j3qiNo/build/common-bios/common/lib/fb.o')"
x86_64-elf-gcc -g -O2 -pipe -ffile-prefix-map=/tmp/vos5-limine.j3qiNo=/vos-limine -g -Wall -Wextra -Wshadow -Wvla -Wno-error -std=gnu11 -nostdinc -ffreestanding -ffunction-sections -fdata-sections -fstack-protector-strong -fno-stack-check -fno-omit-frame-pointer -fno-strict-aliasing -fno-lto -mstack-protector-guard=global -fno-PIC -m32 -march=i686 -mabi=sysv -mno-80387 -mno-mmx -I . -I libc-compat -I ../limine-protocol/include -I ../flanterm/src -I ../libfdt/src -I '/tmp/vos5-limine.j3qiNo/build/common-bios/..' -isystem ../freestanding-c-hdrs/include  -DCOM_OUTPUT=false -DE9_OUTPUT=false -DFLANTERM_IN_FLANTERM -MMD -MP -DBIOS -c '../common/lib/fb.c' -o '/tmp/vos5-limine.j3qiNo/build/common-bios/common/lib/fb.o'
/usr/bin/mkdir -p "$(dirname '/tmp/vos5-limine.j3qiNo/build/common-uefi-x86-64/picoefi/x86_64/reloc.o')"
x86_64-elf-gcc -g -O2 -pipe -ffile-prefix-map=/tmp/vos5-limine.j3qiNo=/vos-limine -g -Wall -Wextra -Wshadow -Wvla -Wno-error -std=gnu11 -nostdinc -ffreestanding -ffunction-sections -fdata-sections -fstack-protector-strong -fno-stack-check -fno-omit-frame-pointer -fno-strict-aliasing -fno-lto -mstack-protector-guard=global -fPIE -fshort-wchar -m64 -march=x86-64 -mabi=sysv -mno-80387 -mno-mmx -mno-sse -mno-sse2 -mno-red-zone -I ../picoefi/inc -I . -I libc-compat -I ../limine-protocol/include -I ../flanterm/src -I ../libfdt/src -I '/tmp/vos5-limine.j3qiNo/build/common-uefi-x86-64/..' -isystem ../freestanding-c-hdrs/include  -DCOM_OUTPUT=false -DE9_OUTPUT=false -DFLANTERM_IN_FLANTERM -MMD -MP -DUEFI -c '../picoefi/x86_64/reloc.c' -o '/tmp/vos5-limine.j3qiNo/build/common-uefi-x86-64/picoefi/x86_64/reloc.o'
/usr/bin/mkdir -p "$(dirname '/tmp/vos5-limine.j3qiNo/build/common-uefi-x86-64/picoefi/x86_64/entry.o')"
x86_64-elf-gcc -g -O2 -pipe -ffile-prefix-map=/tmp/vos5-limine.j3qiNo=/vos-limine -g -Wall -Wextra -Wshadow -Wvla -Wno-error -std=gnu11 -nostdinc -ffreestanding -ffunction-sections -fdata-sections -fstack-protector-strong -fno-stack-check -fno-omit-frame-pointer -fno-strict-aliasing -fno-lto -mstack-protector-guard=global -fPIE -fshort-wchar -m64 -march=x86-64 -mabi=sysv -mno-80387 -mno-mmx -mno-sse -mno-sse2 -mno-red-zone -I ../picoefi/inc -I . -I libc-compat -I ../limine-protocol/include -I ../flanterm/src -I ../libfdt/src -I '/tmp/vos5-limine.j3qiNo/build/common-uefi-x86-64/..' -isystem ../freestanding-c-hdrs/include  -DCOM_OUTPUT=false -DE9_OUTPUT=false -DFLANTERM_IN_FLANTERM -MMD -MP -DUEFI -c '../picoefi/x86_64/entry.S' -o '/tmp/vos5-limine.j3qiNo/build/common-uefi-x86-64/picoefi/x86_64/entry.o'
/usr/bin/mkdir -p "$(dirname '/tmp/vos5-limine.j3qiNo/build/common-uefi-x86-64/common/menu_thunk.o')"
nasm '../common/menu_thunk.asm_x86_64' -f elf64 -g -F dwarf -g -F dwarf -Wall -w-unknown-warning -w-reloc -Wno-error -DX86_64_TARGET -DUEFI -o '/tmp/vos5-limine.j3qiNo/build/common-uefi-x86-64/common/menu_thunk.o'
/usr/bin/mkdir -p "$(dirname '/tmp/vos5-limine.j3qiNo/build/common-uefi-x86-64/common/sys/dummy_isr.o')"
nasm '../common/sys/dummy_isr.asm_x86_64' -f elf64 -g -F dwarf -g -F dwarf -Wall -w-unknown-warning -w-reloc -Wno-error -DX86_64_TARGET -DUEFI -o '/tmp/vos5-limine.j3qiNo/build/common-uefi-x86-64/common/sys/dummy_isr.o'
/usr/bin/mkdir -p "$(dirname '/tmp/vos5-limine.j3qiNo/build/common-uefi-x86-64/common/efi_thunk.o')"
nasm '../common/efi_thunk.asm_uefi_x86_64' -f elf64 -g -F dwarf -g -F dwarf -Wall -w-unknown-warning -w-reloc -Wno-error -DX86_64_TARGET -DUEFI -o '/tmp/vos5-limine.j3qiNo/build/common-uefi-x86-64/common/efi_thunk.o'
/usr/bin/mkdir -p "$(dirname '/tmp/vos5-limine.j3qiNo/build/common-uefi-x86-64/common/lib/spinup.o')"
nasm '../common/lib/spinup.asm_uefi_x86_64' -f elf64 -g -F dwarf -g -F dwarf -Wall -w-unknown-warning -w-reloc -Wno-error -DX86_64_TARGET -DUEFI -o '/tmp/vos5-limine.j3qiNo/build/common-uefi-x86-64/common/lib/spinup.o'
/usr/bin/mkdir -p "$(dirname '/tmp/vos5-limine.j3qiNo/build/common-uefi-x86-64/common/protos/linux_64.o')"
nasm '../common/protos/linux_64.asm_uefi_x86_64' -f elf64 -g -F dwarf -g -F dwarf -Wall -w-unknown-warning -w-reloc -Wno-error -DX86_64_TARGET -DUEFI -o '/tmp/vos5-limine.j3qiNo/build/common-uefi-x86-64/common/protos/linux_64.o'
/usr/bin/mkdir -p "$(dirname '/tmp/vos5-limine.j3qiNo/build/common-uefi-x86-64/common/protos/limine_32.o')"
nasm '../common/protos/limine_32.asm_x86' -f elf64 -g -F dwarf -g -F dwarf -Wall -w-unknown-warning -w-reloc -Wno-error -DX86_64_TARGET -DUEFI -o '/tmp/vos5-limine.j3qiNo/build/common-uefi-x86-64/common/protos/limine_32.o'
/usr/bin/mkdir -p "$(dirname '/tmp/vos5-limine.j3qiNo/build/common-uefi-x86-64/common/protos/linux_32.o')"
nasm '../common/protos/linux_32.asm_x86' -f elf64 -g -F dwarf -g -F dwarf -Wall -w-unknown-warning -w-reloc -Wno-error -DX86_64_TARGET -DUEFI -o '/tmp/vos5-limine.j3qiNo/build/common-uefi-x86-64/common/protos/linux_32.o'
/usr/bin/mkdir -p "$(dirname '/tmp/vos5-limine.j3qiNo/build/common-uefi-x86-64/common/protos/multiboot_32.o')"
nasm '../common/protos/multiboot_32.asm_x86' -f elf64 -g -F dwarf -g -F dwarf -Wall -w-unknown-warning -w-reloc -Wno-error -DX86_64_TARGET -DUEFI -o '/tmp/vos5-limine.j3qiNo/build/common-uefi-x86-64/common/protos/multiboot_32.o'
/usr/bin/mkdir -p "$(dirname '/tmp/vos5-limine.j3qiNo/build/common-uefi-x86-64/common/protos/multiboot_reloc.o')"
/usr/bin/mkdir -p "$(dirname '/tmp/vos5-limine.j3qiNo/build/common-bios/common/lib/fdt.o')"
nasm '../common/protos/multiboot_reloc.asm_x86' -f elf64 -g -F dwarf -g -F dwarf -Wall -w-unknown-warning -w-reloc -Wno-error -DX86_64_TARGET -DUEFI -o '/tmp/vos5-limine.j3qiNo/build/common-uefi-x86-64/common/protos/multiboot_reloc.o'
/usr/bin/mkdir -p "$(dirname '/tmp/vos5-limine.j3qiNo/build/common-uefi-ia32/common/menu.o')"
x86_64-elf-gcc -g -O2 -pipe -ffile-prefix-map=/tmp/vos5-limine.j3qiNo=/vos-limine -g -Wall -Wextra -Wshadow -Wvla -Wno-error -std=gnu11 -nostdinc -ffreestanding -ffunction-sections -fdata-sections -fstack-protector-strong -fno-stack-check -fno-omit-frame-pointer -fno-strict-aliasing -fno-lto -mstack-protector-guard=global -fno-PIC -m32 -march=i686 -mabi=sysv -mno-80387 -mno-mmx -I . -I libc-compat -I ../limine-protocol/include -I ../flanterm/src -I ../libfdt/src -I '/tmp/vos5-limine.j3qiNo/build/common-bios/..' -isystem ../freestanding-c-hdrs/include  -DCOM_OUTPUT=false -DE9_OUTPUT=false -DFLANTERM_IN_FLANTERM -MMD -MP -DBIOS -c '../common/lib/fdt.c' -o '/tmp/vos5-limine.j3qiNo/build/common-bios/common/lib/fdt.o'
x86_64-elf-gcc -g -O2 -pipe -ffile-prefix-map=/tmp/vos5-limine.j3qiNo=/vos-limine -g -Wall -Wextra -Wshadow -Wvla -Wno-error -std=gnu11 -nostdinc -ffreestanding -ffunction-sections -fdata-sections -fstack-protector-strong -fno-stack-check -fno-omit-frame-pointer -fno-strict-aliasing -fno-lto -mstack-protector-guard=global -fPIE -fshort-wchar -m32 -march=i686 -malign-double -mabi=sysv -mno-80387 -mno-mmx -I ../picoefi/inc -I . -I libc-compat -I ../limine-protocol/include -I ../flanterm/src -I ../libfdt/src -I '/tmp/vos5-limine.j3qiNo/build/common-uefi-ia32/..' -isystem ../freestanding-c-hdrs/include  -DCOM_OUTPUT=false -DE9_OUTPUT=false -DFLANTERM_IN_FLANTERM -MMD -MP -DUEFI -c '../common/menu.c' -o '/tmp/vos5-limine.j3qiNo/build/common-uefi-ia32/common/menu.o'
/usr/bin/mkdir -p "$(dirname '/tmp/vos5-limine.j3qiNo/build/common-uefi-x86-64/common/sys/smp_trampoline.o')"
nasm '../common/sys/smp_trampoline.asm_x86' -f elf64 -g -F dwarf -g -F dwarf -Wall -w-unknown-warning -w-reloc -Wno-error -DX86_64_TARGET -DUEFI -o '/tmp/vos5-limine.j3qiNo/build/common-uefi-x86-64/common/sys/smp_trampoline.o'
/usr/bin/mkdir -p "$(dirname '/tmp/vos5-limine.j3qiNo/build/common-uefi-ia32/common/mm/efi_pt.o')"
x86_64-elf-gcc -g -O2 -pipe -ffile-prefix-map=/tmp/vos5-limine.j3qiNo=/vos-limine -g -Wall -Wextra -Wshadow -Wvla -Wno-error -std=gnu11 -nostdinc -ffreestanding -ffunction-sections -fdata-sections -fstack-protector-strong -fno-stack-check -fno-omit-frame-pointer -fno-strict-aliasing -fno-lto -mstack-protector-guard=global -fPIE -fshort-wchar -m32 -march=i686 -malign-double -mabi=sysv -mno-80387 -mno-mmx -I ../picoefi/inc -I . -I libc-compat -I ../limine-protocol/include -I ../flanterm/src -I ../libfdt/src -I '/tmp/vos5-limine.j3qiNo/build/common-uefi-ia32/..' -isystem ../freestanding-c-hdrs/include  -DCOM_OUTPUT=false -DE9_OUTPUT=false -DFLANTERM_IN_FLANTERM -MMD -MP -DUEFI -c '../common/mm/efi_pt.c' -o '/tmp/vos5-limine.j3qiNo/build/common-uefi-ia32/common/mm/efi_pt.o'
make -f common.mk '/tmp/vos5-limine.j3qiNo/build/common-uefi-x86-64/linker_nomap.ld'
/usr/bin/mkdir -p "$(dirname '/tmp/vos5-limine.j3qiNo/build/common-bios/common/lib/getchar.o')"
make[5]: Entering directory '/tmp/vos5-limine.j3qiNo/source/common'
x86_64-elf-gcc -g -O2 -pipe -ffile-prefix-map=/tmp/vos5-limine.j3qiNo=/vos-limine -g -Wall -Wextra -Wshadow -Wvla -Wno-error -std=gnu11 -nostdinc -ffreestanding -ffunction-sections -fdata-sections -fstack-protector-strong -fno-stack-check -fno-omit-frame-pointer -fno-strict-aliasing -fno-lto -mstack-protector-guard=global -fno-PIC -m32 -march=i686 -mabi=sysv -mno-80387 -mno-mmx -I . -I libc-compat -I ../limine-protocol/include -I ../flanterm/src -I ../libfdt/src -I '/tmp/vos5-limine.j3qiNo/build/common-bios/..' -isystem ../freestanding-c-hdrs/include  -DCOM_OUTPUT=false -DE9_OUTPUT=false -DFLANTERM_IN_FLANTERM -MMD -MP -DBIOS -c '../common/lib/getchar.c' -o '/tmp/vos5-limine.j3qiNo/build/common-bios/common/lib/getchar.o'
/usr/bin/mkdir -p "$(dirname '/tmp/vos5-limine.j3qiNo/build/common-uefi-ia32/common/mm/mtrr.o')"
x86_64-elf-gcc -g -O2 -pipe -ffile-prefix-map=/tmp/vos5-limine.j3qiNo=/vos-limine -g -Wall -Wextra -Wshadow -Wvla -Wno-error -std=gnu11 -nostdinc -ffreestanding -ffunction-sections -fdata-sections -fstack-protector-strong -fno-stack-check -fno-omit-frame-pointer -fno-strict-aliasing -fno-lto -mstack-protector-guard=global -fPIE -fshort-wchar -m32 -march=i686 -malign-double -mabi=sysv -mno-80387 -mno-mmx -I ../picoefi/inc -I . -I libc-compat -I ../limine-protocol/include -I ../flanterm/src -I ../libfdt/src -I '/tmp/vos5-limine.j3qiNo/build/common-uefi-ia32/..' -isystem ../freestanding-c-hdrs/include  -DCOM_OUTPUT=false -DE9_OUTPUT=false -DFLANTERM_IN_FLANTERM -MMD -MP -DUEFI -c '../common/mm/mtrr.c' -o '/tmp/vos5-limine.j3qiNo/build/common-uefi-ia32/common/mm/mtrr.o'
/usr/bin/mkdir -p '/tmp/vos5-limine.j3qiNo/build/common-uefi-x86-64'
x86_64-elf-gcc -x c -E -P -undef -DLINKER_NOMAP linker_uefi_x86_64.ld.in -o '/tmp/vos5-limine.j3qiNo/build/common-uefi-x86-64/linker_nomap.ld'
make[5]: Leaving directory '/tmp/vos5-limine.j3qiNo/source/common'
x86_64-elf-ld \
	-T'/tmp/vos5-limine.j3qiNo/build/common-uefi-x86-64/linker_nomap.ld' \
	--strip-debug -nostdlib -z max-page-size=0x1000 -z noexecstack --gc-sections -m elf_x86_64 -pie -z text '/tmp/vos5-limine.j3qiNo/build/common-uefi-x86-64/common/cc-runtime.s2.o' '/tmp/vos5-limine.j3qiNo/build/common-uefi-x86-64/common/compress/gzip.o' '/tmp/vos5-limine.j3qiNo/build/common-uefi-x86-64/common/compress/pdgzip.o' '/tmp/vos5-limine.j3qiNo/build/common-uefi-x86-64/common/crypt/blake2b.o' '/tmp/vos5-limine.j3qiNo/build/common-uefi-x86-64/common/drivers/disk.s2.o' '/tmp/vos5-limine.j3qiNo/build/common-uefi-x86-64/common/drivers/edid.o' '/tmp/vos5-limine.j3qiNo/build/common-uefi-x86-64/common/drivers/gop.o' '/tmp/vos5-limine.j3qiNo/build/common-uefi-x86-64/common/drivers/mouse.o' '/tmp/vos5-limine.j3qiNo/build/common-uefi-x86-64/common/drivers/serial.o' '/tmp/vos5-limine.j3qiNo/build/common-uefi-x86-64/common/drivers/vbe.o' '/tmp/vos5-limine.j3qiNo/build/common-uefi-x86-64/common/drivers/vga_textmode.o' '/tmp/vos5-limine.j3qiNo/build/common-uefi-x86-64/common/entry.s2.o' '/tmp/vos5-limine.j3qiNo/build/common-uefi-x86-64/common/entry.s3.o' '/tmp/vos5-limine.j3qiNo/build/common-uefi-x86-64/common/fs/fat32.s2.o' '/tmp/vos5-limine.j3qiNo/build/common-uefi-x86-64/common/fs/file.s2.o' '/tmp/vos5-limine.j3qiNo/build/common-uefi-x86-64/common/fs/iso9660.s2.o' '/tmp/vos5-limine.j3qiNo/build/common-uefi-x86-64/common/lib/acpi.o' '/tmp/vos5-limine.j3qiNo/build/common-uefi-x86-64/common/lib/acpi.s2.o' '/tmp/vos5-limine.j3qiNo/build/common-uefi-x86-64/common/lib/bgrt.o' '/tmp/vos5-limine.j3qiNo/build/common-uefi-x86-64/common/lib/bli.o' '/tmp/vos5-limine.j3qiNo/build/common-uefi-x86-64/common/lib/config.o' '/tmp/vos5-limine.j3qiNo/build/common-uefi-x86-64/common/lib/elf.o' '/tmp/vos5-limine.j3qiNo/build/common-uefi-x86-64/common/lib/elsewhere.o' '/tmp/vos5-limine.j3qiNo/build/common-uefi-x86-64/common/lib/fb.o' '/tmp/vos5-limine.j3qiNo/build/common-uefi-x86-64/common/lib/fdt.o' '/tmp/vos5-limine.j3qiNo/build/common-uefi-x86-64/common/lib/getchar.o' '/tmp/vos5-limine.j3qiNo/build/common-uefi-x86-64/common/lib/gterm.o' '/tmp/vos5-limine.j3qiNo/build/common-uefi-x86-64/common/lib/guid.o' '/tmp/vos5-limine.j3qiNo/build/common-uefi-x86-64/common/lib/image.o' '/tmp/vos5-limine.j3qiNo/build/common-uefi-x86-64/common/lib/libc.o' '/tmp/vos5-limine.j3qiNo/build/common-uefi-x86-64/common/lib/libc.s2.o' '/tmp/vos5-limine.j3qiNo/build/common-uefi-x86-64/common/lib/memory.s2.o' '/tmp/vos5-limine.j3qiNo/build/common-uefi-x86-64/common/lib/misc.o' '/tmp/vos5-limine.j3qiNo/build/common-uefi-x86-64/common/lib/misc.s2.o' '/tmp/vos5-limine.j3qiNo/build/common-uefi-x86-64/common/lib/panic.s2.o' '/tmp/vos5-limine.j3qiNo/build/common-uefi-x86-64/common/lib/part.s2.o' '/tmp/vos5-limine.j3qiNo/build/common-uefi-x86-64/common/lib/pe.o' '/tmp/vos5-limine.j3qiNo/build/common-uefi-x86-64/common/lib/print.s2.o' '/tmp/vos5-limine.j3qiNo/build/common-uefi-x86-64/common/lib/qoi.o' '/tmp/vos5-limine.j3qiNo/build/common-uefi-x86-64/common/lib/rand.s2.o' '/tmp/vos5-limine.j3qiNo/build/common-uefi-x86-64/common/lib/rng_seed.o' '/tmp/vos5-limine.j3qiNo/build/common-uefi-x86-64/common/lib/stb_image.o' '/tmp/vos5-limine.j3qiNo/build/common-uefi-x86-64/common/lib/term.o' '/tmp/vos5-limine.j3qiNo/build/common-uefi-x86-64/common/lib/time.o' '/tmp/vos5-limine.j3qiNo/build/common-uefi-x86-64/common/lib/tpm.o' '/tmp/vos5-limine.j3qiNo/build/common-uefi-x86-64/common/lib/trace.s2.o' '/tmp/vos5-limine.j3qiNo/build/common-uefi-x86-64/common/lib/uri.o' '/tmp/vos5-limine.j3qiNo/build/common-uefi-x86-64/common/menu.o' '/tmp/vos5-limine.j3qiNo/build/common-uefi-x86-64/common/mm/efi_pt.o' '/tmp/vos5-limine.j3qiNo/build/common-uefi-x86-64/common/mm/mtrr.o' '/tmp/vos5-limine.j3qiNo/build/common-uefi-x86-64/common/mm/pmm.o' '/tmp/vos5-limine.j3qiNo/build/common-uefi-x86-64/common/mm/pmm.s2.o' '/tmp/vos5-limine.j3qiNo/build/common-uefi-x86-64/common/mm/vmm.o' '/tmp/vos5-limine.j3qiNo/build/common-uefi-x86-64/common/protos/chainload.o' '/tmp/vos5-limine.j3qiNo/build/common-uefi-x86-64/common/protos/efi_boot_entry.o' '/tmp/vos5-limine.j3qiNo/build/common-uefi-x86-64/common/protos/limine.o' '/tmp/vos5-limine.j3qiNo/build/common-uefi-x86-64/common/protos/linux.o' '/tmp/vos5-limine.j3qiNo/build/common-uefi-x86-64/common/protos/linux_risc.o' '/tmp/vos5-limine.j3qiNo/build/common-uefi-x86-64/common/protos/linux_x86.o' '/tmp/vos5-limine.j3qiNo/build/common-uefi-x86-64/common/protos/multiboot1.o' '/tmp/vos5-limine.j3qiNo/build/common-uefi-x86-64/common/protos/multiboot2.o' '/tmp/vos5-limine.j3qiNo/build/common-uefi-x86-64/common/pxe/pxe.s2.o' '/tmp/vos5-limine.j3qiNo/build/common-uefi-x86-64/common/pxe/tftp.s2.o' '/tmp/vos5-limine.j3qiNo/build/common-uefi-x86-64/common/sys/a20.s2.o' '/tmp/vos5-limine.j3qiNo/build/common-uefi-x86-64/common/sys/cpu.s2.o' '/tmp/vos5-limine.j3qiNo/build/common-uefi-x86-64/common/sys/cpu_riscv.o' '/tmp/vos5-limine.j3qiNo/build/common-uefi-x86-64/common/sys/e820.s2.o' '/tmp/vos5-limine.j3qiNo/build/common-uefi-x86-64/common/sys/exceptions.s2.o' '/tmp/vos5-limine.j3qiNo/build/common-uefi-x86-64/common/sys/gdt.s2.o' '/tmp/vos5-limine.j3qiNo/build/common-uefi-x86-64/common/sys/idt.o' '/tmp/vos5-limine.j3qiNo/build/common-uefi-x86-64/common/sys/idt.s2.o' '/tmp/vos5-limine.j3qiNo/build/common-uefi-x86-64/common/sys/iommu.o' '/tmp/vos5-limine.j3qiNo/build/common-uefi-x86-64/common/sys/lapic.o' '/tmp/vos5-limine.j3qiNo/build/common-uefi-x86-64/common/sys/pic.o' '/tmp/vos5-limine.j3qiNo/build/common-uefi-x86-64/common/sys/smp.o' '/tmp/vos5-limine.j3qiNo/build/common-uefi-x86-64/flanterm/src/flanterm.o' '/tmp/vos5-limine.j3qiNo/build/common-uefi-x86-64/flanterm/src/flanterm_backends/fb.o' '/tmp/vos5-limine.j3qiNo/build/common-uefi-x86-64/libfdt/src/fdt.o' '/tmp/vos5-limine.j3qiNo/build/common-uefi-x86-64/libfdt/src/fdt_addresses.o' '/tmp/vos5-limine.j3qiNo/build/common-uefi-x86-64/libfdt/src/fdt_check.o' '/tmp/vos5-limine.j3qiNo/build/common-uefi-x86-64/libfdt/src/fdt_empty_tree.o' '/tmp/vos5-limine.j3qiNo/build/common-uefi-x86-64/libfdt/src/fdt_overlay.o' '/tmp/vos5-limine.j3qiNo/build/common-uefi-x86-64/libfdt/src/fdt_ro.o' '/tmp/vos5-limine.j3qiNo/build/common-uefi-x86-64/libfdt/src/fdt_rw.o' '/tmp/vos5-limine.j3qiNo/build/common-uefi-x86-64/libfdt/src/fdt_strerror.o' '/tmp/vos5-limine.j3qiNo/build/common-uefi-x86-64/libfdt/src/fdt_sw.o' '/tmp/vos5-limine.j3qiNo/build/common-uefi-x86-64/libfdt/src/fdt_wip.o' '/tmp/vos5-limine.j3qiNo/build/common-uefi-x86-64/picoefi/x86_64/reloc.o' '/tmp/vos5-limine.j3qiNo/build/common-uefi-x86-64/picoefi/x86_64/entry.o' '/tmp/vos5-limine.j3qiNo/build/common-uefi-x86-64/common/menu_thunk.o' '/tmp/vos5-limine.j3qiNo/build/common-uefi-x86-64/common/sys/dummy_isr.o' '/tmp/vos5-limine.j3qiNo/build/common-uefi-x86-64/common/efi_thunk.o' '/tmp/vos5-limine.j3qiNo/build/common-uefi-x86-64/common/lib/spinup.o' '/tmp/vos5-limine.j3qiNo/build/common-uefi-x86-64/common/protos/linux_64.o' '/tmp/vos5-limine.j3qiNo/build/common-uefi-x86-64/common/protos/limine_32.o' '/tmp/vos5-limine.j3qiNo/build/common-uefi-x86-64/common/protos/linux_32.o' '/tmp/vos5-limine.j3qiNo/build/common-uefi-x86-64/common/protos/multiboot_32.o' '/tmp/vos5-limine.j3qiNo/build/common-uefi-x86-64/common/protos/multiboot_reloc.o' '/tmp/vos5-limine.j3qiNo/build/common-uefi-x86-64/common/sys/smp_trampoline.o' -o '/tmp/vos5-limine.j3qiNo/build/common-uefi-x86-64/limine_nomap.elf'
cd '/tmp/vos5-limine.j3qiNo/build/common-uefi-x86-64' && \
	'/tmp/vos5-limine.j3qiNo/source/common/gensyms.sh' '/tmp/vos5-limine.j3qiNo/build/common-uefi-x86-64/limine_nomap.elf' full 64 '\.text'
x86_64-elf-gcc -g -O2 -pipe -ffile-prefix-map=/tmp/vos5-limine.j3qiNo=/vos-limine -g -Wall -Wextra -Wshadow -Wvla -Wno-error -std=gnu11 -nostdinc -ffreestanding -ffunction-sections -fdata-sections -fstack-protector-strong -fno-stack-check -fno-omit-frame-pointer -fno-strict-aliasing -fno-lto -mstack-protector-guard=global -fPIE -fshort-wchar -m64 -march=x86-64 -mabi=sysv -mno-80387 -mno-mmx -mno-sse -mno-sse2 -mno-red-zone -I ../picoefi/inc -I . -I libc-compat -I ../limine-protocol/include -I ../flanterm/src -I ../libfdt/src -I '/tmp/vos5-limine.j3qiNo/build/common-uefi-x86-64/..' -isystem ../freestanding-c-hdrs/include  -DCOM_OUTPUT=false -DE9_OUTPUT=false -DFLANTERM_IN_FLANTERM -MMD -MP -DUEFI -c '/tmp/vos5-limine.j3qiNo/build/common-uefi-x86-64/full.map.S' -o '/tmp/vos5-limine.j3qiNo/build/common-uefi-x86-64/full.map.o'
rm -f '/tmp/vos5-limine.j3qiNo/build/common-uefi-x86-64/full.map.S' '/tmp/vos5-limine.j3qiNo/build/common-uefi-x86-64/full.map.d'
make -f common.mk '/tmp/vos5-limine.j3qiNo/build/common-uefi-x86-64/linker.ld'
make[5]: Entering directory '/tmp/vos5-limine.j3qiNo/source/common'
/usr/bin/mkdir -p '/tmp/vos5-limine.j3qiNo/build/common-uefi-x86-64'
x86_64-elf-gcc -x c -E -P -undef linker_uefi_x86_64.ld.in -o '/tmp/vos5-limine.j3qiNo/build/common-uefi-x86-64/linker.ld'
/usr/bin/mkdir -p "$(dirname '/tmp/vos5-limine.j3qiNo/build/common-bios/common/lib/gterm.o')"
x86_64-elf-gcc -g -O2 -pipe -ffile-prefix-map=/tmp/vos5-limine.j3qiNo=/vos-limine -g -Wall -Wextra -Wshadow -Wvla -Wno-error -std=gnu11 -nostdinc -ffreestanding -ffunction-sections -fdata-sections -fstack-protector-strong -fno-stack-check -fno-omit-frame-pointer -fno-strict-aliasing -fno-lto -mstack-protector-guard=global -fno-PIC -m32 -march=i686 -mabi=sysv -mno-80387 -mno-mmx -I . -I libc-compat -I ../limine-protocol/include -I ../flanterm/src -I ../libfdt/src -I '/tmp/vos5-limine.j3qiNo/build/common-bios/..' -isystem ../freestanding-c-hdrs/include  -DCOM_OUTPUT=false -DE9_OUTPUT=false -DFLANTERM_IN_FLANTERM -MMD -MP -DBIOS -c '../common/lib/gterm.c' -o '/tmp/vos5-limine.j3qiNo/build/common-bios/common/lib/gterm.o'
make[5]: Leaving directory '/tmp/vos5-limine.j3qiNo/source/common'
x86_64-elf-ld \
	-T'/tmp/vos5-limine.j3qiNo/build/common-uefi-x86-64/linker.ld' \
	--strip-debug -nostdlib -z max-page-size=0x1000 -z noexecstack --gc-sections -m elf_x86_64 -pie -z text '/tmp/vos5-limine.j3qiNo/build/common-uefi-x86-64/common/cc-runtime.s2.o' '/tmp/vos5-limine.j3qiNo/build/common-uefi-x86-64/common/compress/gzip.o' '/tmp/vos5-limine.j3qiNo/build/common-uefi-x86-64/common/compress/pdgzip.o' '/tmp/vos5-limine.j3qiNo/build/common-uefi-x86-64/common/crypt/blake2b.o' '/tmp/vos5-limine.j3qiNo/build/common-uefi-x86-64/common/drivers/disk.s2.o' '/tmp/vos5-limine.j3qiNo/build/common-uefi-x86-64/common/drivers/edid.o' '/tmp/vos5-limine.j3qiNo/build/common-uefi-x86-64/common/drivers/gop.o' '/tmp/vos5-limine.j3qiNo/build/common-uefi-x86-64/common/drivers/mouse.o' '/tmp/vos5-limine.j3qiNo/build/common-uefi-x86-64/common/drivers/serial.o' '/tmp/vos5-limine.j3qiNo/build/common-uefi-x86-64/common/drivers/vbe.o' '/tmp/vos5-limine.j3qiNo/build/common-uefi-x86-64/common/drivers/vga_textmode.o' '/tmp/vos5-limine.j3qiNo/build/common-uefi-x86-64/common/entry.s2.o' '/tmp/vos5-limine.j3qiNo/build/common-uefi-x86-64/common/entry.s3.o' '/tmp/vos5-limine.j3qiNo/build/common-uefi-x86-64/common/fs/fat32.s2.o' '/tmp/vos5-limine.j3qiNo/build/common-uefi-x86-64/common/fs/file.s2.o' '/tmp/vos5-limine.j3qiNo/build/common-uefi-x86-64/common/fs/iso9660.s2.o' '/tmp/vos5-limine.j3qiNo/build/common-uefi-x86-64/common/lib/acpi.o' '/tmp/vos5-limine.j3qiNo/build/common-uefi-x86-64/common/lib/acpi.s2.o' '/tmp/vos5-limine.j3qiNo/build/common-uefi-x86-64/common/lib/bgrt.o' '/tmp/vos5-limine.j3qiNo/build/common-uefi-x86-64/common/lib/bli.o' '/tmp/vos5-limine.j3qiNo/build/common-uefi-x86-64/common/lib/config.o' '/tmp/vos5-limine.j3qiNo/build/common-uefi-x86-64/common/lib/elf.o' '/tmp/vos5-limine.j3qiNo/build/common-uefi-x86-64/common/lib/elsewhere.o' '/tmp/vos5-limine.j3qiNo/build/common-uefi-x86-64/common/lib/fb.o' '/tmp/vos5-limine.j3qiNo/build/common-uefi-x86-64/common/lib/fdt.o' '/tmp/vos5-limine.j3qiNo/build/common-uefi-x86-64/common/lib/getchar.o' '/tmp/vos5-limine.j3qiNo/build/common-uefi-x86-64/common/lib/gterm.o' '/tmp/vos5-limine.j3qiNo/build/common-uefi-x86-64/common/lib/guid.o' '/tmp/vos5-limine.j3qiNo/build/common-uefi-x86-64/common/lib/image.o' '/tmp/vos5-limine.j3qiNo/build/common-uefi-x86-64/common/lib/libc.o' '/tmp/vos5-limine.j3qiNo/build/common-uefi-x86-64/common/lib/libc.s2.o' '/tmp/vos5-limine.j3qiNo/build/common-uefi-x86-64/common/lib/memory.s2.o' '/tmp/vos5-limine.j3qiNo/build/common-uefi-x86-64/common/lib/misc.o' '/tmp/vos5-limine.j3qiNo/build/common-uefi-x86-64/common/lib/misc.s2.o' '/tmp/vos5-limine.j3qiNo/build/common-uefi-x86-64/common/lib/panic.s2.o' '/tmp/vos5-limine.j3qiNo/build/common-uefi-x86-64/common/lib/part.s2.o' '/tmp/vos5-limine.j3qiNo/build/common-uefi-x86-64/common/lib/pe.o' '/tmp/vos5-limine.j3qiNo/build/common-uefi-x86-64/common/lib/print.s2.o' '/tmp/vos5-limine.j3qiNo/build/common-uefi-x86-64/common/lib/qoi.o' '/tmp/vos5-limine.j3qiNo/build/common-uefi-x86-64/common/lib/rand.s2.o' '/tmp/vos5-limine.j3qiNo/build/common-uefi-x86-64/common/lib/rng_seed.o' '/tmp/vos5-limine.j3qiNo/build/common-uefi-x86-64/common/lib/stb_image.o' '/tmp/vos5-limine.j3qiNo/build/common-uefi-x86-64/common/lib/term.o' '/tmp/vos5-limine.j3qiNo/build/common-uefi-x86-64/common/lib/time.o' '/tmp/vos5-limine.j3qiNo/build/common-uefi-x86-64/common/lib/tpm.o' '/tmp/vos5-limine.j3qiNo/build/common-uefi-x86-64/common/lib/trace.s2.o' '/tmp/vos5-limine.j3qiNo/build/common-uefi-x86-64/common/lib/uri.o' '/tmp/vos5-limine.j3qiNo/build/common-uefi-x86-64/common/menu.o' '/tmp/vos5-limine.j3qiNo/build/common-uefi-x86-64/common/mm/efi_pt.o' '/tmp/vos5-limine.j3qiNo/build/common-uefi-x86-64/common/mm/mtrr.o' '/tmp/vos5-limine.j3qiNo/build/common-uefi-x86-64/common/mm/pmm.o' '/tmp/vos5-limine.j3qiNo/build/common-uefi-x86-64/common/mm/pmm.s2.o' '/tmp/vos5-limine.j3qiNo/build/common-uefi-x86-64/common/mm/vmm.o' '/tmp/vos5-limine.j3qiNo/build/common-uefi-x86-64/common/protos/chainload.o' '/tmp/vos5-limine.j3qiNo/build/common-uefi-x86-64/common/protos/efi_boot_entry.o' '/tmp/vos5-limine.j3qiNo/build/common-uefi-x86-64/common/protos/limine.o' '/tmp/vos5-limine.j3qiNo/build/common-uefi-x86-64/common/protos/linux.o' '/tmp/vos5-limine.j3qiNo/build/common-uefi-x86-64/common/protos/linux_risc.o' '/tmp/vos5-limine.j3qiNo/build/common-uefi-x86-64/common/protos/linux_x86.o' '/tmp/vos5-limine.j3qiNo/build/common-uefi-x86-64/common/protos/multiboot1.o' '/tmp/vos5-limine.j3qiNo/build/common-uefi-x86-64/common/protos/multiboot2.o' '/tmp/vos5-limine.j3qiNo/build/common-uefi-x86-64/common/pxe/pxe.s2.o' '/tmp/vos5-limine.j3qiNo/build/common-uefi-x86-64/common/pxe/tftp.s2.o' '/tmp/vos5-limine.j3qiNo/build/common-uefi-x86-64/common/sys/a20.s2.o' '/tmp/vos5-limine.j3qiNo/build/common-uefi-x86-64/common/sys/cpu.s2.o' '/tmp/vos5-limine.j3qiNo/build/common-uefi-x86-64/common/sys/cpu_riscv.o' '/tmp/vos5-limine.j3qiNo/build/common-uefi-x86-64/common/sys/e820.s2.o' '/tmp/vos5-limine.j3qiNo/build/common-uefi-x86-64/common/sys/exceptions.s2.o' '/tmp/vos5-limine.j3qiNo/build/common-uefi-x86-64/common/sys/gdt.s2.o' '/tmp/vos5-limine.j3qiNo/build/common-uefi-x86-64/common/sys/idt.o' '/tmp/vos5-limine.j3qiNo/build/common-uefi-x86-64/common/sys/idt.s2.o' '/tmp/vos5-limine.j3qiNo/build/common-uefi-x86-64/common/sys/iommu.o' '/tmp/vos5-limine.j3qiNo/build/common-uefi-x86-64/common/sys/lapic.o' '/tmp/vos5-limine.j3qiNo/build/common-uefi-x86-64/common/sys/pic.o' '/tmp/vos5-limine.j3qiNo/build/common-uefi-x86-64/common/sys/smp.o' '/tmp/vos5-limine.j3qiNo/build/common-uefi-x86-64/flanterm/src/flanterm.o' '/tmp/vos5-limine.j3qiNo/build/common-uefi-x86-64/flanterm/src/flanterm_backends/fb.o' '/tmp/vos5-limine.j3qiNo/build/common-uefi-x86-64/libfdt/src/fdt.o' '/tmp/vos5-limine.j3qiNo/build/common-uefi-x86-64/libfdt/src/fdt_addresses.o' '/tmp/vos5-limine.j3qiNo/build/common-uefi-x86-64/libfdt/src/fdt_check.o' '/tmp/vos5-limine.j3qiNo/build/common-uefi-x86-64/libfdt/src/fdt_empty_tree.o' '/tmp/vos5-limine.j3qiNo/build/common-uefi-x86-64/libfdt/src/fdt_overlay.o' '/tmp/vos5-limine.j3qiNo/build/common-uefi-x86-64/libfdt/src/fdt_ro.o' '/tmp/vos5-limine.j3qiNo/build/common-uefi-x86-64/libfdt/src/fdt_rw.o' '/tmp/vos5-limine.j3qiNo/build/common-uefi-x86-64/libfdt/src/fdt_strerror.o' '/tmp/vos5-limine.j3qiNo/build/common-uefi-x86-64/libfdt/src/fdt_sw.o' '/tmp/vos5-limine.j3qiNo/build/common-uefi-x86-64/libfdt/src/fdt_wip.o' '/tmp/vos5-limine.j3qiNo/build/common-uefi-x86-64/picoefi/x86_64/reloc.o' '/tmp/vos5-limine.j3qiNo/build/common-uefi-x86-64/picoefi/x86_64/entry.o' '/tmp/vos5-limine.j3qiNo/build/common-uefi-x86-64/common/menu_thunk.o' '/tmp/vos5-limine.j3qiNo/build/common-uefi-x86-64/common/sys/dummy_isr.o' '/tmp/vos5-limine.j3qiNo/build/common-uefi-x86-64/common/efi_thunk.o' '/tmp/vos5-limine.j3qiNo/build/common-uefi-x86-64/common/lib/spinup.o' '/tmp/vos5-limine.j3qiNo/build/common-uefi-x86-64/common/protos/linux_64.o' '/tmp/vos5-limine.j3qiNo/build/common-uefi-x86-64/common/protos/limine_32.o' '/tmp/vos5-limine.j3qiNo/build/common-uefi-x86-64/common/protos/linux_32.o' '/tmp/vos5-limine.j3qiNo/build/common-uefi-x86-64/common/protos/multiboot_32.o' '/tmp/vos5-limine.j3qiNo/build/common-uefi-x86-64/common/protos/multiboot_reloc.o' '/tmp/vos5-limine.j3qiNo/build/common-uefi-x86-64/common/sys/smp_trampoline.o' '/tmp/vos5-limine.j3qiNo/build/common-uefi-x86-64/full.map.o' -o '/tmp/vos5-limine.j3qiNo/build/common-uefi-x86-64/limine.elf'
x86_64-elf-objcopy -O binary '/tmp/vos5-limine.j3qiNo/build/common-uefi-x86-64/limine.elf' '/tmp/vos5-limine.j3qiNo/build/common-uefi-x86-64/BOOTX64.EFI'
chmod -x '/tmp/vos5-limine.j3qiNo/build/common-uefi-x86-64/BOOTX64.EFI'
dd if=/dev/zero of='/tmp/vos5-limine.j3qiNo/build/common-uefi-x86-64/BOOTX64.EFI' bs=4096 count=0 seek=$(( ($(wc -c < '/tmp/vos5-limine.j3qiNo/build/common-uefi-x86-64/BOOTX64.EFI') + 4095) / 4096 )) 2>/dev/null
make[4]: Leaving directory '/tmp/vos5-limine.j3qiNo/source/common'
make[3]: Leaving directory '/tmp/vos5-limine.j3qiNo/build'
make '/tmp/vos5-limine.j3qiNo/build/bin/BOOTX64.EFI'
make[3]: Entering directory '/tmp/vos5-limine.j3qiNo/build'
/usr/bin/mkdir -p '/tmp/vos5-limine.j3qiNo/build/bin'
cp '/tmp/vos5-limine.j3qiNo/build/common-uefi-x86-64/BOOTX64.EFI' '/tmp/vos5-limine.j3qiNo/build/bin/'
make[3]: Leaving directory '/tmp/vos5-limine.j3qiNo/build'
/usr/bin/mkdir -p "$(dirname '/tmp/vos5-limine.j3qiNo/build/common-bios/common/lib/guid.o')"
x86_64-elf-gcc -g -O2 -pipe -ffile-prefix-map=/tmp/vos5-limine.j3qiNo=/vos-limine -g -Wall -Wextra -Wshadow -Wvla -Wno-error -std=gnu11 -nostdinc -ffreestanding -ffunction-sections -fdata-sections -fstack-protector-strong -fno-stack-check -fno-omit-frame-pointer -fno-strict-aliasing -fno-lto -mstack-protector-guard=global -fno-PIC -m32 -march=i686 -mabi=sysv -mno-80387 -mno-mmx -I . -I libc-compat -I ../limine-protocol/include -I ../flanterm/src -I ../libfdt/src -I '/tmp/vos5-limine.j3qiNo/build/common-bios/..' -isystem ../freestanding-c-hdrs/include  -DCOM_OUTPUT=false -DE9_OUTPUT=false -DFLANTERM_IN_FLANTERM -MMD -MP -DBIOS -c '../common/lib/guid.c' -o '/tmp/vos5-limine.j3qiNo/build/common-bios/common/lib/guid.o'
/usr/bin/mkdir -p "$(dirname '/tmp/vos5-limine.j3qiNo/build/common-uefi-ia32/common/mm/pmm.o')"
x86_64-elf-gcc -g -O2 -pipe -ffile-prefix-map=/tmp/vos5-limine.j3qiNo=/vos-limine -g -Wall -Wextra -Wshadow -Wvla -Wno-error -std=gnu11 -nostdinc -ffreestanding -ffunction-sections -fdata-sections -fstack-protector-strong -fno-stack-check -fno-omit-frame-pointer -fno-strict-aliasing -fno-lto -mstack-protector-guard=global -fPIE -fshort-wchar -m32 -march=i686 -malign-double -mabi=sysv -mno-80387 -mno-mmx -I ../picoefi/inc -I . -I libc-compat -I ../limine-protocol/include -I ../flanterm/src -I ../libfdt/src -I '/tmp/vos5-limine.j3qiNo/build/common-uefi-ia32/..' -isystem ../freestanding-c-hdrs/include  -DCOM_OUTPUT=false -DE9_OUTPUT=false -DFLANTERM_IN_FLANTERM -MMD -MP -DUEFI -c '../common/mm/pmm.c' -o '/tmp/vos5-limine.j3qiNo/build/common-uefi-ia32/common/mm/pmm.o'
/usr/bin/mkdir -p "$(dirname '/tmp/vos5-limine.j3qiNo/build/common-uefi-ia32/common/mm/pmm.s2.o')"
x86_64-elf-gcc -g -O2 -pipe -ffile-prefix-map=/tmp/vos5-limine.j3qiNo=/vos-limine -g -Wall -Wextra -Wshadow -Wvla -Wno-error -std=gnu11 -nostdinc -ffreestanding -ffunction-sections -fdata-sections -fstack-protector-strong -fno-stack-check -fno-omit-frame-pointer -fno-strict-aliasing -fno-lto -mstack-protector-guard=global -fPIE -fshort-wchar -m32 -march=i686 -malign-double -mabi=sysv -mno-80387 -mno-mmx -I ../picoefi/inc -I . -I libc-compat -I ../limine-protocol/include -I ../flanterm/src -I ../libfdt/src -I '/tmp/vos5-limine.j3qiNo/build/common-uefi-ia32/..' -isystem ../freestanding-c-hdrs/include  -DCOM_OUTPUT=false -DE9_OUTPUT=false -DFLANTERM_IN_FLANTERM -MMD -MP -DUEFI -c '../common/mm/pmm.s2.c' -o '/tmp/vos5-limine.j3qiNo/build/common-uefi-ia32/common/mm/pmm.s2.o'
/usr/bin/mkdir -p "$(dirname '/tmp/vos5-limine.j3qiNo/build/common-bios/common/lib/image.o')"
x86_64-elf-gcc -g -O2 -pipe -ffile-prefix-map=/tmp/vos5-limine.j3qiNo=/vos-limine -g -Wall -Wextra -Wshadow -Wvla -Wno-error -std=gnu11 -nostdinc -ffreestanding -ffunction-sections -fdata-sections -fstack-protector-strong -fno-stack-check -fno-omit-frame-pointer -fno-strict-aliasing -fno-lto -mstack-protector-guard=global -fno-PIC -m32 -march=i686 -mabi=sysv -mno-80387 -mno-mmx -I . -I libc-compat -I ../limine-protocol/include -I ../flanterm/src -I ../libfdt/src -I '/tmp/vos5-limine.j3qiNo/build/common-bios/..' -isystem ../freestanding-c-hdrs/include  -DCOM_OUTPUT=false -DE9_OUTPUT=false -DFLANTERM_IN_FLANTERM -MMD -MP -DBIOS -c '../common/lib/image.c' -o '/tmp/vos5-limine.j3qiNo/build/common-bios/common/lib/image.o'
/usr/bin/mkdir -p "$(dirname '/tmp/vos5-limine.j3qiNo/build/common-bios/common/lib/libc.o')"
x86_64-elf-gcc -g -O2 -pipe -ffile-prefix-map=/tmp/vos5-limine.j3qiNo=/vos-limine -g -Wall -Wextra -Wshadow -Wvla -Wno-error -std=gnu11 -nostdinc -ffreestanding -ffunction-sections -fdata-sections -fstack-protector-strong -fno-stack-check -fno-omit-frame-pointer -fno-strict-aliasing -fno-lto -mstack-protector-guard=global -fno-PIC -m32 -march=i686 -mabi=sysv -mno-80387 -mno-mmx -I . -I libc-compat -I ../limine-protocol/include -I ../flanterm/src -I ../libfdt/src -I '/tmp/vos5-limine.j3qiNo/build/common-bios/..' -isystem ../freestanding-c-hdrs/include  -DCOM_OUTPUT=false -DE9_OUTPUT=false -DFLANTERM_IN_FLANTERM -MMD -MP -DBIOS -c '../common/lib/libc.c' -o '/tmp/vos5-limine.j3qiNo/build/common-bios/common/lib/libc.o'
/usr/bin/mkdir -p "$(dirname '/tmp/vos5-limine.j3qiNo/build/common-bios/common/lib/misc.o')"
x86_64-elf-gcc -g -O2 -pipe -ffile-prefix-map=/tmp/vos5-limine.j3qiNo=/vos-limine -g -Wall -Wextra -Wshadow -Wvla -Wno-error -std=gnu11 -nostdinc -ffreestanding -ffunction-sections -fdata-sections -fstack-protector-strong -fno-stack-check -fno-omit-frame-pointer -fno-strict-aliasing -fno-lto -mstack-protector-guard=global -fno-PIC -m32 -march=i686 -mabi=sysv -mno-80387 -mno-mmx -I . -I libc-compat -I ../limine-protocol/include -I ../flanterm/src -I ../libfdt/src -I '/tmp/vos5-limine.j3qiNo/build/common-bios/..' -isystem ../freestanding-c-hdrs/include  -DCOM_OUTPUT=false -DE9_OUTPUT=false -DFLANTERM_IN_FLANTERM -MMD -MP -DBIOS -c '../common/lib/misc.c' -o '/tmp/vos5-limine.j3qiNo/build/common-bios/common/lib/misc.o'
/usr/bin/mkdir -p "$(dirname '/tmp/vos5-limine.j3qiNo/build/common-bios/common/lib/pe.o')"
x86_64-elf-gcc -g -O2 -pipe -ffile-prefix-map=/tmp/vos5-limine.j3qiNo=/vos-limine -g -Wall -Wextra -Wshadow -Wvla -Wno-error -std=gnu11 -nostdinc -ffreestanding -ffunction-sections -fdata-sections -fstack-protector-strong -fno-stack-check -fno-omit-frame-pointer -fno-strict-aliasing -fno-lto -mstack-protector-guard=global -fno-PIC -m32 -march=i686 -mabi=sysv -mno-80387 -mno-mmx -I . -I libc-compat -I ../limine-protocol/include -I ../flanterm/src -I ../libfdt/src -I '/tmp/vos5-limine.j3qiNo/build/common-bios/..' -isystem ../freestanding-c-hdrs/include  -DCOM_OUTPUT=false -DE9_OUTPUT=false -DFLANTERM_IN_FLANTERM -MMD -MP -DBIOS -c '../common/lib/pe.c' -o '/tmp/vos5-limine.j3qiNo/build/common-bios/common/lib/pe.o'
/usr/bin/mkdir -p "$(dirname '/tmp/vos5-limine.j3qiNo/build/common-bios/common/lib/qoi.o')"
x86_64-elf-gcc -g -O2 -pipe -ffile-prefix-map=/tmp/vos5-limine.j3qiNo=/vos-limine -g -Wall -Wextra -Wshadow -Wvla -Wno-error -std=gnu11 -nostdinc -ffreestanding -ffunction-sections -fdata-sections -fstack-protector-strong -fno-stack-check -fno-omit-frame-pointer -fno-strict-aliasing -fno-lto -mstack-protector-guard=global -fno-PIC -m32 -march=i686 -mabi=sysv -mno-80387 -mno-mmx -I . -I libc-compat -I ../limine-protocol/include -I ../flanterm/src -I ../libfdt/src -I '/tmp/vos5-limine.j3qiNo/build/common-bios/..' -isystem ../freestanding-c-hdrs/include  -DCOM_OUTPUT=false -DE9_OUTPUT=false -DFLANTERM_IN_FLANTERM -MMD -MP -DBIOS -c '../common/lib/qoi.c' -o '/tmp/vos5-limine.j3qiNo/build/common-bios/common/lib/qoi.o'
/usr/bin/mkdir -p "$(dirname '/tmp/vos5-limine.j3qiNo/build/common-bios/common/lib/rng_seed.o')"
x86_64-elf-gcc -g -O2 -pipe -ffile-prefix-map=/tmp/vos5-limine.j3qiNo=/vos-limine -g -Wall -Wextra -Wshadow -Wvla -Wno-error -std=gnu11 -nostdinc -ffreestanding -ffunction-sections -fdata-sections -fstack-protector-strong -fno-stack-check -fno-omit-frame-pointer -fno-strict-aliasing -fno-lto -mstack-protector-guard=global -fno-PIC -m32 -march=i686 -mabi=sysv -mno-80387 -mno-mmx -I . -I libc-compat -I ../limine-protocol/include -I ../flanterm/src -I ../libfdt/src -I '/tmp/vos5-limine.j3qiNo/build/common-bios/..' -isystem ../freestanding-c-hdrs/include  -DCOM_OUTPUT=false -DE9_OUTPUT=false -DFLANTERM_IN_FLANTERM -MMD -MP -DBIOS -c '../common/lib/rng_seed.c' -o '/tmp/vos5-limine.j3qiNo/build/common-bios/common/lib/rng_seed.o'
/usr/bin/mkdir -p "$(dirname '/tmp/vos5-limine.j3qiNo/build/common-bios/common/lib/stb_image.o')"
x86_64-elf-gcc -g -O2 -pipe -ffile-prefix-map=/tmp/vos5-limine.j3qiNo=/vos-limine -g -Wall -Wextra -Wshadow -Wvla -Wno-error -std=gnu11 -nostdinc -ffreestanding -ffunction-sections -fdata-sections -fstack-protector-strong -fno-stack-check -fno-omit-frame-pointer -fno-strict-aliasing -fno-lto -mstack-protector-guard=global -fno-PIC -m32 -march=i686 -mabi=sysv -mno-80387 -mno-mmx -I . -I libc-compat -I ../limine-protocol/include -I ../flanterm/src -I ../libfdt/src -I '/tmp/vos5-limine.j3qiNo/build/common-bios/..' -isystem ../freestanding-c-hdrs/include  -DCOM_OUTPUT=false -DE9_OUTPUT=false -DFLANTERM_IN_FLANTERM -MMD -MP -DBIOS -c '../common/lib/stb_image.c' -o '/tmp/vos5-limine.j3qiNo/build/common-bios/common/lib/stb_image.o'
/usr/bin/mkdir -p "$(dirname '/tmp/vos5-limine.j3qiNo/build/common-bios/common/lib/term.o')"
x86_64-elf-gcc -g -O2 -pipe -ffile-prefix-map=/tmp/vos5-limine.j3qiNo=/vos-limine -g -Wall -Wextra -Wshadow -Wvla -Wno-error -std=gnu11 -nostdinc -ffreestanding -ffunction-sections -fdata-sections -fstack-protector-strong -fno-stack-check -fno-omit-frame-pointer -fno-strict-aliasing -fno-lto -mstack-protector-guard=global -fno-PIC -m32 -march=i686 -mabi=sysv -mno-80387 -mno-mmx -I . -I libc-compat -I ../limine-protocol/include -I ../flanterm/src -I ../libfdt/src -I '/tmp/vos5-limine.j3qiNo/build/common-bios/..' -isystem ../freestanding-c-hdrs/include  -DCOM_OUTPUT=false -DE9_OUTPUT=false -DFLANTERM_IN_FLANTERM -MMD -MP -DBIOS -c '../common/lib/term.c' -o '/tmp/vos5-limine.j3qiNo/build/common-bios/common/lib/term.o'
/usr/bin/mkdir -p "$(dirname '/tmp/vos5-limine.j3qiNo/build/common-uefi-ia32/common/mm/vmm.o')"
x86_64-elf-gcc -g -O2 -pipe -ffile-prefix-map=/tmp/vos5-limine.j3qiNo=/vos-limine -g -Wall -Wextra -Wshadow -Wvla -Wno-error -std=gnu11 -nostdinc -ffreestanding -ffunction-sections -fdata-sections -fstack-protector-strong -fno-stack-check -fno-omit-frame-pointer -fno-strict-aliasing -fno-lto -mstack-protector-guard=global -fPIE -fshort-wchar -m32 -march=i686 -malign-double -mabi=sysv -mno-80387 -mno-mmx -I ../picoefi/inc -I . -I libc-compat -I ../limine-protocol/include -I ../flanterm/src -I ../libfdt/src -I '/tmp/vos5-limine.j3qiNo/build/common-uefi-ia32/..' -isystem ../freestanding-c-hdrs/include  -DCOM_OUTPUT=false -DE9_OUTPUT=false -DFLANTERM_IN_FLANTERM -MMD -MP -DUEFI -c '../common/mm/vmm.c' -o '/tmp/vos5-limine.j3qiNo/build/common-uefi-ia32/common/mm/vmm.o'
/usr/bin/mkdir -p "$(dirname '/tmp/vos5-limine.j3qiNo/build/common-bios/common/lib/time.o')"
x86_64-elf-gcc -g -O2 -pipe -ffile-prefix-map=/tmp/vos5-limine.j3qiNo=/vos-limine -g -Wall -Wextra -Wshadow -Wvla -Wno-error -std=gnu11 -nostdinc -ffreestanding -ffunction-sections -fdata-sections -fstack-protector-strong -fno-stack-check -fno-omit-frame-pointer -fno-strict-aliasing -fno-lto -mstack-protector-guard=global -fno-PIC -m32 -march=i686 -mabi=sysv -mno-80387 -mno-mmx -I . -I libc-compat -I ../limine-protocol/include -I ../flanterm/src -I ../libfdt/src -I '/tmp/vos5-limine.j3qiNo/build/common-bios/..' -isystem ../freestanding-c-hdrs/include  -DCOM_OUTPUT=false -DE9_OUTPUT=false -DFLANTERM_IN_FLANTERM -MMD -MP -DBIOS -c '../common/lib/time.c' -o '/tmp/vos5-limine.j3qiNo/build/common-bios/common/lib/time.o'
/usr/bin/mkdir -p "$(dirname '/tmp/vos5-limine.j3qiNo/build/common-bios/common/lib/tpm.o')"
x86_64-elf-gcc -g -O2 -pipe -ffile-prefix-map=/tmp/vos5-limine.j3qiNo=/vos-limine -g -Wall -Wextra -Wshadow -Wvla -Wno-error -std=gnu11 -nostdinc -ffreestanding -ffunction-sections -fdata-sections -fstack-protector-strong -fno-stack-check -fno-omit-frame-pointer -fno-strict-aliasing -fno-lto -mstack-protector-guard=global -fno-PIC -m32 -march=i686 -mabi=sysv -mno-80387 -mno-mmx -I . -I libc-compat -I ../limine-protocol/include -I ../flanterm/src -I ../libfdt/src -I '/tmp/vos5-limine.j3qiNo/build/common-bios/..' -isystem ../freestanding-c-hdrs/include  -DCOM_OUTPUT=false -DE9_OUTPUT=false -DFLANTERM_IN_FLANTERM -MMD -MP -DBIOS -c '../common/lib/tpm.c' -o '/tmp/vos5-limine.j3qiNo/build/common-bios/common/lib/tpm.o'
/usr/bin/mkdir -p "$(dirname '/tmp/vos5-limine.j3qiNo/build/common-bios/common/lib/uri.o')"
x86_64-elf-gcc -g -O2 -pipe -ffile-prefix-map=/tmp/vos5-limine.j3qiNo=/vos-limine -g -Wall -Wextra -Wshadow -Wvla -Wno-error -std=gnu11 -nostdinc -ffreestanding -ffunction-sections -fdata-sections -fstack-protector-strong -fno-stack-check -fno-omit-frame-pointer -fno-strict-aliasing -fno-lto -mstack-protector-guard=global -fno-PIC -m32 -march=i686 -mabi=sysv -mno-80387 -mno-mmx -I . -I libc-compat -I ../limine-protocol/include -I ../flanterm/src -I ../libfdt/src -I '/tmp/vos5-limine.j3qiNo/build/common-bios/..' -isystem ../freestanding-c-hdrs/include  -DCOM_OUTPUT=false -DE9_OUTPUT=false -DFLANTERM_IN_FLANTERM -MMD -MP -DBIOS -c '../common/lib/uri.c' -o '/tmp/vos5-limine.j3qiNo/build/common-bios/common/lib/uri.o'
/usr/bin/mkdir -p "$(dirname '/tmp/vos5-limine.j3qiNo/build/common-uefi-ia32/common/protos/chainload.o')"
x86_64-elf-gcc -g -O2 -pipe -ffile-prefix-map=/tmp/vos5-limine.j3qiNo=/vos-limine -g -Wall -Wextra -Wshadow -Wvla -Wno-error -std=gnu11 -nostdinc -ffreestanding -ffunction-sections -fdata-sections -fstack-protector-strong -fno-stack-check -fno-omit-frame-pointer -fno-strict-aliasing -fno-lto -mstack-protector-guard=global -fPIE -fshort-wchar -m32 -march=i686 -malign-double -mabi=sysv -mno-80387 -mno-mmx -I ../picoefi/inc -I . -I libc-compat -I ../limine-protocol/include -I ../flanterm/src -I ../libfdt/src -I '/tmp/vos5-limine.j3qiNo/build/common-uefi-ia32/..' -isystem ../freestanding-c-hdrs/include  -DCOM_OUTPUT=false -DE9_OUTPUT=false -DFLANTERM_IN_FLANTERM -MMD -MP -DUEFI -c '../common/protos/chainload.c' -o '/tmp/vos5-limine.j3qiNo/build/common-uefi-ia32/common/protos/chainload.o'
/usr/bin/mkdir -p "$(dirname '/tmp/vos5-limine.j3qiNo/build/common-uefi-ia32/common/protos/efi_boot_entry.o')"
x86_64-elf-gcc -g -O2 -pipe -ffile-prefix-map=/tmp/vos5-limine.j3qiNo=/vos-limine -g -Wall -Wextra -Wshadow -Wvla -Wno-error -std=gnu11 -nostdinc -ffreestanding -ffunction-sections -fdata-sections -fstack-protector-strong -fno-stack-check -fno-omit-frame-pointer -fno-strict-aliasing -fno-lto -mstack-protector-guard=global -fPIE -fshort-wchar -m32 -march=i686 -malign-double -mabi=sysv -mno-80387 -mno-mmx -I ../picoefi/inc -I . -I libc-compat -I ../limine-protocol/include -I ../flanterm/src -I ../libfdt/src -I '/tmp/vos5-limine.j3qiNo/build/common-uefi-ia32/..' -isystem ../freestanding-c-hdrs/include  -DCOM_OUTPUT=false -DE9_OUTPUT=false -DFLANTERM_IN_FLANTERM -MMD -MP -DUEFI -c '../common/protos/efi_boot_entry.c' -o '/tmp/vos5-limine.j3qiNo/build/common-uefi-ia32/common/protos/efi_boot_entry.o'
/usr/bin/mkdir -p "$(dirname '/tmp/vos5-limine.j3qiNo/build/common-uefi-ia32/common/protos/limine.o')"
x86_64-elf-gcc -g -O2 -pipe -ffile-prefix-map=/tmp/vos5-limine.j3qiNo=/vos-limine -g -Wall -Wextra -Wshadow -Wvla -Wno-error -std=gnu11 -nostdinc -ffreestanding -ffunction-sections -fdata-sections -fstack-protector-strong -fno-stack-check -fno-omit-frame-pointer -fno-strict-aliasing -fno-lto -mstack-protector-guard=global -fPIE -fshort-wchar -m32 -march=i686 -malign-double -mabi=sysv -mno-80387 -mno-mmx -I ../picoefi/inc -I . -I libc-compat -I ../limine-protocol/include -I ../flanterm/src -I ../libfdt/src -I '/tmp/vos5-limine.j3qiNo/build/common-uefi-ia32/..' -isystem ../freestanding-c-hdrs/include  -DCOM_OUTPUT=false -DE9_OUTPUT=false -DFLANTERM_IN_FLANTERM -MMD -MP -DUEFI -c '../common/protos/limine.c' -o '/tmp/vos5-limine.j3qiNo/build/common-uefi-ia32/common/protos/limine.o'
/usr/bin/mkdir -p "$(dirname '/tmp/vos5-limine.j3qiNo/build/common-bios/common/menu.o')"
x86_64-elf-gcc -g -O2 -pipe -ffile-prefix-map=/tmp/vos5-limine.j3qiNo=/vos-limine -g -Wall -Wextra -Wshadow -Wvla -Wno-error -std=gnu11 -nostdinc -ffreestanding -ffunction-sections -fdata-sections -fstack-protector-strong -fno-stack-check -fno-omit-frame-pointer -fno-strict-aliasing -fno-lto -mstack-protector-guard=global -fno-PIC -m32 -march=i686 -mabi=sysv -mno-80387 -mno-mmx -I . -I libc-compat -I ../limine-protocol/include -I ../flanterm/src -I ../libfdt/src -I '/tmp/vos5-limine.j3qiNo/build/common-bios/..' -isystem ../freestanding-c-hdrs/include  -DCOM_OUTPUT=false -DE9_OUTPUT=false -DFLANTERM_IN_FLANTERM -MMD -MP -DBIOS -c '../common/menu.c' -o '/tmp/vos5-limine.j3qiNo/build/common-bios/common/menu.o'
/usr/bin/mkdir -p "$(dirname '/tmp/vos5-limine.j3qiNo/build/common-uefi-ia32/common/protos/linux.o')"
x86_64-elf-gcc -g -O2 -pipe -ffile-prefix-map=/tmp/vos5-limine.j3qiNo=/vos-limine -g -Wall -Wextra -Wshadow -Wvla -Wno-error -std=gnu11 -nostdinc -ffreestanding -ffunction-sections -fdata-sections -fstack-protector-strong -fno-stack-check -fno-omit-frame-pointer -fno-strict-aliasing -fno-lto -mstack-protector-guard=global -fPIE -fshort-wchar -m32 -march=i686 -malign-double -mabi=sysv -mno-80387 -mno-mmx -I ../picoefi/inc -I . -I libc-compat -I ../limine-protocol/include -I ../flanterm/src -I ../libfdt/src -I '/tmp/vos5-limine.j3qiNo/build/common-uefi-ia32/..' -isystem ../freestanding-c-hdrs/include  -DCOM_OUTPUT=false -DE9_OUTPUT=false -DFLANTERM_IN_FLANTERM -MMD -MP -DUEFI -c '../common/protos/linux.c' -o '/tmp/vos5-limine.j3qiNo/build/common-uefi-ia32/common/protos/linux.o'
/usr/bin/mkdir -p "$(dirname '/tmp/vos5-limine.j3qiNo/build/common-uefi-ia32/common/protos/linux_risc.o')"
x86_64-elf-gcc -g -O2 -pipe -ffile-prefix-map=/tmp/vos5-limine.j3qiNo=/vos-limine -g -Wall -Wextra -Wshadow -Wvla -Wno-error -std=gnu11 -nostdinc -ffreestanding -ffunction-sections -fdata-sections -fstack-protector-strong -fno-stack-check -fno-omit-frame-pointer -fno-strict-aliasing -fno-lto -mstack-protector-guard=global -fPIE -fshort-wchar -m32 -march=i686 -malign-double -mabi=sysv -mno-80387 -mno-mmx -I ../picoefi/inc -I . -I libc-compat -I ../limine-protocol/include -I ../flanterm/src -I ../libfdt/src -I '/tmp/vos5-limine.j3qiNo/build/common-uefi-ia32/..' -isystem ../freestanding-c-hdrs/include  -DCOM_OUTPUT=false -DE9_OUTPUT=false -DFLANTERM_IN_FLANTERM -MMD -MP -DUEFI -c '../common/protos/linux_risc.c' -o '/tmp/vos5-limine.j3qiNo/build/common-uefi-ia32/common/protos/linux_risc.o'
/usr/bin/mkdir -p "$(dirname '/tmp/vos5-limine.j3qiNo/build/common-uefi-ia32/common/protos/linux_x86.o')"
x86_64-elf-gcc -g -O2 -pipe -ffile-prefix-map=/tmp/vos5-limine.j3qiNo=/vos-limine -g -Wall -Wextra -Wshadow -Wvla -Wno-error -std=gnu11 -nostdinc -ffreestanding -ffunction-sections -fdata-sections -fstack-protector-strong -fno-stack-check -fno-omit-frame-pointer -fno-strict-aliasing -fno-lto -mstack-protector-guard=global -fPIE -fshort-wchar -m32 -march=i686 -malign-double -mabi=sysv -mno-80387 -mno-mmx -I ../picoefi/inc -I . -I libc-compat -I ../limine-protocol/include -I ../flanterm/src -I ../libfdt/src -I '/tmp/vos5-limine.j3qiNo/build/common-uefi-ia32/..' -isystem ../freestanding-c-hdrs/include  -DCOM_OUTPUT=false -DE9_OUTPUT=false -DFLANTERM_IN_FLANTERM -MMD -MP -DUEFI -c '../common/protos/linux_x86.c' -o '/tmp/vos5-limine.j3qiNo/build/common-uefi-ia32/common/protos/linux_x86.o'
/usr/bin/mkdir -p "$(dirname '/tmp/vos5-limine.j3qiNo/build/common-uefi-ia32/common/protos/multiboot1.o')"
x86_64-elf-gcc -g -O2 -pipe -ffile-prefix-map=/tmp/vos5-limine.j3qiNo=/vos-limine -g -Wall -Wextra -Wshadow -Wvla -Wno-error -std=gnu11 -nostdinc -ffreestanding -ffunction-sections -fdata-sections -fstack-protector-strong -fno-stack-check -fno-omit-frame-pointer -fno-strict-aliasing -fno-lto -mstack-protector-guard=global -fPIE -fshort-wchar -m32 -march=i686 -malign-double -mabi=sysv -mno-80387 -mno-mmx -I ../picoefi/inc -I . -I libc-compat -I ../limine-protocol/include -I ../flanterm/src -I ../libfdt/src -I '/tmp/vos5-limine.j3qiNo/build/common-uefi-ia32/..' -isystem ../freestanding-c-hdrs/include  -DCOM_OUTPUT=false -DE9_OUTPUT=false -DFLANTERM_IN_FLANTERM -MMD -MP -DUEFI -c '../common/protos/multiboot1.c' -o '/tmp/vos5-limine.j3qiNo/build/common-uefi-ia32/common/protos/multiboot1.o'
/usr/bin/mkdir -p "$(dirname '/tmp/vos5-limine.j3qiNo/build/common-uefi-ia32/common/protos/multiboot2.o')"
x86_64-elf-gcc -g -O2 -pipe -ffile-prefix-map=/tmp/vos5-limine.j3qiNo=/vos-limine -g -Wall -Wextra -Wshadow -Wvla -Wno-error -std=gnu11 -nostdinc -ffreestanding -ffunction-sections -fdata-sections -fstack-protector-strong -fno-stack-check -fno-omit-frame-pointer -fno-strict-aliasing -fno-lto -mstack-protector-guard=global -fPIE -fshort-wchar -m32 -march=i686 -malign-double -mabi=sysv -mno-80387 -mno-mmx -I ../picoefi/inc -I . -I libc-compat -I ../limine-protocol/include -I ../flanterm/src -I ../libfdt/src -I '/tmp/vos5-limine.j3qiNo/build/common-uefi-ia32/..' -isystem ../freestanding-c-hdrs/include  -DCOM_OUTPUT=false -DE9_OUTPUT=false -DFLANTERM_IN_FLANTERM -MMD -MP -DUEFI -c '../common/protos/multiboot2.c' -o '/tmp/vos5-limine.j3qiNo/build/common-uefi-ia32/common/protos/multiboot2.o'
/usr/bin/mkdir -p "$(dirname '/tmp/vos5-limine.j3qiNo/build/common-uefi-ia32/common/pxe/pxe.s2.o')"
x86_64-elf-gcc -g -O2 -pipe -ffile-prefix-map=/tmp/vos5-limine.j3qiNo=/vos-limine -g -Wall -Wextra -Wshadow -Wvla -Wno-error -std=gnu11 -nostdinc -ffreestanding -ffunction-sections -fdata-sections -fstack-protector-strong -fno-stack-check -fno-omit-frame-pointer -fno-strict-aliasing -fno-lto -mstack-protector-guard=global -fPIE -fshort-wchar -m32 -march=i686 -malign-double -mabi=sysv -mno-80387 -mno-mmx -I ../picoefi/inc -I . -I libc-compat -I ../limine-protocol/include -I ../flanterm/src -I ../libfdt/src -I '/tmp/vos5-limine.j3qiNo/build/common-uefi-ia32/..' -isystem ../freestanding-c-hdrs/include  -DCOM_OUTPUT=false -DE9_OUTPUT=false -DFLANTERM_IN_FLANTERM -MMD -MP -DUEFI -c '../common/pxe/pxe.s2.c' -o '/tmp/vos5-limine.j3qiNo/build/common-uefi-ia32/common/pxe/pxe.s2.o'
/usr/bin/mkdir -p "$(dirname '/tmp/vos5-limine.j3qiNo/build/common-uefi-ia32/common/pxe/tftp.s2.o')"
x86_64-elf-gcc -g -O2 -pipe -ffile-prefix-map=/tmp/vos5-limine.j3qiNo=/vos-limine -g -Wall -Wextra -Wshadow -Wvla -Wno-error -std=gnu11 -nostdinc -ffreestanding -ffunction-sections -fdata-sections -fstack-protector-strong -fno-stack-check -fno-omit-frame-pointer -fno-strict-aliasing -fno-lto -mstack-protector-guard=global -fPIE -fshort-wchar -m32 -march=i686 -malign-double -mabi=sysv -mno-80387 -mno-mmx -I ../picoefi/inc -I . -I libc-compat -I ../limine-protocol/include -I ../flanterm/src -I ../libfdt/src -I '/tmp/vos5-limine.j3qiNo/build/common-uefi-ia32/..' -isystem ../freestanding-c-hdrs/include  -DCOM_OUTPUT=false -DE9_OUTPUT=false -DFLANTERM_IN_FLANTERM -MMD -MP -DUEFI -c '../common/pxe/tftp.s2.c' -o '/tmp/vos5-limine.j3qiNo/build/common-uefi-ia32/common/pxe/tftp.s2.o'
/usr/bin/mkdir -p "$(dirname '/tmp/vos5-limine.j3qiNo/build/common-uefi-ia32/common/sys/a20.s2.o')"
x86_64-elf-gcc -g -O2 -pipe -ffile-prefix-map=/tmp/vos5-limine.j3qiNo=/vos-limine -g -Wall -Wextra -Wshadow -Wvla -Wno-error -std=gnu11 -nostdinc -ffreestanding -ffunction-sections -fdata-sections -fstack-protector-strong -fno-stack-check -fno-omit-frame-pointer -fno-strict-aliasing -fno-lto -mstack-protector-guard=global -fPIE -fshort-wchar -m32 -march=i686 -malign-double -mabi=sysv -mno-80387 -mno-mmx -I ../picoefi/inc -I . -I libc-compat -I ../limine-protocol/include -I ../flanterm/src -I ../libfdt/src -I '/tmp/vos5-limine.j3qiNo/build/common-uefi-ia32/..' -isystem ../freestanding-c-hdrs/include  -DCOM_OUTPUT=false -DE9_OUTPUT=false -DFLANTERM_IN_FLANTERM -MMD -MP -DUEFI -c '../common/sys/a20.s2.c' -o '/tmp/vos5-limine.j3qiNo/build/common-uefi-ia32/common/sys/a20.s2.o'
/usr/bin/mkdir -p "$(dirname '/tmp/vos5-limine.j3qiNo/build/common-uefi-ia32/common/sys/cpu.s2.o')"
x86_64-elf-gcc -g -O2 -pipe -ffile-prefix-map=/tmp/vos5-limine.j3qiNo=/vos-limine -g -Wall -Wextra -Wshadow -Wvla -Wno-error -std=gnu11 -nostdinc -ffreestanding -ffunction-sections -fdata-sections -fstack-protector-strong -fno-stack-check -fno-omit-frame-pointer -fno-strict-aliasing -fno-lto -mstack-protector-guard=global -fPIE -fshort-wchar -m32 -march=i686 -malign-double -mabi=sysv -mno-80387 -mno-mmx -I ../picoefi/inc -I . -I libc-compat -I ../limine-protocol/include -I ../flanterm/src -I ../libfdt/src -I '/tmp/vos5-limine.j3qiNo/build/common-uefi-ia32/..' -isystem ../freestanding-c-hdrs/include  -DCOM_OUTPUT=false -DE9_OUTPUT=false -DFLANTERM_IN_FLANTERM -MMD -MP -DUEFI -c '../common/sys/cpu.s2.c' -o '/tmp/vos5-limine.j3qiNo/build/common-uefi-ia32/common/sys/cpu.s2.o'
/usr/bin/mkdir -p "$(dirname '/tmp/vos5-limine.j3qiNo/build/common-uefi-ia32/common/sys/cpu_riscv.o')"
x86_64-elf-gcc -g -O2 -pipe -ffile-prefix-map=/tmp/vos5-limine.j3qiNo=/vos-limine -g -Wall -Wextra -Wshadow -Wvla -Wno-error -std=gnu11 -nostdinc -ffreestanding -ffunction-sections -fdata-sections -fstack-protector-strong -fno-stack-check -fno-omit-frame-pointer -fno-strict-aliasing -fno-lto -mstack-protector-guard=global -fPIE -fshort-wchar -m32 -march=i686 -malign-double -mabi=sysv -mno-80387 -mno-mmx -I ../picoefi/inc -I . -I libc-compat -I ../limine-protocol/include -I ../flanterm/src -I ../libfdt/src -I '/tmp/vos5-limine.j3qiNo/build/common-uefi-ia32/..' -isystem ../freestanding-c-hdrs/include  -DCOM_OUTPUT=false -DE9_OUTPUT=false -DFLANTERM_IN_FLANTERM -MMD -MP -DUEFI -c '../common/sys/cpu_riscv.c' -o '/tmp/vos5-limine.j3qiNo/build/common-uefi-ia32/common/sys/cpu_riscv.o'
/usr/bin/mkdir -p "$(dirname '/tmp/vos5-limine.j3qiNo/build/common-uefi-ia32/common/sys/e820.s2.o')"
/usr/bin/mkdir -p "$(dirname '/tmp/vos5-limine.j3qiNo/build/common-bios/common/mm/efi_pt.o')"
x86_64-elf-gcc -g -O2 -pipe -ffile-prefix-map=/tmp/vos5-limine.j3qiNo=/vos-limine -g -Wall -Wextra -Wshadow -Wvla -Wno-error -std=gnu11 -nostdinc -ffreestanding -ffunction-sections -fdata-sections -fstack-protector-strong -fno-stack-check -fno-omit-frame-pointer -fno-strict-aliasing -fno-lto -mstack-protector-guard=global -fPIE -fshort-wchar -m32 -march=i686 -malign-double -mabi=sysv -mno-80387 -mno-mmx -I ../picoefi/inc -I . -I libc-compat -I ../limine-protocol/include -I ../flanterm/src -I ../libfdt/src -I '/tmp/vos5-limine.j3qiNo/build/common-uefi-ia32/..' -isystem ../freestanding-c-hdrs/include  -DCOM_OUTPUT=false -DE9_OUTPUT=false -DFLANTERM_IN_FLANTERM -MMD -MP -DUEFI -c '../common/sys/e820.s2.c' -o '/tmp/vos5-limine.j3qiNo/build/common-uefi-ia32/common/sys/e820.s2.o'
x86_64-elf-gcc -g -O2 -pipe -ffile-prefix-map=/tmp/vos5-limine.j3qiNo=/vos-limine -g -Wall -Wextra -Wshadow -Wvla -Wno-error -std=gnu11 -nostdinc -ffreestanding -ffunction-sections -fdata-sections -fstack-protector-strong -fno-stack-check -fno-omit-frame-pointer -fno-strict-aliasing -fno-lto -mstack-protector-guard=global -fno-PIC -m32 -march=i686 -mabi=sysv -mno-80387 -mno-mmx -I . -I libc-compat -I ../limine-protocol/include -I ../flanterm/src -I ../libfdt/src -I '/tmp/vos5-limine.j3qiNo/build/common-bios/..' -isystem ../freestanding-c-hdrs/include  -DCOM_OUTPUT=false -DE9_OUTPUT=false -DFLANTERM_IN_FLANTERM -MMD -MP -DBIOS -c '../common/mm/efi_pt.c' -o '/tmp/vos5-limine.j3qiNo/build/common-bios/common/mm/efi_pt.o'
/usr/bin/mkdir -p "$(dirname '/tmp/vos5-limine.j3qiNo/build/common-uefi-ia32/common/sys/exceptions.s2.o')"
/usr/bin/mkdir -p "$(dirname '/tmp/vos5-limine.j3qiNo/build/common-bios/common/mm/mtrr.o')"
x86_64-elf-gcc -g -O2 -pipe -ffile-prefix-map=/tmp/vos5-limine.j3qiNo=/vos-limine -g -Wall -Wextra -Wshadow -Wvla -Wno-error -std=gnu11 -nostdinc -ffreestanding -ffunction-sections -fdata-sections -fstack-protector-strong -fno-stack-check -fno-omit-frame-pointer -fno-strict-aliasing -fno-lto -mstack-protector-guard=global -fPIE -fshort-wchar -m32 -march=i686 -malign-double -mabi=sysv -mno-80387 -mno-mmx -I ../picoefi/inc -I . -I libc-compat -I ../limine-protocol/include -I ../flanterm/src -I ../libfdt/src -I '/tmp/vos5-limine.j3qiNo/build/common-uefi-ia32/..' -isystem ../freestanding-c-hdrs/include  -DCOM_OUTPUT=false -DE9_OUTPUT=false -DFLANTERM_IN_FLANTERM -MMD -MP -DUEFI -c '../common/sys/exceptions.s2.c' -o '/tmp/vos5-limine.j3qiNo/build/common-uefi-ia32/common/sys/exceptions.s2.o'
x86_64-elf-gcc -g -O2 -pipe -ffile-prefix-map=/tmp/vos5-limine.j3qiNo=/vos-limine -g -Wall -Wextra -Wshadow -Wvla -Wno-error -std=gnu11 -nostdinc -ffreestanding -ffunction-sections -fdata-sections -fstack-protector-strong -fno-stack-check -fno-omit-frame-pointer -fno-strict-aliasing -fno-lto -mstack-protector-guard=global -fno-PIC -m32 -march=i686 -mabi=sysv -mno-80387 -mno-mmx -I . -I libc-compat -I ../limine-protocol/include -I ../flanterm/src -I ../libfdt/src -I '/tmp/vos5-limine.j3qiNo/build/common-bios/..' -isystem ../freestanding-c-hdrs/include  -DCOM_OUTPUT=false -DE9_OUTPUT=false -DFLANTERM_IN_FLANTERM -MMD -MP -DBIOS -c '../common/mm/mtrr.c' -o '/tmp/vos5-limine.j3qiNo/build/common-bios/common/mm/mtrr.o'
/usr/bin/mkdir -p "$(dirname '/tmp/vos5-limine.j3qiNo/build/common-uefi-ia32/common/sys/gdt.s2.o')"
x86_64-elf-gcc -g -O2 -pipe -ffile-prefix-map=/tmp/vos5-limine.j3qiNo=/vos-limine -g -Wall -Wextra -Wshadow -Wvla -Wno-error -std=gnu11 -nostdinc -ffreestanding -ffunction-sections -fdata-sections -fstack-protector-strong -fno-stack-check -fno-omit-frame-pointer -fno-strict-aliasing -fno-lto -mstack-protector-guard=global -fPIE -fshort-wchar -m32 -march=i686 -malign-double -mabi=sysv -mno-80387 -mno-mmx -I ../picoefi/inc -I . -I libc-compat -I ../limine-protocol/include -I ../flanterm/src -I ../libfdt/src -I '/tmp/vos5-limine.j3qiNo/build/common-uefi-ia32/..' -isystem ../freestanding-c-hdrs/include  -DCOM_OUTPUT=false -DE9_OUTPUT=false -DFLANTERM_IN_FLANTERM -MMD -MP -DUEFI -c '../common/sys/gdt.s2.c' -o '/tmp/vos5-limine.j3qiNo/build/common-uefi-ia32/common/sys/gdt.s2.o'
/usr/bin/mkdir -p "$(dirname '/tmp/vos5-limine.j3qiNo/build/common-uefi-ia32/common/sys/idt.o')"
x86_64-elf-gcc -g -O2 -pipe -ffile-prefix-map=/tmp/vos5-limine.j3qiNo=/vos-limine -g -Wall -Wextra -Wshadow -Wvla -Wno-error -std=gnu11 -nostdinc -ffreestanding -ffunction-sections -fdata-sections -fstack-protector-strong -fno-stack-check -fno-omit-frame-pointer -fno-strict-aliasing -fno-lto -mstack-protector-guard=global -fPIE -fshort-wchar -m32 -march=i686 -malign-double -mabi=sysv -mno-80387 -mno-mmx -I ../picoefi/inc -I . -I libc-compat -I ../limine-protocol/include -I ../flanterm/src -I ../libfdt/src -I '/tmp/vos5-limine.j3qiNo/build/common-uefi-ia32/..' -isystem ../freestanding-c-hdrs/include  -DCOM_OUTPUT=false -DE9_OUTPUT=false -DFLANTERM_IN_FLANTERM -MMD -MP -DUEFI -c '../common/sys/idt.c' -o '/tmp/vos5-limine.j3qiNo/build/common-uefi-ia32/common/sys/idt.o'
/usr/bin/mkdir -p "$(dirname '/tmp/vos5-limine.j3qiNo/build/common-uefi-ia32/common/sys/idt.s2.o')"
x86_64-elf-gcc -g -O2 -pipe -ffile-prefix-map=/tmp/vos5-limine.j3qiNo=/vos-limine -g -Wall -Wextra -Wshadow -Wvla -Wno-error -std=gnu11 -nostdinc -ffreestanding -ffunction-sections -fdata-sections -fstack-protector-strong -fno-stack-check -fno-omit-frame-pointer -fno-strict-aliasing -fno-lto -mstack-protector-guard=global -fPIE -fshort-wchar -m32 -march=i686 -malign-double -mabi=sysv -mno-80387 -mno-mmx -I ../picoefi/inc -I . -I libc-compat -I ../limine-protocol/include -I ../flanterm/src -I ../libfdt/src -I '/tmp/vos5-limine.j3qiNo/build/common-uefi-ia32/..' -isystem ../freestanding-c-hdrs/include  -DCOM_OUTPUT=false -DE9_OUTPUT=false -DFLANTERM_IN_FLANTERM -MMD -MP -DUEFI -c '../common/sys/idt.s2.c' -o '/tmp/vos5-limine.j3qiNo/build/common-uefi-ia32/common/sys/idt.s2.o'
/usr/bin/mkdir -p "$(dirname '/tmp/vos5-limine.j3qiNo/build/common-uefi-ia32/common/sys/iommu.o')"
x86_64-elf-gcc -g -O2 -pipe -ffile-prefix-map=/tmp/vos5-limine.j3qiNo=/vos-limine -g -Wall -Wextra -Wshadow -Wvla -Wno-error -std=gnu11 -nostdinc -ffreestanding -ffunction-sections -fdata-sections -fstack-protector-strong -fno-stack-check -fno-omit-frame-pointer -fno-strict-aliasing -fno-lto -mstack-protector-guard=global -fPIE -fshort-wchar -m32 -march=i686 -malign-double -mabi=sysv -mno-80387 -mno-mmx -I ../picoefi/inc -I . -I libc-compat -I ../limine-protocol/include -I ../flanterm/src -I ../libfdt/src -I '/tmp/vos5-limine.j3qiNo/build/common-uefi-ia32/..' -isystem ../freestanding-c-hdrs/include  -DCOM_OUTPUT=false -DE9_OUTPUT=false -DFLANTERM_IN_FLANTERM -MMD -MP -DUEFI -c '../common/sys/iommu.c' -o '/tmp/vos5-limine.j3qiNo/build/common-uefi-ia32/common/sys/iommu.o'
/usr/bin/mkdir -p "$(dirname '/tmp/vos5-limine.j3qiNo/build/common-bios/common/mm/pmm.o')"
x86_64-elf-gcc -g -O2 -pipe -ffile-prefix-map=/tmp/vos5-limine.j3qiNo=/vos-limine -g -Wall -Wextra -Wshadow -Wvla -Wno-error -std=gnu11 -nostdinc -ffreestanding -ffunction-sections -fdata-sections -fstack-protector-strong -fno-stack-check -fno-omit-frame-pointer -fno-strict-aliasing -fno-lto -mstack-protector-guard=global -fno-PIC -m32 -march=i686 -mabi=sysv -mno-80387 -mno-mmx -I . -I libc-compat -I ../limine-protocol/include -I ../flanterm/src -I ../libfdt/src -I '/tmp/vos5-limine.j3qiNo/build/common-bios/..' -isystem ../freestanding-c-hdrs/include  -DCOM_OUTPUT=false -DE9_OUTPUT=false -DFLANTERM_IN_FLANTERM -MMD -MP -DBIOS -c '../common/mm/pmm.c' -o '/tmp/vos5-limine.j3qiNo/build/common-bios/common/mm/pmm.o'
/usr/bin/mkdir -p "$(dirname '/tmp/vos5-limine.j3qiNo/build/common-uefi-ia32/common/sys/lapic.o')"
/usr/bin/mkdir -p "$(dirname '/tmp/vos5-limine.j3qiNo/build/common-uefi-ia32/common/sys/pic.o')"
x86_64-elf-gcc -g -O2 -pipe -ffile-prefix-map=/tmp/vos5-limine.j3qiNo=/vos-limine -g -Wall -Wextra -Wshadow -Wvla -Wno-error -std=gnu11 -nostdinc -ffreestanding -ffunction-sections -fdata-sections -fstack-protector-strong -fno-stack-check -fno-omit-frame-pointer -fno-strict-aliasing -fno-lto -mstack-protector-guard=global -fPIE -fshort-wchar -m32 -march=i686 -malign-double -mabi=sysv -mno-80387 -mno-mmx -I ../picoefi/inc -I . -I libc-compat -I ../limine-protocol/include -I ../flanterm/src -I ../libfdt/src -I '/tmp/vos5-limine.j3qiNo/build/common-uefi-ia32/..' -isystem ../freestanding-c-hdrs/include  -DCOM_OUTPUT=false -DE9_OUTPUT=false -DFLANTERM_IN_FLANTERM -MMD -MP -DUEFI -c '../common/sys/lapic.c' -o '/tmp/vos5-limine.j3qiNo/build/common-uefi-ia32/common/sys/lapic.o'
x86_64-elf-gcc -g -O2 -pipe -ffile-prefix-map=/tmp/vos5-limine.j3qiNo=/vos-limine -g -Wall -Wextra -Wshadow -Wvla -Wno-error -std=gnu11 -nostdinc -ffreestanding -ffunction-sections -fdata-sections -fstack-protector-strong -fno-stack-check -fno-omit-frame-pointer -fno-strict-aliasing -fno-lto -mstack-protector-guard=global -fPIE -fshort-wchar -m32 -march=i686 -malign-double -mabi=sysv -mno-80387 -mno-mmx -I ../picoefi/inc -I . -I libc-compat -I ../limine-protocol/include -I ../flanterm/src -I ../libfdt/src -I '/tmp/vos5-limine.j3qiNo/build/common-uefi-ia32/..' -isystem ../freestanding-c-hdrs/include  -DCOM_OUTPUT=false -DE9_OUTPUT=false -DFLANTERM_IN_FLANTERM -MMD -MP -DUEFI -c '../common/sys/pic.c' -o '/tmp/vos5-limine.j3qiNo/build/common-uefi-ia32/common/sys/pic.o'
/usr/bin/mkdir -p "$(dirname '/tmp/vos5-limine.j3qiNo/build/common-bios/common/mm/vmm.o')"
x86_64-elf-gcc -g -O2 -pipe -ffile-prefix-map=/tmp/vos5-limine.j3qiNo=/vos-limine -g -Wall -Wextra -Wshadow -Wvla -Wno-error -std=gnu11 -nostdinc -ffreestanding -ffunction-sections -fdata-sections -fstack-protector-strong -fno-stack-check -fno-omit-frame-pointer -fno-strict-aliasing -fno-lto -mstack-protector-guard=global -fno-PIC -m32 -march=i686 -mabi=sysv -mno-80387 -mno-mmx -I . -I libc-compat -I ../limine-protocol/include -I ../flanterm/src -I ../libfdt/src -I '/tmp/vos5-limine.j3qiNo/build/common-bios/..' -isystem ../freestanding-c-hdrs/include  -DCOM_OUTPUT=false -DE9_OUTPUT=false -DFLANTERM_IN_FLANTERM -MMD -MP -DBIOS -c '../common/mm/vmm.c' -o '/tmp/vos5-limine.j3qiNo/build/common-bios/common/mm/vmm.o'
/usr/bin/mkdir -p "$(dirname '/tmp/vos5-limine.j3qiNo/build/common-uefi-ia32/common/sys/smp.o')"
x86_64-elf-gcc -g -O2 -pipe -ffile-prefix-map=/tmp/vos5-limine.j3qiNo=/vos-limine -g -Wall -Wextra -Wshadow -Wvla -Wno-error -std=gnu11 -nostdinc -ffreestanding -ffunction-sections -fdata-sections -fstack-protector-strong -fno-stack-check -fno-omit-frame-pointer -fno-strict-aliasing -fno-lto -mstack-protector-guard=global -fPIE -fshort-wchar -m32 -march=i686 -malign-double -mabi=sysv -mno-80387 -mno-mmx -I ../picoefi/inc -I . -I libc-compat -I ../limine-protocol/include -I ../flanterm/src -I ../libfdt/src -I '/tmp/vos5-limine.j3qiNo/build/common-uefi-ia32/..' -isystem ../freestanding-c-hdrs/include  -DCOM_OUTPUT=false -DE9_OUTPUT=false -DFLANTERM_IN_FLANTERM -MMD -MP -DUEFI -c '../common/sys/smp.c' -o '/tmp/vos5-limine.j3qiNo/build/common-uefi-ia32/common/sys/smp.o'
/usr/bin/mkdir -p "$(dirname '/tmp/vos5-limine.j3qiNo/build/common-bios/common/protos/chainload.o')"
x86_64-elf-gcc -g -O2 -pipe -ffile-prefix-map=/tmp/vos5-limine.j3qiNo=/vos-limine -g -Wall -Wextra -Wshadow -Wvla -Wno-error -std=gnu11 -nostdinc -ffreestanding -ffunction-sections -fdata-sections -fstack-protector-strong -fno-stack-check -fno-omit-frame-pointer -fno-strict-aliasing -fno-lto -mstack-protector-guard=global -fno-PIC -m32 -march=i686 -mabi=sysv -mno-80387 -mno-mmx -I . -I libc-compat -I ../limine-protocol/include -I ../flanterm/src -I ../libfdt/src -I '/tmp/vos5-limine.j3qiNo/build/common-bios/..' -isystem ../freestanding-c-hdrs/include  -DCOM_OUTPUT=false -DE9_OUTPUT=false -DFLANTERM_IN_FLANTERM -MMD -MP -DBIOS -c '../common/protos/chainload.c' -o '/tmp/vos5-limine.j3qiNo/build/common-bios/common/protos/chainload.o'
/usr/bin/mkdir -p "$(dirname '/tmp/vos5-limine.j3qiNo/build/common-uefi-ia32/flanterm/src/flanterm.o')"
x86_64-elf-gcc -g -O2 -pipe -ffile-prefix-map=/tmp/vos5-limine.j3qiNo=/vos-limine -g -Wall -Wextra -Wshadow -Wvla -Wno-error -std=gnu11 -nostdinc -ffreestanding -ffunction-sections -fdata-sections -fstack-protector-strong -fno-stack-check -fno-omit-frame-pointer -fno-strict-aliasing -fno-lto -mstack-protector-guard=global -fPIE -fshort-wchar -m32 -march=i686 -malign-double -mabi=sysv -mno-80387 -mno-mmx -I ../picoefi/inc -I . -I libc-compat -I ../limine-protocol/include -I ../flanterm/src -I ../libfdt/src -I '/tmp/vos5-limine.j3qiNo/build/common-uefi-ia32/..' -isystem ../freestanding-c-hdrs/include  -DCOM_OUTPUT=false -DE9_OUTPUT=false -DFLANTERM_IN_FLANTERM -MMD -MP -DUEFI -c '../flanterm/src/flanterm.c' -o '/tmp/vos5-limine.j3qiNo/build/common-uefi-ia32/flanterm/src/flanterm.o'
/usr/bin/mkdir -p "$(dirname '/tmp/vos5-limine.j3qiNo/build/common-bios/common/protos/efi_boot_entry.o')"
x86_64-elf-gcc -g -O2 -pipe -ffile-prefix-map=/tmp/vos5-limine.j3qiNo=/vos-limine -g -Wall -Wextra -Wshadow -Wvla -Wno-error -std=gnu11 -nostdinc -ffreestanding -ffunction-sections -fdata-sections -fstack-protector-strong -fno-stack-check -fno-omit-frame-pointer -fno-strict-aliasing -fno-lto -mstack-protector-guard=global -fno-PIC -m32 -march=i686 -mabi=sysv -mno-80387 -mno-mmx -I . -I libc-compat -I ../limine-protocol/include -I ../flanterm/src -I ../libfdt/src -I '/tmp/vos5-limine.j3qiNo/build/common-bios/..' -isystem ../freestanding-c-hdrs/include  -DCOM_OUTPUT=false -DE9_OUTPUT=false -DFLANTERM_IN_FLANTERM -MMD -MP -DBIOS -c '../common/protos/efi_boot_entry.c' -o '/tmp/vos5-limine.j3qiNo/build/common-bios/common/protos/efi_boot_entry.o'
/usr/bin/mkdir -p "$(dirname '/tmp/vos5-limine.j3qiNo/build/common-bios/common/protos/limine.o')"
x86_64-elf-gcc -g -O2 -pipe -ffile-prefix-map=/tmp/vos5-limine.j3qiNo=/vos-limine -g -Wall -Wextra -Wshadow -Wvla -Wno-error -std=gnu11 -nostdinc -ffreestanding -ffunction-sections -fdata-sections -fstack-protector-strong -fno-stack-check -fno-omit-frame-pointer -fno-strict-aliasing -fno-lto -mstack-protector-guard=global -fno-PIC -m32 -march=i686 -mabi=sysv -mno-80387 -mno-mmx -I . -I libc-compat -I ../limine-protocol/include -I ../flanterm/src -I ../libfdt/src -I '/tmp/vos5-limine.j3qiNo/build/common-bios/..' -isystem ../freestanding-c-hdrs/include  -DCOM_OUTPUT=false -DE9_OUTPUT=false -DFLANTERM_IN_FLANTERM -MMD -MP -DBIOS -c '../common/protos/limine.c' -o '/tmp/vos5-limine.j3qiNo/build/common-bios/common/protos/limine.o'
/usr/bin/mkdir -p "$(dirname '/tmp/vos5-limine.j3qiNo/build/common-uefi-ia32/flanterm/src/flanterm_backends/fb.o')"
x86_64-elf-gcc -g -O2 -pipe -ffile-prefix-map=/tmp/vos5-limine.j3qiNo=/vos-limine -g -Wall -Wextra -Wshadow -Wvla -Wno-error -std=gnu11 -nostdinc -ffreestanding -ffunction-sections -fdata-sections -fstack-protector-strong -fno-stack-check -fno-omit-frame-pointer -fno-strict-aliasing -fno-lto -mstack-protector-guard=global -fPIE -fshort-wchar -m32 -march=i686 -malign-double -mabi=sysv -mno-80387 -mno-mmx -I ../picoefi/inc -I . -I libc-compat -I ../limine-protocol/include -I ../flanterm/src -I ../libfdt/src -I '/tmp/vos5-limine.j3qiNo/build/common-uefi-ia32/..' -isystem ../freestanding-c-hdrs/include  -DCOM_OUTPUT=false -DE9_OUTPUT=false -DFLANTERM_IN_FLANTERM -MMD -MP -DUEFI -DFLANTERM_FB_DISABLE_BUMP_ALLOC -c '../flanterm/src/flanterm_backends/fb.c' -o '/tmp/vos5-limine.j3qiNo/build/common-uefi-ia32/flanterm/src/flanterm_backends/fb.o'
/usr/bin/mkdir -p "$(dirname '/tmp/vos5-limine.j3qiNo/build/common-uefi-ia32/libfdt/src/fdt.o')"
x86_64-elf-gcc -g -O2 -pipe -ffile-prefix-map=/tmp/vos5-limine.j3qiNo=/vos-limine -g -Wall -Wextra -Wshadow -Wvla -Wno-error -std=gnu11 -nostdinc -ffreestanding -ffunction-sections -fdata-sections -fstack-protector-strong -fno-stack-check -fno-omit-frame-pointer -fno-strict-aliasing -fno-lto -mstack-protector-guard=global -fPIE -fshort-wchar -m32 -march=i686 -malign-double -mabi=sysv -mno-80387 -mno-mmx -I ../picoefi/inc -I . -I libc-compat -I ../limine-protocol/include -I ../flanterm/src -I ../libfdt/src -I '/tmp/vos5-limine.j3qiNo/build/common-uefi-ia32/..' -isystem ../freestanding-c-hdrs/include  -DCOM_OUTPUT=false -DE9_OUTPUT=false -DFLANTERM_IN_FLANTERM -MMD -MP -DUEFI -c '../libfdt/src/fdt.c' -o '/tmp/vos5-limine.j3qiNo/build/common-uefi-ia32/libfdt/src/fdt.o'
/usr/bin/mkdir -p "$(dirname '/tmp/vos5-limine.j3qiNo/build/common-uefi-ia32/libfdt/src/fdt_addresses.o')"
x86_64-elf-gcc -g -O2 -pipe -ffile-prefix-map=/tmp/vos5-limine.j3qiNo=/vos-limine -g -Wall -Wextra -Wshadow -Wvla -Wno-error -std=gnu11 -nostdinc -ffreestanding -ffunction-sections -fdata-sections -fstack-protector-strong -fno-stack-check -fno-omit-frame-pointer -fno-strict-aliasing -fno-lto -mstack-protector-guard=global -fPIE -fshort-wchar -m32 -march=i686 -malign-double -mabi=sysv -mno-80387 -mno-mmx -I ../picoefi/inc -I . -I libc-compat -I ../limine-protocol/include -I ../flanterm/src -I ../libfdt/src -I '/tmp/vos5-limine.j3qiNo/build/common-uefi-ia32/..' -isystem ../freestanding-c-hdrs/include  -DCOM_OUTPUT=false -DE9_OUTPUT=false -DFLANTERM_IN_FLANTERM -MMD -MP -DUEFI -c '../libfdt/src/fdt_addresses.c' -o '/tmp/vos5-limine.j3qiNo/build/common-uefi-ia32/libfdt/src/fdt_addresses.o'
/usr/bin/mkdir -p "$(dirname '/tmp/vos5-limine.j3qiNo/build/common-uefi-ia32/libfdt/src/fdt_check.o')"
x86_64-elf-gcc -g -O2 -pipe -ffile-prefix-map=/tmp/vos5-limine.j3qiNo=/vos-limine -g -Wall -Wextra -Wshadow -Wvla -Wno-error -std=gnu11 -nostdinc -ffreestanding -ffunction-sections -fdata-sections -fstack-protector-strong -fno-stack-check -fno-omit-frame-pointer -fno-strict-aliasing -fno-lto -mstack-protector-guard=global -fPIE -fshort-wchar -m32 -march=i686 -malign-double -mabi=sysv -mno-80387 -mno-mmx -I ../picoefi/inc -I . -I libc-compat -I ../limine-protocol/include -I ../flanterm/src -I ../libfdt/src -I '/tmp/vos5-limine.j3qiNo/build/common-uefi-ia32/..' -isystem ../freestanding-c-hdrs/include  -DCOM_OUTPUT=false -DE9_OUTPUT=false -DFLANTERM_IN_FLANTERM -MMD -MP -DUEFI -c '../libfdt/src/fdt_check.c' -o '/tmp/vos5-limine.j3qiNo/build/common-uefi-ia32/libfdt/src/fdt_check.o'
/usr/bin/mkdir -p "$(dirname '/tmp/vos5-limine.j3qiNo/build/common-uefi-ia32/libfdt/src/fdt_empty_tree.o')"
x86_64-elf-gcc -g -O2 -pipe -ffile-prefix-map=/tmp/vos5-limine.j3qiNo=/vos-limine -g -Wall -Wextra -Wshadow -Wvla -Wno-error -std=gnu11 -nostdinc -ffreestanding -ffunction-sections -fdata-sections -fstack-protector-strong -fno-stack-check -fno-omit-frame-pointer -fno-strict-aliasing -fno-lto -mstack-protector-guard=global -fPIE -fshort-wchar -m32 -march=i686 -malign-double -mabi=sysv -mno-80387 -mno-mmx -I ../picoefi/inc -I . -I libc-compat -I ../limine-protocol/include -I ../flanterm/src -I ../libfdt/src -I '/tmp/vos5-limine.j3qiNo/build/common-uefi-ia32/..' -isystem ../freestanding-c-hdrs/include  -DCOM_OUTPUT=false -DE9_OUTPUT=false -DFLANTERM_IN_FLANTERM -MMD -MP -DUEFI -c '../libfdt/src/fdt_empty_tree.c' -o '/tmp/vos5-limine.j3qiNo/build/common-uefi-ia32/libfdt/src/fdt_empty_tree.o'
/usr/bin/mkdir -p "$(dirname '/tmp/vos5-limine.j3qiNo/build/common-uefi-ia32/libfdt/src/fdt_overlay.o')"
x86_64-elf-gcc -g -O2 -pipe -ffile-prefix-map=/tmp/vos5-limine.j3qiNo=/vos-limine -g -Wall -Wextra -Wshadow -Wvla -Wno-error -std=gnu11 -nostdinc -ffreestanding -ffunction-sections -fdata-sections -fstack-protector-strong -fno-stack-check -fno-omit-frame-pointer -fno-strict-aliasing -fno-lto -mstack-protector-guard=global -fPIE -fshort-wchar -m32 -march=i686 -malign-double -mabi=sysv -mno-80387 -mno-mmx -Wno-unused-parameter -I ../picoefi/inc -I . -I libc-compat -I ../limine-protocol/include -I ../flanterm/src -I ../libfdt/src -I '/tmp/vos5-limine.j3qiNo/build/common-uefi-ia32/..' -isystem ../freestanding-c-hdrs/include  -DCOM_OUTPUT=false -DE9_OUTPUT=false -DFLANTERM_IN_FLANTERM -MMD -MP -DUEFI -c '../libfdt/src/fdt_overlay.c' -o '/tmp/vos5-limine.j3qiNo/build/common-uefi-ia32/libfdt/src/fdt_overlay.o'
/usr/bin/mkdir -p "$(dirname '/tmp/vos5-limine.j3qiNo/build/common-bios/common/protos/linux.o')"
x86_64-elf-gcc -g -O2 -pipe -ffile-prefix-map=/tmp/vos5-limine.j3qiNo=/vos-limine -g -Wall -Wextra -Wshadow -Wvla -Wno-error -std=gnu11 -nostdinc -ffreestanding -ffunction-sections -fdata-sections -fstack-protector-strong -fno-stack-check -fno-omit-frame-pointer -fno-strict-aliasing -fno-lto -mstack-protector-guard=global -fno-PIC -m32 -march=i686 -mabi=sysv -mno-80387 -mno-mmx -I . -I libc-compat -I ../limine-protocol/include -I ../flanterm/src -I ../libfdt/src -I '/tmp/vos5-limine.j3qiNo/build/common-bios/..' -isystem ../freestanding-c-hdrs/include  -DCOM_OUTPUT=false -DE9_OUTPUT=false -DFLANTERM_IN_FLANTERM -MMD -MP -DBIOS -c '../common/protos/linux.c' -o '/tmp/vos5-limine.j3qiNo/build/common-bios/common/protos/linux.o'
/usr/bin/mkdir -p "$(dirname '/tmp/vos5-limine.j3qiNo/build/common-bios/common/protos/linux_risc.o')"
/usr/bin/mkdir -p "$(dirname '/tmp/vos5-limine.j3qiNo/build/common-uefi-ia32/libfdt/src/fdt_ro.o')"
x86_64-elf-gcc -g -O2 -pipe -ffile-prefix-map=/tmp/vos5-limine.j3qiNo=/vos-limine -g -Wall -Wextra -Wshadow -Wvla -Wno-error -std=gnu11 -nostdinc -ffreestanding -ffunction-sections -fdata-sections -fstack-protector-strong -fno-stack-check -fno-omit-frame-pointer -fno-strict-aliasing -fno-lto -mstack-protector-guard=global -fPIE -fshort-wchar -m32 -march=i686 -malign-double -mabi=sysv -mno-80387 -mno-mmx -I ../picoefi/inc -I . -I libc-compat -I ../limine-protocol/include -I ../flanterm/src -I ../libfdt/src -I '/tmp/vos5-limine.j3qiNo/build/common-uefi-ia32/..' -isystem ../freestanding-c-hdrs/include  -DCOM_OUTPUT=false -DE9_OUTPUT=false -DFLANTERM_IN_FLANTERM -MMD -MP -DUEFI -c '../libfdt/src/fdt_ro.c' -o '/tmp/vos5-limine.j3qiNo/build/common-uefi-ia32/libfdt/src/fdt_ro.o'
x86_64-elf-gcc -g -O2 -pipe -ffile-prefix-map=/tmp/vos5-limine.j3qiNo=/vos-limine -g -Wall -Wextra -Wshadow -Wvla -Wno-error -std=gnu11 -nostdinc -ffreestanding -ffunction-sections -fdata-sections -fstack-protector-strong -fno-stack-check -fno-omit-frame-pointer -fno-strict-aliasing -fno-lto -mstack-protector-guard=global -fno-PIC -m32 -march=i686 -mabi=sysv -mno-80387 -mno-mmx -I . -I libc-compat -I ../limine-protocol/include -I ../flanterm/src -I ../libfdt/src -I '/tmp/vos5-limine.j3qiNo/build/common-bios/..' -isystem ../freestanding-c-hdrs/include  -DCOM_OUTPUT=false -DE9_OUTPUT=false -DFLANTERM_IN_FLANTERM -MMD -MP -DBIOS -c '../common/protos/linux_risc.c' -o '/tmp/vos5-limine.j3qiNo/build/common-bios/common/protos/linux_risc.o'
/usr/bin/mkdir -p "$(dirname '/tmp/vos5-limine.j3qiNo/build/common-bios/common/protos/linux_x86.o')"
x86_64-elf-gcc -g -O2 -pipe -ffile-prefix-map=/tmp/vos5-limine.j3qiNo=/vos-limine -g -Wall -Wextra -Wshadow -Wvla -Wno-error -std=gnu11 -nostdinc -ffreestanding -ffunction-sections -fdata-sections -fstack-protector-strong -fno-stack-check -fno-omit-frame-pointer -fno-strict-aliasing -fno-lto -mstack-protector-guard=global -fno-PIC -m32 -march=i686 -mabi=sysv -mno-80387 -mno-mmx -I . -I libc-compat -I ../limine-protocol/include -I ../flanterm/src -I ../libfdt/src -I '/tmp/vos5-limine.j3qiNo/build/common-bios/..' -isystem ../freestanding-c-hdrs/include  -DCOM_OUTPUT=false -DE9_OUTPUT=false -DFLANTERM_IN_FLANTERM -MMD -MP -DBIOS -c '../common/protos/linux_x86.c' -o '/tmp/vos5-limine.j3qiNo/build/common-bios/common/protos/linux_x86.o'
/usr/bin/mkdir -p "$(dirname '/tmp/vos5-limine.j3qiNo/build/common-bios/common/protos/multiboot1.o')"
x86_64-elf-gcc -g -O2 -pipe -ffile-prefix-map=/tmp/vos5-limine.j3qiNo=/vos-limine -g -Wall -Wextra -Wshadow -Wvla -Wno-error -std=gnu11 -nostdinc -ffreestanding -ffunction-sections -fdata-sections -fstack-protector-strong -fno-stack-check -fno-omit-frame-pointer -fno-strict-aliasing -fno-lto -mstack-protector-guard=global -fno-PIC -m32 -march=i686 -mabi=sysv -mno-80387 -mno-mmx -I . -I libc-compat -I ../limine-protocol/include -I ../flanterm/src -I ../libfdt/src -I '/tmp/vos5-limine.j3qiNo/build/common-bios/..' -isystem ../freestanding-c-hdrs/include  -DCOM_OUTPUT=false -DE9_OUTPUT=false -DFLANTERM_IN_FLANTERM -MMD -MP -DBIOS -c '../common/protos/multiboot1.c' -o '/tmp/vos5-limine.j3qiNo/build/common-bios/common/protos/multiboot1.o'
/usr/bin/mkdir -p "$(dirname '/tmp/vos5-limine.j3qiNo/build/common-bios/common/protos/multiboot2.o')"
x86_64-elf-gcc -g -O2 -pipe -ffile-prefix-map=/tmp/vos5-limine.j3qiNo=/vos-limine -g -Wall -Wextra -Wshadow -Wvla -Wno-error -std=gnu11 -nostdinc -ffreestanding -ffunction-sections -fdata-sections -fstack-protector-strong -fno-stack-check -fno-omit-frame-pointer -fno-strict-aliasing -fno-lto -mstack-protector-guard=global -fno-PIC -m32 -march=i686 -mabi=sysv -mno-80387 -mno-mmx -I . -I libc-compat -I ../limine-protocol/include -I ../flanterm/src -I ../libfdt/src -I '/tmp/vos5-limine.j3qiNo/build/common-bios/..' -isystem ../freestanding-c-hdrs/include  -DCOM_OUTPUT=false -DE9_OUTPUT=false -DFLANTERM_IN_FLANTERM -MMD -MP -DBIOS -c '../common/protos/multiboot2.c' -o '/tmp/vos5-limine.j3qiNo/build/common-bios/common/protos/multiboot2.o'
/usr/bin/mkdir -p "$(dirname '/tmp/vos5-limine.j3qiNo/build/common-uefi-ia32/libfdt/src/fdt_rw.o')"
x86_64-elf-gcc -g -O2 -pipe -ffile-prefix-map=/tmp/vos5-limine.j3qiNo=/vos-limine -g -Wall -Wextra -Wshadow -Wvla -Wno-error -std=gnu11 -nostdinc -ffreestanding -ffunction-sections -fdata-sections -fstack-protector-strong -fno-stack-check -fno-omit-frame-pointer -fno-strict-aliasing -fno-lto -mstack-protector-guard=global -fPIE -fshort-wchar -m32 -march=i686 -malign-double -mabi=sysv -mno-80387 -mno-mmx -I ../picoefi/inc -I . -I libc-compat -I ../limine-protocol/include -I ../flanterm/src -I ../libfdt/src -I '/tmp/vos5-limine.j3qiNo/build/common-uefi-ia32/..' -isystem ../freestanding-c-hdrs/include  -DCOM_OUTPUT=false -DE9_OUTPUT=false -DFLANTERM_IN_FLANTERM -MMD -MP -DUEFI -c '../libfdt/src/fdt_rw.c' -o '/tmp/vos5-limine.j3qiNo/build/common-uefi-ia32/libfdt/src/fdt_rw.o'
/usr/bin/mkdir -p "$(dirname '/tmp/vos5-limine.j3qiNo/build/common-uefi-ia32/libfdt/src/fdt_strerror.o')"
x86_64-elf-gcc -g -O2 -pipe -ffile-prefix-map=/tmp/vos5-limine.j3qiNo=/vos-limine -g -Wall -Wextra -Wshadow -Wvla -Wno-error -std=gnu11 -nostdinc -ffreestanding -ffunction-sections -fdata-sections -fstack-protector-strong -fno-stack-check -fno-omit-frame-pointer -fno-strict-aliasing -fno-lto -mstack-protector-guard=global -fPIE -fshort-wchar -m32 -march=i686 -malign-double -mabi=sysv -mno-80387 -mno-mmx -I ../picoefi/inc -I . -I libc-compat -I ../limine-protocol/include -I ../flanterm/src -I ../libfdt/src -I '/tmp/vos5-limine.j3qiNo/build/common-uefi-ia32/..' -isystem ../freestanding-c-hdrs/include  -DCOM_OUTPUT=false -DE9_OUTPUT=false -DFLANTERM_IN_FLANTERM -MMD -MP -DUEFI -c '../libfdt/src/fdt_strerror.c' -o '/tmp/vos5-limine.j3qiNo/build/common-uefi-ia32/libfdt/src/fdt_strerror.o'
/usr/bin/mkdir -p "$(dirname '/tmp/vos5-limine.j3qiNo/build/common-uefi-ia32/libfdt/src/fdt_sw.o')"
x86_64-elf-gcc -g -O2 -pipe -ffile-prefix-map=/tmp/vos5-limine.j3qiNo=/vos-limine -g -Wall -Wextra -Wshadow -Wvla -Wno-error -std=gnu11 -nostdinc -ffreestanding -ffunction-sections -fdata-sections -fstack-protector-strong -fno-stack-check -fno-omit-frame-pointer -fno-strict-aliasing -fno-lto -mstack-protector-guard=global -fPIE -fshort-wchar -m32 -march=i686 -malign-double -mabi=sysv -mno-80387 -mno-mmx -I ../picoefi/inc -I . -I libc-compat -I ../limine-protocol/include -I ../flanterm/src -I ../libfdt/src -I '/tmp/vos5-limine.j3qiNo/build/common-uefi-ia32/..' -isystem ../freestanding-c-hdrs/include  -DCOM_OUTPUT=false -DE9_OUTPUT=false -DFLANTERM_IN_FLANTERM -MMD -MP -DUEFI -c '../libfdt/src/fdt_sw.c' -o '/tmp/vos5-limine.j3qiNo/build/common-uefi-ia32/libfdt/src/fdt_sw.o'
/usr/bin/mkdir -p "$(dirname '/tmp/vos5-limine.j3qiNo/build/common-bios/common/sys/cpu_riscv.o')"
x86_64-elf-gcc -g -O2 -pipe -ffile-prefix-map=/tmp/vos5-limine.j3qiNo=/vos-limine -g -Wall -Wextra -Wshadow -Wvla -Wno-error -std=gnu11 -nostdinc -ffreestanding -ffunction-sections -fdata-sections -fstack-protector-strong -fno-stack-check -fno-omit-frame-pointer -fno-strict-aliasing -fno-lto -mstack-protector-guard=global -fno-PIC -m32 -march=i686 -mabi=sysv -mno-80387 -mno-mmx -I . -I libc-compat -I ../limine-protocol/include -I ../flanterm/src -I ../libfdt/src -I '/tmp/vos5-limine.j3qiNo/build/common-bios/..' -isystem ../freestanding-c-hdrs/include  -DCOM_OUTPUT=false -DE9_OUTPUT=false -DFLANTERM_IN_FLANTERM -MMD -MP -DBIOS -c '../common/sys/cpu_riscv.c' -o '/tmp/vos5-limine.j3qiNo/build/common-bios/common/sys/cpu_riscv.o'
/usr/bin/mkdir -p "$(dirname '/tmp/vos5-limine.j3qiNo/build/common-bios/common/sys/idt.o')"
x86_64-elf-gcc -g -O2 -pipe -ffile-prefix-map=/tmp/vos5-limine.j3qiNo=/vos-limine -g -Wall -Wextra -Wshadow -Wvla -Wno-error -std=gnu11 -nostdinc -ffreestanding -ffunction-sections -fdata-sections -fstack-protector-strong -fno-stack-check -fno-omit-frame-pointer -fno-strict-aliasing -fno-lto -mstack-protector-guard=global -fno-PIC -m32 -march=i686 -mabi=sysv -mno-80387 -mno-mmx -I . -I libc-compat -I ../limine-protocol/include -I ../flanterm/src -I ../libfdt/src -I '/tmp/vos5-limine.j3qiNo/build/common-bios/..' -isystem ../freestanding-c-hdrs/include  -DCOM_OUTPUT=false -DE9_OUTPUT=false -DFLANTERM_IN_FLANTERM -MMD -MP -DBIOS -c '../common/sys/idt.c' -o '/tmp/vos5-limine.j3qiNo/build/common-bios/common/sys/idt.o'
/usr/bin/mkdir -p "$(dirname '/tmp/vos5-limine.j3qiNo/build/common-bios/common/sys/iommu.o')"
x86_64-elf-gcc -g -O2 -pipe -ffile-prefix-map=/tmp/vos5-limine.j3qiNo=/vos-limine -g -Wall -Wextra -Wshadow -Wvla -Wno-error -std=gnu11 -nostdinc -ffreestanding -ffunction-sections -fdata-sections -fstack-protector-strong -fno-stack-check -fno-omit-frame-pointer -fno-strict-aliasing -fno-lto -mstack-protector-guard=global -fno-PIC -m32 -march=i686 -mabi=sysv -mno-80387 -mno-mmx -I . -I libc-compat -I ../limine-protocol/include -I ../flanterm/src -I ../libfdt/src -I '/tmp/vos5-limine.j3qiNo/build/common-bios/..' -isystem ../freestanding-c-hdrs/include  -DCOM_OUTPUT=false -DE9_OUTPUT=false -DFLANTERM_IN_FLANTERM -MMD -MP -DBIOS -c '../common/sys/iommu.c' -o '/tmp/vos5-limine.j3qiNo/build/common-bios/common/sys/iommu.o'
/usr/bin/mkdir -p "$(dirname '/tmp/vos5-limine.j3qiNo/build/common-uefi-ia32/libfdt/src/fdt_wip.o')"
x86_64-elf-gcc -g -O2 -pipe -ffile-prefix-map=/tmp/vos5-limine.j3qiNo=/vos-limine -g -Wall -Wextra -Wshadow -Wvla -Wno-error -std=gnu11 -nostdinc -ffreestanding -ffunction-sections -fdata-sections -fstack-protector-strong -fno-stack-check -fno-omit-frame-pointer -fno-strict-aliasing -fno-lto -mstack-protector-guard=global -fPIE -fshort-wchar -m32 -march=i686 -malign-double -mabi=sysv -mno-80387 -mno-mmx -I ../picoefi/inc -I . -I libc-compat -I ../limine-protocol/include -I ../flanterm/src -I ../libfdt/src -I '/tmp/vos5-limine.j3qiNo/build/common-uefi-ia32/..' -isystem ../freestanding-c-hdrs/include  -DCOM_OUTPUT=false -DE9_OUTPUT=false -DFLANTERM_IN_FLANTERM -MMD -MP -DUEFI -c '../libfdt/src/fdt_wip.c' -o '/tmp/vos5-limine.j3qiNo/build/common-uefi-ia32/libfdt/src/fdt_wip.o'
/usr/bin/mkdir -p "$(dirname '/tmp/vos5-limine.j3qiNo/build/common-bios/common/sys/lapic.o')"
x86_64-elf-gcc -g -O2 -pipe -ffile-prefix-map=/tmp/vos5-limine.j3qiNo=/vos-limine -g -Wall -Wextra -Wshadow -Wvla -Wno-error -std=gnu11 -nostdinc -ffreestanding -ffunction-sections -fdata-sections -fstack-protector-strong -fno-stack-check -fno-omit-frame-pointer -fno-strict-aliasing -fno-lto -mstack-protector-guard=global -fno-PIC -m32 -march=i686 -mabi=sysv -mno-80387 -mno-mmx -I . -I libc-compat -I ../limine-protocol/include -I ../flanterm/src -I ../libfdt/src -I '/tmp/vos5-limine.j3qiNo/build/common-bios/..' -isystem ../freestanding-c-hdrs/include  -DCOM_OUTPUT=false -DE9_OUTPUT=false -DFLANTERM_IN_FLANTERM -MMD -MP -DBIOS -c '../common/sys/lapic.c' -o '/tmp/vos5-limine.j3qiNo/build/common-bios/common/sys/lapic.o'
/usr/bin/mkdir -p "$(dirname '/tmp/vos5-limine.j3qiNo/build/common-uefi-ia32/picoefi/ia32/reloc.o')"
x86_64-elf-gcc -g -O2 -pipe -ffile-prefix-map=/tmp/vos5-limine.j3qiNo=/vos-limine -g -Wall -Wextra -Wshadow -Wvla -Wno-error -std=gnu11 -nostdinc -ffreestanding -ffunction-sections -fdata-sections -fstack-protector-strong -fno-stack-check -fno-omit-frame-pointer -fno-strict-aliasing -fno-lto -mstack-protector-guard=global -fPIE -fshort-wchar -m32 -march=i686 -malign-double -mabi=sysv -mno-80387 -mno-mmx -I ../picoefi/inc -I . -I libc-compat -I ../limine-protocol/include -I ../flanterm/src -I ../libfdt/src -I '/tmp/vos5-limine.j3qiNo/build/common-uefi-ia32/..' -isystem ../freestanding-c-hdrs/include  -DCOM_OUTPUT=false -DE9_OUTPUT=false -DFLANTERM_IN_FLANTERM -MMD -MP -DUEFI -c '../picoefi/ia32/reloc.c' -o '/tmp/vos5-limine.j3qiNo/build/common-uefi-ia32/picoefi/ia32/reloc.o'
/usr/bin/mkdir -p "$(dirname '/tmp/vos5-limine.j3qiNo/build/common-uefi-ia32/picoefi/ia32/entry.o')"
x86_64-elf-gcc -g -O2 -pipe -ffile-prefix-map=/tmp/vos5-limine.j3qiNo=/vos-limine -g -Wall -Wextra -Wshadow -Wvla -Wno-error -std=gnu11 -nostdinc -ffreestanding -ffunction-sections -fdata-sections -fstack-protector-strong -fno-stack-check -fno-omit-frame-pointer -fno-strict-aliasing -fno-lto -mstack-protector-guard=global -fPIE -fshort-wchar -m32 -march=i686 -malign-double -mabi=sysv -mno-80387 -mno-mmx -I ../picoefi/inc -I . -I libc-compat -I ../limine-protocol/include -I ../flanterm/src -I ../libfdt/src -I '/tmp/vos5-limine.j3qiNo/build/common-uefi-ia32/..' -isystem ../freestanding-c-hdrs/include  -DCOM_OUTPUT=false -DE9_OUTPUT=false -DFLANTERM_IN_FLANTERM -MMD -MP -DUEFI -c '../picoefi/ia32/entry.S' -o '/tmp/vos5-limine.j3qiNo/build/common-uefi-ia32/picoefi/ia32/entry.o'
/usr/bin/mkdir -p "$(dirname '/tmp/vos5-limine.j3qiNo/build/common-uefi-ia32/common/menu_thunk.o')"
nasm '../common/menu_thunk.asm_ia32' -f elf32 -g -F dwarf -g -F dwarf -Wall -w-unknown-warning -w-reloc -Wno-error -DIA32_TARGET -DUEFI -o '/tmp/vos5-limine.j3qiNo/build/common-uefi-ia32/common/menu_thunk.o'
/usr/bin/mkdir -p "$(dirname '/tmp/vos5-limine.j3qiNo/build/common-uefi-ia32/common/protos/limine_asm.o')"
nasm '../common/protos/limine_asm.asm_ia32' -f elf32 -g -F dwarf -g -F dwarf -Wall -w-unknown-warning -w-reloc -Wno-error -DIA32_TARGET -DUEFI -o '/tmp/vos5-limine.j3qiNo/build/common-uefi-ia32/common/protos/limine_asm.o'
/usr/bin/mkdir -p "$(dirname '/tmp/vos5-limine.j3qiNo/build/common-uefi-ia32/common/sys/dummy_isr.o')"
nasm '../common/sys/dummy_isr.asm_ia32' -f elf32 -g -F dwarf -g -F dwarf -Wall -w-unknown-warning -w-reloc -Wno-error -DIA32_TARGET -DUEFI -o '/tmp/vos5-limine.j3qiNo/build/common-uefi-ia32/common/sys/dummy_isr.o'
/usr/bin/mkdir -p "$(dirname '/tmp/vos5-limine.j3qiNo/build/common-bios/common/sys/pic.o')"
/usr/bin/mkdir -p "$(dirname '/tmp/vos5-limine.j3qiNo/build/common-uefi-ia32/common/efi_thunk.o')"
x86_64-elf-gcc -g -O2 -pipe -ffile-prefix-map=/tmp/vos5-limine.j3qiNo=/vos-limine -g -Wall -Wextra -Wshadow -Wvla -Wno-error -std=gnu11 -nostdinc -ffreestanding -ffunction-sections -fdata-sections -fstack-protector-strong -fno-stack-check -fno-omit-frame-pointer -fno-strict-aliasing -fno-lto -mstack-protector-guard=global -fno-PIC -m32 -march=i686 -mabi=sysv -mno-80387 -mno-mmx -I . -I libc-compat -I ../limine-protocol/include -I ../flanterm/src -I ../libfdt/src -I '/tmp/vos5-limine.j3qiNo/build/common-bios/..' -isystem ../freestanding-c-hdrs/include  -DCOM_OUTPUT=false -DE9_OUTPUT=false -DFLANTERM_IN_FLANTERM -MMD -MP -DBIOS -c '../common/sys/pic.c' -o '/tmp/vos5-limine.j3qiNo/build/common-bios/common/sys/pic.o'
nasm '../common/efi_thunk.asm_uefi_ia32' -f elf32 -g -F dwarf -g -F dwarf -Wall -w-unknown-warning -w-reloc -Wno-error -DIA32_TARGET -DUEFI -o '/tmp/vos5-limine.j3qiNo/build/common-uefi-ia32/common/efi_thunk.o'
/usr/bin/mkdir -p "$(dirname '/tmp/vos5-limine.j3qiNo/build/common-uefi-ia32/common/lib/spinup.o')"
/usr/bin/mkdir -p "$(dirname '/tmp/vos5-limine.j3qiNo/build/common-uefi-ia32/common/protos/limine_32.o')"
nasm '../common/lib/spinup.asm_uefi_ia32' -f elf32 -g -F dwarf -g -F dwarf -Wall -w-unknown-warning -w-reloc -Wno-error -DIA32_TARGET -DUEFI -o '/tmp/vos5-limine.j3qiNo/build/common-uefi-ia32/common/lib/spinup.o'
nasm '../common/protos/limine_32.asm_x86' -f elf32 -g -F dwarf -g -F dwarf -Wall -w-unknown-warning -w-reloc -Wno-error -DIA32_TARGET -DUEFI -o '/tmp/vos5-limine.j3qiNo/build/common-uefi-ia32/common/protos/limine_32.o'
/usr/bin/mkdir -p "$(dirname '/tmp/vos5-limine.j3qiNo/build/common-uefi-ia32/common/protos/linux_32.o')"
/usr/bin/mkdir -p "$(dirname '/tmp/vos5-limine.j3qiNo/build/common-uefi-ia32/common/protos/multiboot_32.o')"
nasm '../common/protos/linux_32.asm_x86' -f elf32 -g -F dwarf -g -F dwarf -Wall -w-unknown-warning -w-reloc -Wno-error -DIA32_TARGET -DUEFI -o '/tmp/vos5-limine.j3qiNo/build/common-uefi-ia32/common/protos/linux_32.o'
nasm '../common/protos/multiboot_32.asm_x86' -f elf32 -g -F dwarf -g -F dwarf -Wall -w-unknown-warning -w-reloc -Wno-error -DIA32_TARGET -DUEFI -o '/tmp/vos5-limine.j3qiNo/build/common-uefi-ia32/common/protos/multiboot_32.o'
/usr/bin/mkdir -p "$(dirname '/tmp/vos5-limine.j3qiNo/build/common-uefi-ia32/common/protos/multiboot_reloc.o')"
/usr/bin/mkdir -p "$(dirname '/tmp/vos5-limine.j3qiNo/build/common-uefi-ia32/common/sys/smp_trampoline.o')"
nasm '../common/protos/multiboot_reloc.asm_x86' -f elf32 -g -F dwarf -g -F dwarf -Wall -w-unknown-warning -w-reloc -Wno-error -DIA32_TARGET -DUEFI -o '/tmp/vos5-limine.j3qiNo/build/common-uefi-ia32/common/protos/multiboot_reloc.o'
nasm '../common/sys/smp_trampoline.asm_x86' -f elf32 -g -F dwarf -g -F dwarf -Wall -w-unknown-warning -w-reloc -Wno-error -DIA32_TARGET -DUEFI -o '/tmp/vos5-limine.j3qiNo/build/common-uefi-ia32/common/sys/smp_trampoline.o'
/usr/bin/mkdir -p "$(dirname '/tmp/vos5-limine.j3qiNo/build/common-bios/common/sys/smp.o')"
x86_64-elf-gcc -g -O2 -pipe -ffile-prefix-map=/tmp/vos5-limine.j3qiNo=/vos-limine -g -Wall -Wextra -Wshadow -Wvla -Wno-error -std=gnu11 -nostdinc -ffreestanding -ffunction-sections -fdata-sections -fstack-protector-strong -fno-stack-check -fno-omit-frame-pointer -fno-strict-aliasing -fno-lto -mstack-protector-guard=global -fno-PIC -m32 -march=i686 -mabi=sysv -mno-80387 -mno-mmx -I . -I libc-compat -I ../limine-protocol/include -I ../flanterm/src -I ../libfdt/src -I '/tmp/vos5-limine.j3qiNo/build/common-bios/..' -isystem ../freestanding-c-hdrs/include  -DCOM_OUTPUT=false -DE9_OUTPUT=false -DFLANTERM_IN_FLANTERM -MMD -MP -DBIOS -c '../common/sys/smp.c' -o '/tmp/vos5-limine.j3qiNo/build/common-bios/common/sys/smp.o'
make -f common.mk '/tmp/vos5-limine.j3qiNo/build/common-uefi-ia32/linker_nomap.ld'
make[5]: Entering directory '/tmp/vos5-limine.j3qiNo/source/common'
/usr/bin/mkdir -p "$(dirname '/tmp/vos5-limine.j3qiNo/build/common-bios/flanterm/src/flanterm.o')"
x86_64-elf-gcc -g -O2 -pipe -ffile-prefix-map=/tmp/vos5-limine.j3qiNo=/vos-limine -g -Wall -Wextra -Wshadow -Wvla -Wno-error -std=gnu11 -nostdinc -ffreestanding -ffunction-sections -fdata-sections -fstack-protector-strong -fno-stack-check -fno-omit-frame-pointer -fno-strict-aliasing -fno-lto -mstack-protector-guard=global -fno-PIC -m32 -march=i686 -mabi=sysv -mno-80387 -mno-mmx -I . -I libc-compat -I ../limine-protocol/include -I ../flanterm/src -I ../libfdt/src -I '/tmp/vos5-limine.j3qiNo/build/common-bios/..' -isystem ../freestanding-c-hdrs/include  -DCOM_OUTPUT=false -DE9_OUTPUT=false -DFLANTERM_IN_FLANTERM -MMD -MP -DBIOS -c '../flanterm/src/flanterm.c' -o '/tmp/vos5-limine.j3qiNo/build/common-bios/flanterm/src/flanterm.o'
/usr/bin/mkdir -p '/tmp/vos5-limine.j3qiNo/build/common-uefi-ia32'
x86_64-elf-gcc -x c -E -P -undef -DLINKER_NOMAP linker_uefi_ia32.ld.in -o '/tmp/vos5-limine.j3qiNo/build/common-uefi-ia32/linker_nomap.ld'
make[5]: Leaving directory '/tmp/vos5-limine.j3qiNo/source/common'
x86_64-elf-ld \
	-T'/tmp/vos5-limine.j3qiNo/build/common-uefi-ia32/linker_nomap.ld' \
	--strip-debug -nostdlib -z max-page-size=0x1000 -z noexecstack --gc-sections -m elf_i386 -pie -z text '/tmp/vos5-limine.j3qiNo/build/common-uefi-ia32/common/cc-runtime.s2.o' '/tmp/vos5-limine.j3qiNo/build/common-uefi-ia32/common/compress/gzip.o' '/tmp/vos5-limine.j3qiNo/build/common-uefi-ia32/common/compress/pdgzip.o' '/tmp/vos5-limine.j3qiNo/build/common-uefi-ia32/common/crypt/blake2b.o' '/tmp/vos5-limine.j3qiNo/build/common-uefi-ia32/common/drivers/disk.s2.o' '/tmp/vos5-limine.j3qiNo/build/common-uefi-ia32/common/drivers/edid.o' '/tmp/vos5-limine.j3qiNo/build/common-uefi-ia32/common/drivers/gop.o' '/tmp/vos5-limine.j3qiNo/build/common-uefi-ia32/common/drivers/mouse.o' '/tmp/vos5-limine.j3qiNo/build/common-uefi-ia32/common/drivers/serial.o' '/tmp/vos5-limine.j3qiNo/build/common-uefi-ia32/common/drivers/vbe.o' '/tmp/vos5-limine.j3qiNo/build/common-uefi-ia32/common/drivers/vga_textmode.o' '/tmp/vos5-limine.j3qiNo/build/common-uefi-ia32/common/entry.s2.o' '/tmp/vos5-limine.j3qiNo/build/common-uefi-ia32/common/entry.s3.o' '/tmp/vos5-limine.j3qiNo/build/common-uefi-ia32/common/fs/fat32.s2.o' '/tmp/vos5-limine.j3qiNo/build/common-uefi-ia32/common/fs/file.s2.o' '/tmp/vos5-limine.j3qiNo/build/common-uefi-ia32/common/fs/iso9660.s2.o' '/tmp/vos5-limine.j3qiNo/build/common-uefi-ia32/common/lib/acpi.o' '/tmp/vos5-limine.j3qiNo/build/common-uefi-ia32/common/lib/acpi.s2.o' '/tmp/vos5-limine.j3qiNo/build/common-uefi-ia32/common/lib/bgrt.o' '/tmp/vos5-limine.j3qiNo/build/common-uefi-ia32/common/lib/bli.o' '/tmp/vos5-limine.j3qiNo/build/common-uefi-ia32/common/lib/config.o' '/tmp/vos5-limine.j3qiNo/build/common-uefi-ia32/common/lib/elf.o' '/tmp/vos5-limine.j3qiNo/build/common-uefi-ia32/common/lib/elsewhere.o' '/tmp/vos5-limine.j3qiNo/build/common-uefi-ia32/common/lib/fb.o' '/tmp/vos5-limine.j3qiNo/build/common-uefi-ia32/common/lib/fdt.o' '/tmp/vos5-limine.j3qiNo/build/common-uefi-ia32/common/lib/getchar.o' '/tmp/vos5-limine.j3qiNo/build/common-uefi-ia32/common/lib/gterm.o' '/tmp/vos5-limine.j3qiNo/build/common-uefi-ia32/common/lib/guid.o' '/tmp/vos5-limine.j3qiNo/build/common-uefi-ia32/common/lib/image.o' '/tmp/vos5-limine.j3qiNo/build/common-uefi-ia32/common/lib/libc.o' '/tmp/vos5-limine.j3qiNo/build/common-uefi-ia32/common/lib/libc.s2.o' '/tmp/vos5-limine.j3qiNo/build/common-uefi-ia32/common/lib/memory.s2.o' '/tmp/vos5-limine.j3qiNo/build/common-uefi-ia32/common/lib/misc.o' '/tmp/vos5-limine.j3qiNo/build/common-uefi-ia32/common/lib/misc.s2.o' '/tmp/vos5-limine.j3qiNo/build/common-uefi-ia32/common/lib/panic.s2.o' '/tmp/vos5-limine.j3qiNo/build/common-uefi-ia32/common/lib/part.s2.o' '/tmp/vos5-limine.j3qiNo/build/common-uefi-ia32/common/lib/pe.o' '/tmp/vos5-limine.j3qiNo/build/common-uefi-ia32/common/lib/print.s2.o' '/tmp/vos5-limine.j3qiNo/build/common-uefi-ia32/common/lib/qoi.o' '/tmp/vos5-limine.j3qiNo/build/common-uefi-ia32/common/lib/rand.s2.o' '/tmp/vos5-limine.j3qiNo/build/common-uefi-ia32/common/lib/rng_seed.o' '/tmp/vos5-limine.j3qiNo/build/common-uefi-ia32/common/lib/stb_image.o' '/tmp/vos5-limine.j3qiNo/build/common-uefi-ia32/common/lib/term.o' '/tmp/vos5-limine.j3qiNo/build/common-uefi-ia32/common/lib/time.o' '/tmp/vos5-limine.j3qiNo/build/common-uefi-ia32/common/lib/tpm.o' '/tmp/vos5-limine.j3qiNo/build/common-uefi-ia32/common/lib/trace.s2.o' '/tmp/vos5-limine.j3qiNo/build/common-uefi-ia32/common/lib/uri.o' '/tmp/vos5-limine.j3qiNo/build/common-uefi-ia32/common/menu.o' '/tmp/vos5-limine.j3qiNo/build/common-uefi-ia32/common/mm/efi_pt.o' '/tmp/vos5-limine.j3qiNo/build/common-uefi-ia32/common/mm/mtrr.o' '/tmp/vos5-limine.j3qiNo/build/common-uefi-ia32/common/mm/pmm.o' '/tmp/vos5-limine.j3qiNo/build/common-uefi-ia32/common/mm/pmm.s2.o' '/tmp/vos5-limine.j3qiNo/build/common-uefi-ia32/common/mm/vmm.o' '/tmp/vos5-limine.j3qiNo/build/common-uefi-ia32/common/protos/chainload.o' '/tmp/vos5-limine.j3qiNo/build/common-uefi-ia32/common/protos/efi_boot_entry.o' '/tmp/vos5-limine.j3qiNo/build/common-uefi-ia32/common/protos/limine.o' '/tmp/vos5-limine.j3qiNo/build/common-uefi-ia32/common/protos/linux.o' '/tmp/vos5-limine.j3qiNo/build/common-uefi-ia32/common/protos/linux_risc.o' '/tmp/vos5-limine.j3qiNo/build/common-uefi-ia32/common/protos/linux_x86.o' '/tmp/vos5-limine.j3qiNo/build/common-uefi-ia32/common/protos/multiboot1.o' '/tmp/vos5-limine.j3qiNo/build/common-uefi-ia32/common/protos/multiboot2.o' '/tmp/vos5-limine.j3qiNo/build/common-uefi-ia32/common/pxe/pxe.s2.o' '/tmp/vos5-limine.j3qiNo/build/common-uefi-ia32/common/pxe/tftp.s2.o' '/tmp/vos5-limine.j3qiNo/build/common-uefi-ia32/common/sys/a20.s2.o' '/tmp/vos5-limine.j3qiNo/build/common-uefi-ia32/common/sys/cpu.s2.o' '/tmp/vos5-limine.j3qiNo/build/common-uefi-ia32/common/sys/cpu_riscv.o' '/tmp/vos5-limine.j3qiNo/build/common-uefi-ia32/common/sys/e820.s2.o' '/tmp/vos5-limine.j3qiNo/build/common-uefi-ia32/common/sys/exceptions.s2.o' '/tmp/vos5-limine.j3qiNo/build/common-uefi-ia32/common/sys/gdt.s2.o' '/tmp/vos5-limine.j3qiNo/build/common-uefi-ia32/common/sys/idt.o' '/tmp/vos5-limine.j3qiNo/build/common-uefi-ia32/common/sys/idt.s2.o' '/tmp/vos5-limine.j3qiNo/build/common-uefi-ia32/common/sys/iommu.o' '/tmp/vos5-limine.j3qiNo/build/common-uefi-ia32/common/sys/lapic.o' '/tmp/vos5-limine.j3qiNo/build/common-uefi-ia32/common/sys/pic.o' '/tmp/vos5-limine.j3qiNo/build/common-uefi-ia32/common/sys/smp.o' '/tmp/vos5-limine.j3qiNo/build/common-uefi-ia32/flanterm/src/flanterm.o' '/tmp/vos5-limine.j3qiNo/build/common-uefi-ia32/flanterm/src/flanterm_backends/fb.o' '/tmp/vos5-limine.j3qiNo/build/common-uefi-ia32/libfdt/src/fdt.o' '/tmp/vos5-limine.j3qiNo/build/common-uefi-ia32/libfdt/src/fdt_addresses.o' '/tmp/vos5-limine.j3qiNo/build/common-uefi-ia32/libfdt/src/fdt_check.o' '/tmp/vos5-limine.j3qiNo/build/common-uefi-ia32/libfdt/src/fdt_empty_tree.o' '/tmp/vos5-limine.j3qiNo/build/common-uefi-ia32/libfdt/src/fdt_overlay.o' '/tmp/vos5-limine.j3qiNo/build/common-uefi-ia32/libfdt/src/fdt_ro.o' '/tmp/vos5-limine.j3qiNo/build/common-uefi-ia32/libfdt/src/fdt_rw.o' '/tmp/vos5-limine.j3qiNo/build/common-uefi-ia32/libfdt/src/fdt_strerror.o' '/tmp/vos5-limine.j3qiNo/build/common-uefi-ia32/libfdt/src/fdt_sw.o' '/tmp/vos5-limine.j3qiNo/build/common-uefi-ia32/libfdt/src/fdt_wip.o' '/tmp/vos5-limine.j3qiNo/build/common-uefi-ia32/picoefi/ia32/reloc.o' '/tmp/vos5-limine.j3qiNo/build/common-uefi-ia32/picoefi/ia32/entry.o' '/tmp/vos5-limine.j3qiNo/build/common-uefi-ia32/common/menu_thunk.o' '/tmp/vos5-limine.j3qiNo/build/common-uefi-ia32/common/protos/limine_asm.o' '/tmp/vos5-limine.j3qiNo/build/common-uefi-ia32/common/sys/dummy_isr.o' '/tmp/vos5-limine.j3qiNo/build/common-uefi-ia32/common/efi_thunk.o' '/tmp/vos5-limine.j3qiNo/build/common-uefi-ia32/common/lib/spinup.o' '/tmp/vos5-limine.j3qiNo/build/common-uefi-ia32/common/protos/limine_32.o' '/tmp/vos5-limine.j3qiNo/build/common-uefi-ia32/common/protos/linux_32.o' '/tmp/vos5-limine.j3qiNo/build/common-uefi-ia32/common/protos/multiboot_32.o' '/tmp/vos5-limine.j3qiNo/build/common-uefi-ia32/common/protos/multiboot_reloc.o' '/tmp/vos5-limine.j3qiNo/build/common-uefi-ia32/common/sys/smp_trampoline.o' -o '/tmp/vos5-limine.j3qiNo/build/common-uefi-ia32/limine_nomap.elf'
cd '/tmp/vos5-limine.j3qiNo/build/common-uefi-ia32' && \
	'/tmp/vos5-limine.j3qiNo/source/common/gensyms.sh' '/tmp/vos5-limine.j3qiNo/build/common-uefi-ia32/limine_nomap.elf' full 32 '\.text'
x86_64-elf-gcc -g -O2 -pipe -ffile-prefix-map=/tmp/vos5-limine.j3qiNo=/vos-limine -g -Wall -Wextra -Wshadow -Wvla -Wno-error -std=gnu11 -nostdinc -ffreestanding -ffunction-sections -fdata-sections -fstack-protector-strong -fno-stack-check -fno-omit-frame-pointer -fno-strict-aliasing -fno-lto -mstack-protector-guard=global -fPIE -fshort-wchar -m32 -march=i686 -malign-double -mabi=sysv -mno-80387 -mno-mmx -I ../picoefi/inc -I . -I libc-compat -I ../limine-protocol/include -I ../flanterm/src -I ../libfdt/src -I '/tmp/vos5-limine.j3qiNo/build/common-uefi-ia32/..' -isystem ../freestanding-c-hdrs/include  -DCOM_OUTPUT=false -DE9_OUTPUT=false -DFLANTERM_IN_FLANTERM -MMD -MP -DUEFI -c '/tmp/vos5-limine.j3qiNo/build/common-uefi-ia32/full.map.S' -o '/tmp/vos5-limine.j3qiNo/build/common-uefi-ia32/full.map.o'
rm -f '/tmp/vos5-limine.j3qiNo/build/common-uefi-ia32/full.map.S' '/tmp/vos5-limine.j3qiNo/build/common-uefi-ia32/full.map.d'
make -f common.mk '/tmp/vos5-limine.j3qiNo/build/common-uefi-ia32/linker.ld'
make[5]: Entering directory '/tmp/vos5-limine.j3qiNo/source/common'
/usr/bin/mkdir -p '/tmp/vos5-limine.j3qiNo/build/common-uefi-ia32'
x86_64-elf-gcc -x c -E -P -undef linker_uefi_ia32.ld.in -o '/tmp/vos5-limine.j3qiNo/build/common-uefi-ia32/linker.ld'
make[5]: Leaving directory '/tmp/vos5-limine.j3qiNo/source/common'
x86_64-elf-ld \
	-T'/tmp/vos5-limine.j3qiNo/build/common-uefi-ia32/linker.ld' \
	--strip-debug -nostdlib -z max-page-size=0x1000 -z noexecstack --gc-sections -m elf_i386 -pie -z text '/tmp/vos5-limine.j3qiNo/build/common-uefi-ia32/common/cc-runtime.s2.o' '/tmp/vos5-limine.j3qiNo/build/common-uefi-ia32/common/compress/gzip.o' '/tmp/vos5-limine.j3qiNo/build/common-uefi-ia32/common/compress/pdgzip.o' '/tmp/vos5-limine.j3qiNo/build/common-uefi-ia32/common/crypt/blake2b.o' '/tmp/vos5-limine.j3qiNo/build/common-uefi-ia32/common/drivers/disk.s2.o' '/tmp/vos5-limine.j3qiNo/build/common-uefi-ia32/common/drivers/edid.o' '/tmp/vos5-limine.j3qiNo/build/common-uefi-ia32/common/drivers/gop.o' '/tmp/vos5-limine.j3qiNo/build/common-uefi-ia32/common/drivers/mouse.o' '/tmp/vos5-limine.j3qiNo/build/common-uefi-ia32/common/drivers/serial.o' '/tmp/vos5-limine.j3qiNo/build/common-uefi-ia32/common/drivers/vbe.o' '/tmp/vos5-limine.j3qiNo/build/common-uefi-ia32/common/drivers/vga_textmode.o' '/tmp/vos5-limine.j3qiNo/build/common-uefi-ia32/common/entry.s2.o' '/tmp/vos5-limine.j3qiNo/build/common-uefi-ia32/common/entry.s3.o' '/tmp/vos5-limine.j3qiNo/build/common-uefi-ia32/common/fs/fat32.s2.o' '/tmp/vos5-limine.j3qiNo/build/common-uefi-ia32/common/fs/file.s2.o' '/tmp/vos5-limine.j3qiNo/build/common-uefi-ia32/common/fs/iso9660.s2.o' '/tmp/vos5-limine.j3qiNo/build/common-uefi-ia32/common/lib/acpi.o' '/tmp/vos5-limine.j3qiNo/build/common-uefi-ia32/common/lib/acpi.s2.o' '/tmp/vos5-limine.j3qiNo/build/common-uefi-ia32/common/lib/bgrt.o' '/tmp/vos5-limine.j3qiNo/build/common-uefi-ia32/common/lib/bli.o' '/tmp/vos5-limine.j3qiNo/build/common-uefi-ia32/common/lib/config.o' '/tmp/vos5-limine.j3qiNo/build/common-uefi-ia32/common/lib/elf.o' '/tmp/vos5-limine.j3qiNo/build/common-uefi-ia32/common/lib/elsewhere.o' '/tmp/vos5-limine.j3qiNo/build/common-uefi-ia32/common/lib/fb.o' '/tmp/vos5-limine.j3qiNo/build/common-uefi-ia32/common/lib/fdt.o' '/tmp/vos5-limine.j3qiNo/build/common-uefi-ia32/common/lib/getchar.o' '/tmp/vos5-limine.j3qiNo/build/common-uefi-ia32/common/lib/gterm.o' '/tmp/vos5-limine.j3qiNo/build/common-uefi-ia32/common/lib/guid.o' '/tmp/vos5-limine.j3qiNo/build/common-uefi-ia32/common/lib/image.o' '/tmp/vos5-limine.j3qiNo/build/common-uefi-ia32/common/lib/libc.o' '/tmp/vos5-limine.j3qiNo/build/common-uefi-ia32/common/lib/libc.s2.o' '/tmp/vos5-limine.j3qiNo/build/common-uefi-ia32/common/lib/memory.s2.o' '/tmp/vos5-limine.j3qiNo/build/common-uefi-ia32/common/lib/misc.o' '/tmp/vos5-limine.j3qiNo/build/common-uefi-ia32/common/lib/misc.s2.o' '/tmp/vos5-limine.j3qiNo/build/common-uefi-ia32/common/lib/panic.s2.o' '/tmp/vos5-limine.j3qiNo/build/common-uefi-ia32/common/lib/part.s2.o' '/tmp/vos5-limine.j3qiNo/build/common-uefi-ia32/common/lib/pe.o' '/tmp/vos5-limine.j3qiNo/build/common-uefi-ia32/common/lib/print.s2.o' '/tmp/vos5-limine.j3qiNo/build/common-uefi-ia32/common/lib/qoi.o' '/tmp/vos5-limine.j3qiNo/build/common-uefi-ia32/common/lib/rand.s2.o' '/tmp/vos5-limine.j3qiNo/build/common-uefi-ia32/common/lib/rng_seed.o' '/tmp/vos5-limine.j3qiNo/build/common-uefi-ia32/common/lib/stb_image.o' '/tmp/vos5-limine.j3qiNo/build/common-uefi-ia32/common/lib/term.o' '/tmp/vos5-limine.j3qiNo/build/common-uefi-ia32/common/lib/time.o' '/tmp/vos5-limine.j3qiNo/build/common-uefi-ia32/common/lib/tpm.o' '/tmp/vos5-limine.j3qiNo/build/common-uefi-ia32/common/lib/trace.s2.o' '/tmp/vos5-limine.j3qiNo/build/common-uefi-ia32/common/lib/uri.o' '/tmp/vos5-limine.j3qiNo/build/common-uefi-ia32/common/menu.o' '/tmp/vos5-limine.j3qiNo/build/common-uefi-ia32/common/mm/efi_pt.o' '/tmp/vos5-limine.j3qiNo/build/common-uefi-ia32/common/mm/mtrr.o' '/tmp/vos5-limine.j3qiNo/build/common-uefi-ia32/common/mm/pmm.o' '/tmp/vos5-limine.j3qiNo/build/common-uefi-ia32/common/mm/pmm.s2.o' '/tmp/vos5-limine.j3qiNo/build/common-uefi-ia32/common/mm/vmm.o' '/tmp/vos5-limine.j3qiNo/build/common-uefi-ia32/common/protos/chainload.o' '/tmp/vos5-limine.j3qiNo/build/common-uefi-ia32/common/protos/efi_boot_entry.o' '/tmp/vos5-limine.j3qiNo/build/common-uefi-ia32/common/protos/limine.o' '/tmp/vos5-limine.j3qiNo/build/common-uefi-ia32/common/protos/linux.o' '/tmp/vos5-limine.j3qiNo/build/common-uefi-ia32/common/protos/linux_risc.o' '/tmp/vos5-limine.j3qiNo/build/common-uefi-ia32/common/protos/linux_x86.o' '/tmp/vos5-limine.j3qiNo/build/common-uefi-ia32/common/protos/multiboot1.o' '/tmp/vos5-limine.j3qiNo/build/common-uefi-ia32/common/protos/multiboot2.o' '/tmp/vos5-limine.j3qiNo/build/common-uefi-ia32/common/pxe/pxe.s2.o' '/tmp/vos5-limine.j3qiNo/build/common-uefi-ia32/common/pxe/tftp.s2.o' '/tmp/vos5-limine.j3qiNo/build/common-uefi-ia32/common/sys/a20.s2.o' '/tmp/vos5-limine.j3qiNo/build/common-uefi-ia32/common/sys/cpu.s2.o' '/tmp/vos5-limine.j3qiNo/build/common-uefi-ia32/common/sys/cpu_riscv.o' '/tmp/vos5-limine.j3qiNo/build/common-uefi-ia32/common/sys/e820.s2.o' '/tmp/vos5-limine.j3qiNo/build/common-uefi-ia32/common/sys/exceptions.s2.o' '/tmp/vos5-limine.j3qiNo/build/common-uefi-ia32/common/sys/gdt.s2.o' '/tmp/vos5-limine.j3qiNo/build/common-uefi-ia32/common/sys/idt.o' '/tmp/vos5-limine.j3qiNo/build/common-uefi-ia32/common/sys/idt.s2.o' '/tmp/vos5-limine.j3qiNo/build/common-uefi-ia32/common/sys/iommu.o' '/tmp/vos5-limine.j3qiNo/build/common-uefi-ia32/common/sys/lapic.o' '/tmp/vos5-limine.j3qiNo/build/common-uefi-ia32/common/sys/pic.o' '/tmp/vos5-limine.j3qiNo/build/common-uefi-ia32/common/sys/smp.o' '/tmp/vos5-limine.j3qiNo/build/common-uefi-ia32/flanterm/src/flanterm.o' '/tmp/vos5-limine.j3qiNo/build/common-uefi-ia32/flanterm/src/flanterm_backends/fb.o' '/tmp/vos5-limine.j3qiNo/build/common-uefi-ia32/libfdt/src/fdt.o' '/tmp/vos5-limine.j3qiNo/build/common-uefi-ia32/libfdt/src/fdt_addresses.o' '/tmp/vos5-limine.j3qiNo/build/common-uefi-ia32/libfdt/src/fdt_check.o' '/tmp/vos5-limine.j3qiNo/build/common-uefi-ia32/libfdt/src/fdt_empty_tree.o' '/tmp/vos5-limine.j3qiNo/build/common-uefi-ia32/libfdt/src/fdt_overlay.o' '/tmp/vos5-limine.j3qiNo/build/common-uefi-ia32/libfdt/src/fdt_ro.o' '/tmp/vos5-limine.j3qiNo/build/common-uefi-ia32/libfdt/src/fdt_rw.o' '/tmp/vos5-limine.j3qiNo/build/common-uefi-ia32/libfdt/src/fdt_strerror.o' '/tmp/vos5-limine.j3qiNo/build/common-uefi-ia32/libfdt/src/fdt_sw.o' '/tmp/vos5-limine.j3qiNo/build/common-uefi-ia32/libfdt/src/fdt_wip.o' '/tmp/vos5-limine.j3qiNo/build/common-uefi-ia32/picoefi/ia32/reloc.o' '/tmp/vos5-limine.j3qiNo/build/common-uefi-ia32/picoefi/ia32/entry.o' '/tmp/vos5-limine.j3qiNo/build/common-uefi-ia32/common/menu_thunk.o' '/tmp/vos5-limine.j3qiNo/build/common-uefi-ia32/common/protos/limine_asm.o' '/tmp/vos5-limine.j3qiNo/build/common-uefi-ia32/common/sys/dummy_isr.o' '/tmp/vos5-limine.j3qiNo/build/common-uefi-ia32/common/efi_thunk.o' '/tmp/vos5-limine.j3qiNo/build/common-uefi-ia32/common/lib/spinup.o' '/tmp/vos5-limine.j3qiNo/build/common-uefi-ia32/common/protos/limine_32.o' '/tmp/vos5-limine.j3qiNo/build/common-uefi-ia32/common/protos/linux_32.o' '/tmp/vos5-limine.j3qiNo/build/common-uefi-ia32/common/protos/multiboot_32.o' '/tmp/vos5-limine.j3qiNo/build/common-uefi-ia32/common/protos/multiboot_reloc.o' '/tmp/vos5-limine.j3qiNo/build/common-uefi-ia32/common/sys/smp_trampoline.o' '/tmp/vos5-limine.j3qiNo/build/common-uefi-ia32/full.map.o' -o '/tmp/vos5-limine.j3qiNo/build/common-uefi-ia32/limine.elf'
x86_64-elf-objcopy -O binary '/tmp/vos5-limine.j3qiNo/build/common-uefi-ia32/limine.elf' '/tmp/vos5-limine.j3qiNo/build/common-uefi-ia32/BOOTIA32.EFI'
chmod -x '/tmp/vos5-limine.j3qiNo/build/common-uefi-ia32/BOOTIA32.EFI'
dd if=/dev/zero of='/tmp/vos5-limine.j3qiNo/build/common-uefi-ia32/BOOTIA32.EFI' bs=4096 count=0 seek=$(( ($(wc -c < '/tmp/vos5-limine.j3qiNo/build/common-uefi-ia32/BOOTIA32.EFI') + 4095) / 4096 )) 2>/dev/null
make[4]: Leaving directory '/tmp/vos5-limine.j3qiNo/source/common'
make[3]: Leaving directory '/tmp/vos5-limine.j3qiNo/build'
make '/tmp/vos5-limine.j3qiNo/build/bin/BOOTIA32.EFI'
make[3]: Entering directory '/tmp/vos5-limine.j3qiNo/build'
/usr/bin/mkdir -p "$(dirname '/tmp/vos5-limine.j3qiNo/build/common-bios/flanterm/src/flanterm_backends/fb.o')"
/usr/bin/mkdir -p '/tmp/vos5-limine.j3qiNo/build/bin'
cp '/tmp/vos5-limine.j3qiNo/build/common-uefi-ia32/BOOTIA32.EFI' '/tmp/vos5-limine.j3qiNo/build/bin/'
x86_64-elf-gcc -g -O2 -pipe -ffile-prefix-map=/tmp/vos5-limine.j3qiNo=/vos-limine -g -Wall -Wextra -Wshadow -Wvla -Wno-error -std=gnu11 -nostdinc -ffreestanding -ffunction-sections -fdata-sections -fstack-protector-strong -fno-stack-check -fno-omit-frame-pointer -fno-strict-aliasing -fno-lto -mstack-protector-guard=global -fno-PIC -m32 -march=i686 -mabi=sysv -mno-80387 -mno-mmx -I . -I libc-compat -I ../limine-protocol/include -I ../flanterm/src -I ../libfdt/src -I '/tmp/vos5-limine.j3qiNo/build/common-bios/..' -isystem ../freestanding-c-hdrs/include  -DCOM_OUTPUT=false -DE9_OUTPUT=false -DFLANTERM_IN_FLANTERM -MMD -MP -DBIOS -DFLANTERM_FB_DISABLE_BUMP_ALLOC -c '../flanterm/src/flanterm_backends/fb.c' -o '/tmp/vos5-limine.j3qiNo/build/common-bios/flanterm/src/flanterm_backends/fb.o'
make[3]: Leaving directory '/tmp/vos5-limine.j3qiNo/build'
/usr/bin/mkdir -p "$(dirname '/tmp/vos5-limine.j3qiNo/build/common-bios/libfdt/src/fdt.o')"
/usr/bin/mkdir -p "$(dirname '/tmp/vos5-limine.j3qiNo/build/common-bios/libfdt/src/fdt_addresses.o')"
x86_64-elf-gcc -g -O2 -pipe -ffile-prefix-map=/tmp/vos5-limine.j3qiNo=/vos-limine -g -Wall -Wextra -Wshadow -Wvla -Wno-error -std=gnu11 -nostdinc -ffreestanding -ffunction-sections -fdata-sections -fstack-protector-strong -fno-stack-check -fno-omit-frame-pointer -fno-strict-aliasing -fno-lto -mstack-protector-guard=global -fno-PIC -m32 -march=i686 -mabi=sysv -mno-80387 -mno-mmx -I . -I libc-compat -I ../limine-protocol/include -I ../flanterm/src -I ../libfdt/src -I '/tmp/vos5-limine.j3qiNo/build/common-bios/..' -isystem ../freestanding-c-hdrs/include  -DCOM_OUTPUT=false -DE9_OUTPUT=false -DFLANTERM_IN_FLANTERM -MMD -MP -DBIOS -c '../libfdt/src/fdt.c' -o '/tmp/vos5-limine.j3qiNo/build/common-bios/libfdt/src/fdt.o'
x86_64-elf-gcc -g -O2 -pipe -ffile-prefix-map=/tmp/vos5-limine.j3qiNo=/vos-limine -g -Wall -Wextra -Wshadow -Wvla -Wno-error -std=gnu11 -nostdinc -ffreestanding -ffunction-sections -fdata-sections -fstack-protector-strong -fno-stack-check -fno-omit-frame-pointer -fno-strict-aliasing -fno-lto -mstack-protector-guard=global -fno-PIC -m32 -march=i686 -mabi=sysv -mno-80387 -mno-mmx -I . -I libc-compat -I ../limine-protocol/include -I ../flanterm/src -I ../libfdt/src -I '/tmp/vos5-limine.j3qiNo/build/common-bios/..' -isystem ../freestanding-c-hdrs/include  -DCOM_OUTPUT=false -DE9_OUTPUT=false -DFLANTERM_IN_FLANTERM -MMD -MP -DBIOS -c '../libfdt/src/fdt_addresses.c' -o '/tmp/vos5-limine.j3qiNo/build/common-bios/libfdt/src/fdt_addresses.o'
/usr/bin/mkdir -p "$(dirname '/tmp/vos5-limine.j3qiNo/build/common-bios/libfdt/src/fdt_check.o')"
x86_64-elf-gcc -g -O2 -pipe -ffile-prefix-map=/tmp/vos5-limine.j3qiNo=/vos-limine -g -Wall -Wextra -Wshadow -Wvla -Wno-error -std=gnu11 -nostdinc -ffreestanding -ffunction-sections -fdata-sections -fstack-protector-strong -fno-stack-check -fno-omit-frame-pointer -fno-strict-aliasing -fno-lto -mstack-protector-guard=global -fno-PIC -m32 -march=i686 -mabi=sysv -mno-80387 -mno-mmx -I . -I libc-compat -I ../limine-protocol/include -I ../flanterm/src -I ../libfdt/src -I '/tmp/vos5-limine.j3qiNo/build/common-bios/..' -isystem ../freestanding-c-hdrs/include  -DCOM_OUTPUT=false -DE9_OUTPUT=false -DFLANTERM_IN_FLANTERM -MMD -MP -DBIOS -c '../libfdt/src/fdt_check.c' -o '/tmp/vos5-limine.j3qiNo/build/common-bios/libfdt/src/fdt_check.o'
/usr/bin/mkdir -p "$(dirname '/tmp/vos5-limine.j3qiNo/build/common-bios/libfdt/src/fdt_empty_tree.o')"
x86_64-elf-gcc -g -O2 -pipe -ffile-prefix-map=/tmp/vos5-limine.j3qiNo=/vos-limine -g -Wall -Wextra -Wshadow -Wvla -Wno-error -std=gnu11 -nostdinc -ffreestanding -ffunction-sections -fdata-sections -fstack-protector-strong -fno-stack-check -fno-omit-frame-pointer -fno-strict-aliasing -fno-lto -mstack-protector-guard=global -fno-PIC -m32 -march=i686 -mabi=sysv -mno-80387 -mno-mmx -I . -I libc-compat -I ../limine-protocol/include -I ../flanterm/src -I ../libfdt/src -I '/tmp/vos5-limine.j3qiNo/build/common-bios/..' -isystem ../freestanding-c-hdrs/include  -DCOM_OUTPUT=false -DE9_OUTPUT=false -DFLANTERM_IN_FLANTERM -MMD -MP -DBIOS -c '../libfdt/src/fdt_empty_tree.c' -o '/tmp/vos5-limine.j3qiNo/build/common-bios/libfdt/src/fdt_empty_tree.o'
/usr/bin/mkdir -p "$(dirname '/tmp/vos5-limine.j3qiNo/build/common-bios/libfdt/src/fdt_overlay.o')"
x86_64-elf-gcc -g -O2 -pipe -ffile-prefix-map=/tmp/vos5-limine.j3qiNo=/vos-limine -g -Wall -Wextra -Wshadow -Wvla -Wno-error -std=gnu11 -nostdinc -ffreestanding -ffunction-sections -fdata-sections -fstack-protector-strong -fno-stack-check -fno-omit-frame-pointer -fno-strict-aliasing -fno-lto -mstack-protector-guard=global -fno-PIC -m32 -march=i686 -mabi=sysv -mno-80387 -mno-mmx -Wno-unused-parameter -I . -I libc-compat -I ../limine-protocol/include -I ../flanterm/src -I ../libfdt/src -I '/tmp/vos5-limine.j3qiNo/build/common-bios/..' -isystem ../freestanding-c-hdrs/include  -DCOM_OUTPUT=false -DE9_OUTPUT=false -DFLANTERM_IN_FLANTERM -MMD -MP -DBIOS -c '../libfdt/src/fdt_overlay.c' -o '/tmp/vos5-limine.j3qiNo/build/common-bios/libfdt/src/fdt_overlay.o'
/usr/bin/mkdir -p "$(dirname '/tmp/vos5-limine.j3qiNo/build/common-bios/libfdt/src/fdt_ro.o')"
x86_64-elf-gcc -g -O2 -pipe -ffile-prefix-map=/tmp/vos5-limine.j3qiNo=/vos-limine -g -Wall -Wextra -Wshadow -Wvla -Wno-error -std=gnu11 -nostdinc -ffreestanding -ffunction-sections -fdata-sections -fstack-protector-strong -fno-stack-check -fno-omit-frame-pointer -fno-strict-aliasing -fno-lto -mstack-protector-guard=global -fno-PIC -m32 -march=i686 -mabi=sysv -mno-80387 -mno-mmx -I . -I libc-compat -I ../limine-protocol/include -I ../flanterm/src -I ../libfdt/src -I '/tmp/vos5-limine.j3qiNo/build/common-bios/..' -isystem ../freestanding-c-hdrs/include  -DCOM_OUTPUT=false -DE9_OUTPUT=false -DFLANTERM_IN_FLANTERM -MMD -MP -DBIOS -c '../libfdt/src/fdt_ro.c' -o '/tmp/vos5-limine.j3qiNo/build/common-bios/libfdt/src/fdt_ro.o'
/usr/bin/mkdir -p "$(dirname '/tmp/vos5-limine.j3qiNo/build/common-bios/libfdt/src/fdt_rw.o')"
x86_64-elf-gcc -g -O2 -pipe -ffile-prefix-map=/tmp/vos5-limine.j3qiNo=/vos-limine -g -Wall -Wextra -Wshadow -Wvla -Wno-error -std=gnu11 -nostdinc -ffreestanding -ffunction-sections -fdata-sections -fstack-protector-strong -fno-stack-check -fno-omit-frame-pointer -fno-strict-aliasing -fno-lto -mstack-protector-guard=global -fno-PIC -m32 -march=i686 -mabi=sysv -mno-80387 -mno-mmx -I . -I libc-compat -I ../limine-protocol/include -I ../flanterm/src -I ../libfdt/src -I '/tmp/vos5-limine.j3qiNo/build/common-bios/..' -isystem ../freestanding-c-hdrs/include  -DCOM_OUTPUT=false -DE9_OUTPUT=false -DFLANTERM_IN_FLANTERM -MMD -MP -DBIOS -c '../libfdt/src/fdt_rw.c' -o '/tmp/vos5-limine.j3qiNo/build/common-bios/libfdt/src/fdt_rw.o'
/usr/bin/mkdir -p "$(dirname '/tmp/vos5-limine.j3qiNo/build/common-bios/libfdt/src/fdt_strerror.o')"
x86_64-elf-gcc -g -O2 -pipe -ffile-prefix-map=/tmp/vos5-limine.j3qiNo=/vos-limine -g -Wall -Wextra -Wshadow -Wvla -Wno-error -std=gnu11 -nostdinc -ffreestanding -ffunction-sections -fdata-sections -fstack-protector-strong -fno-stack-check -fno-omit-frame-pointer -fno-strict-aliasing -fno-lto -mstack-protector-guard=global -fno-PIC -m32 -march=i686 -mabi=sysv -mno-80387 -mno-mmx -I . -I libc-compat -I ../limine-protocol/include -I ../flanterm/src -I ../libfdt/src -I '/tmp/vos5-limine.j3qiNo/build/common-bios/..' -isystem ../freestanding-c-hdrs/include  -DCOM_OUTPUT=false -DE9_OUTPUT=false -DFLANTERM_IN_FLANTERM -MMD -MP -DBIOS -c '../libfdt/src/fdt_strerror.c' -o '/tmp/vos5-limine.j3qiNo/build/common-bios/libfdt/src/fdt_strerror.o'
/usr/bin/mkdir -p "$(dirname '/tmp/vos5-limine.j3qiNo/build/common-bios/libfdt/src/fdt_sw.o')"
x86_64-elf-gcc -g -O2 -pipe -ffile-prefix-map=/tmp/vos5-limine.j3qiNo=/vos-limine -g -Wall -Wextra -Wshadow -Wvla -Wno-error -std=gnu11 -nostdinc -ffreestanding -ffunction-sections -fdata-sections -fstack-protector-strong -fno-stack-check -fno-omit-frame-pointer -fno-strict-aliasing -fno-lto -mstack-protector-guard=global -fno-PIC -m32 -march=i686 -mabi=sysv -mno-80387 -mno-mmx -I . -I libc-compat -I ../limine-protocol/include -I ../flanterm/src -I ../libfdt/src -I '/tmp/vos5-limine.j3qiNo/build/common-bios/..' -isystem ../freestanding-c-hdrs/include  -DCOM_OUTPUT=false -DE9_OUTPUT=false -DFLANTERM_IN_FLANTERM -MMD -MP -DBIOS -c '../libfdt/src/fdt_sw.c' -o '/tmp/vos5-limine.j3qiNo/build/common-bios/libfdt/src/fdt_sw.o'
/usr/bin/mkdir -p "$(dirname '/tmp/vos5-limine.j3qiNo/build/common-bios/libfdt/src/fdt_wip.o')"
x86_64-elf-gcc -g -O2 -pipe -ffile-prefix-map=/tmp/vos5-limine.j3qiNo=/vos-limine -g -Wall -Wextra -Wshadow -Wvla -Wno-error -std=gnu11 -nostdinc -ffreestanding -ffunction-sections -fdata-sections -fstack-protector-strong -fno-stack-check -fno-omit-frame-pointer -fno-strict-aliasing -fno-lto -mstack-protector-guard=global -fno-PIC -m32 -march=i686 -mabi=sysv -mno-80387 -mno-mmx -I . -I libc-compat -I ../limine-protocol/include -I ../flanterm/src -I ../libfdt/src -I '/tmp/vos5-limine.j3qiNo/build/common-bios/..' -isystem ../freestanding-c-hdrs/include  -DCOM_OUTPUT=false -DE9_OUTPUT=false -DFLANTERM_IN_FLANTERM -MMD -MP -DBIOS -c '../libfdt/src/fdt_wip.c' -o '/tmp/vos5-limine.j3qiNo/build/common-bios/libfdt/src/fdt_wip.o'
/usr/bin/mkdir -p "$(dirname '/tmp/vos5-limine.j3qiNo/build/common-bios/common/menu_thunk.o')"
nasm '../common/menu_thunk.asm_ia32' -f elf32 -g -F dwarf -g -F dwarf -Wall -w-unknown-warning -w-reloc -Wno-error -DIA32_TARGET -DBIOS -o '/tmp/vos5-limine.j3qiNo/build/common-bios/common/menu_thunk.o'
/usr/bin/mkdir -p "$(dirname '/tmp/vos5-limine.j3qiNo/build/common-bios/common/protos/limine_asm.o')"
nasm '../common/protos/limine_asm.asm_ia32' -f elf32 -g -F dwarf -g -F dwarf -Wall -w-unknown-warning -w-reloc -Wno-error -DIA32_TARGET -DBIOS -o '/tmp/vos5-limine.j3qiNo/build/common-bios/common/protos/limine_asm.o'
/usr/bin/mkdir -p "$(dirname '/tmp/vos5-limine.j3qiNo/build/common-bios/common/sys/dummy_isr.o')"
/usr/bin/mkdir -p "$(dirname '/tmp/vos5-limine.j3qiNo/build/common-bios/common/lib/sleep.o')"
nasm '../common/sys/dummy_isr.asm_ia32' -f elf32 -g -F dwarf -g -F dwarf -Wall -w-unknown-warning -w-reloc -Wno-error -DIA32_TARGET -DBIOS -o '/tmp/vos5-limine.j3qiNo/build/common-bios/common/sys/dummy_isr.o'
nasm '../common/lib/sleep.asm_bios_ia32' -f elf32 -g -F dwarf -g -F dwarf -Wall -w-unknown-warning -w-reloc -Wno-error -DIA32_TARGET -DBIOS -o '/tmp/vos5-limine.j3qiNo/build/common-bios/common/lib/sleep.o'
/usr/bin/mkdir -p "$(dirname '/tmp/vos5-limine.j3qiNo/build/common-bios/common/lib/spinup.o')"
/usr/bin/mkdir -p "$(dirname '/tmp/vos5-limine.j3qiNo/build/common-bios/common/protos/spinup_freebsd.o')"
/usr/bin/mkdir -p "$(dirname '/tmp/vos5-limine.j3qiNo/build/common-bios/common/protos/limine_32.o')"
nasm '../common/lib/spinup.asm_bios_ia32' -f elf32 -g -F dwarf -g -F dwarf -Wall -w-unknown-warning -w-reloc -Wno-error -DIA32_TARGET -DBIOS -o '/tmp/vos5-limine.j3qiNo/build/common-bios/common/lib/spinup.o'
nasm '../common/protos/spinup_freebsd.asm_bios_ia32' -f elf32 -g -F dwarf -g -F dwarf -Wall -w-unknown-warning -w-reloc -Wno-error -DIA32_TARGET -DBIOS -o '/tmp/vos5-limine.j3qiNo/build/common-bios/common/protos/spinup_freebsd.o'
nasm '../common/protos/limine_32.asm_x86' -f elf32 -g -F dwarf -g -F dwarf -Wall -w-unknown-warning -w-reloc -Wno-error -DIA32_TARGET -DBIOS -o '/tmp/vos5-limine.j3qiNo/build/common-bios/common/protos/limine_32.o'
/usr/bin/mkdir -p "$(dirname '/tmp/vos5-limine.j3qiNo/build/common-bios/common/protos/linux_32.o')"
/usr/bin/mkdir -p "$(dirname '/tmp/vos5-limine.j3qiNo/build/common-bios/common/protos/multiboot_32.o')"
nasm '../common/protos/linux_32.asm_x86' -f elf32 -g -F dwarf -g -F dwarf -Wall -w-unknown-warning -w-reloc -Wno-error -DIA32_TARGET -DBIOS -o '/tmp/vos5-limine.j3qiNo/build/common-bios/common/protos/linux_32.o'
/usr/bin/mkdir -p "$(dirname '/tmp/vos5-limine.j3qiNo/build/common-bios/common/protos/multiboot_reloc.o')"
nasm '../common/protos/multiboot_32.asm_x86' -f elf32 -g -F dwarf -g -F dwarf -Wall -w-unknown-warning -w-reloc -Wno-error -DIA32_TARGET -DBIOS -o '/tmp/vos5-limine.j3qiNo/build/common-bios/common/protos/multiboot_32.o'
nasm '../common/protos/multiboot_reloc.asm_x86' -f elf32 -g -F dwarf -g -F dwarf -Wall -w-unknown-warning -w-reloc -Wno-error -DIA32_TARGET -DBIOS -o '/tmp/vos5-limine.j3qiNo/build/common-bios/common/protos/multiboot_reloc.o'
/usr/bin/mkdir -p "$(dirname '/tmp/vos5-limine.j3qiNo/build/common-bios/common/sys/smp_trampoline.o')"
make -f common.mk '/tmp/vos5-limine.j3qiNo/build/common-bios/linker_stage2only.ld'
make[4]: Entering directory '/tmp/vos5-limine.j3qiNo/source/common'
nasm '../common/sys/smp_trampoline.asm_x86' -f elf32 -g -F dwarf -g -F dwarf -Wall -w-unknown-warning -w-reloc -Wno-error -DIA32_TARGET -DBIOS -o '/tmp/vos5-limine.j3qiNo/build/common-bios/common/sys/smp_trampoline.o'
/usr/bin/mkdir -p '/tmp/vos5-limine.j3qiNo/build/common-bios'
x86_64-elf-gcc -x c -E -P -undef -DLINKER_STAGE2ONLY linker_bios.ld.in -o '/tmp/vos5-limine.j3qiNo/build/common-bios/linker_stage2only.ld'
make[4]: Leaving directory '/tmp/vos5-limine.j3qiNo/source/common'
x86_64-elf-ld --strip-debug -nostdlib -z max-page-size=0x1000 -z noexecstack --gc-sections -m elf_i386 -static --build-id=sha1 -no-pie '/tmp/vos5-limine.j3qiNo/build/common-bios/common/cc-runtime.s2.o' '/tmp/vos5-limine.j3qiNo/build/common-bios/common/drivers/disk.s2.o' '/tmp/vos5-limine.j3qiNo/build/common-bios/common/entry.s2.o' '/tmp/vos5-limine.j3qiNo/build/common-bios/common/fs/fat32.s2.o' '/tmp/vos5-limine.j3qiNo/build/common-bios/common/fs/file.s2.o' '/tmp/vos5-limine.j3qiNo/build/common-bios/common/fs/iso9660.s2.o' '/tmp/vos5-limine.j3qiNo/build/common-bios/common/lib/acpi.s2.o' '/tmp/vos5-limine.j3qiNo/build/common-bios/common/lib/libc.s2.o' '/tmp/vos5-limine.j3qiNo/build/common-bios/common/lib/memory.s2.o' '/tmp/vos5-limine.j3qiNo/build/common-bios/common/lib/misc.s2.o' '/tmp/vos5-limine.j3qiNo/build/common-bios/common/lib/panic.s2.o' '/tmp/vos5-limine.j3qiNo/build/common-bios/common/lib/part.s2.o' '/tmp/vos5-limine.j3qiNo/build/common-bios/common/lib/print.s2.o' '/tmp/vos5-limine.j3qiNo/build/common-bios/common/lib/rand.s2.o' '/tmp/vos5-limine.j3qiNo/build/common-bios/common/lib/trace.s2.o' '/tmp/vos5-limine.j3qiNo/build/common-bios/common/mm/pmm.s2.o' '/tmp/vos5-limine.j3qiNo/build/common-bios/common/pxe/pxe.s2.o' '/tmp/vos5-limine.j3qiNo/build/common-bios/common/pxe/tftp.s2.o' '/tmp/vos5-limine.j3qiNo/build/common-bios/common/sys/a20.s2.o' '/tmp/vos5-limine.j3qiNo/build/common-bios/common/sys/cpu.s2.o' '/tmp/vos5-limine.j3qiNo/build/common-bios/common/sys/e820.s2.o' '/tmp/vos5-limine.j3qiNo/build/common-bios/common/sys/exceptions.s2.o' '/tmp/vos5-limine.j3qiNo/build/common-bios/common/sys/gdt.s2.o' '/tmp/vos5-limine.j3qiNo/build/common-bios/common/sys/idt.s2.o' '/tmp/vos5-limine.j3qiNo/build/common-bios/common/entry_asm.s2.o' '/tmp/vos5-limine.j3qiNo/build/common-bios/common/lib/real.s2.o' '/tmp/vos5-limine.j3qiNo/build/common-bios/common/pxe/pxe_asm.s2.o' '/tmp/vos5-limine.j3qiNo/build/common-bios/common/sys/int_thunks.s2.o' -T'/tmp/vos5-limine.j3qiNo/build/common-bios/linker_stage2only.ld' -o '/tmp/vos5-limine.j3qiNo/build/common-bios/limine_stage2only.elf' || \
	( echo "This error may mean that stage 2 was trying to use stage 3 symbols before loading stage 3" && \
	  false )
make -f common.mk '/tmp/vos5-limine.j3qiNo/build/common-bios/linker_nos2map.ld'
make[4]: Entering directory '/tmp/vos5-limine.j3qiNo/source/common'
/usr/bin/mkdir -p '/tmp/vos5-limine.j3qiNo/build/common-bios'
x86_64-elf-gcc -x c -E -P -undef -DLINKER_NOMAP -DLINKER_NOS2MAP linker_bios.ld.in -o '/tmp/vos5-limine.j3qiNo/build/common-bios/linker_nos2map.ld'
make[4]: Leaving directory '/tmp/vos5-limine.j3qiNo/source/common'
x86_64-elf-ld --strip-debug -nostdlib -z max-page-size=0x1000 -z noexecstack --gc-sections -m elf_i386 -static --build-id=sha1 -no-pie '/tmp/vos5-limine.j3qiNo/build/common-bios/common/cc-runtime.s2.o' '/tmp/vos5-limine.j3qiNo/build/common-bios/common/compress/gzip.o' '/tmp/vos5-limine.j3qiNo/build/common-bios/common/compress/pdgzip.o' '/tmp/vos5-limine.j3qiNo/build/common-bios/common/crypt/blake2b.o' '/tmp/vos5-limine.j3qiNo/build/common-bios/common/drivers/disk.s2.o' '/tmp/vos5-limine.j3qiNo/build/common-bios/common/drivers/edid.o' '/tmp/vos5-limine.j3qiNo/build/common-bios/common/drivers/gop.o' '/tmp/vos5-limine.j3qiNo/build/common-bios/common/drivers/mouse.o' '/tmp/vos5-limine.j3qiNo/build/common-bios/common/drivers/serial.o' '/tmp/vos5-limine.j3qiNo/build/common-bios/common/drivers/vbe.o' '/tmp/vos5-limine.j3qiNo/build/common-bios/common/drivers/vga_textmode.o' '/tmp/vos5-limine.j3qiNo/build/common-bios/common/entry.s2.o' '/tmp/vos5-limine.j3qiNo/build/common-bios/common/entry.s3.o' '/tmp/vos5-limine.j3qiNo/build/common-bios/common/fs/fat32.s2.o' '/tmp/vos5-limine.j3qiNo/build/common-bios/common/fs/file.s2.o' '/tmp/vos5-limine.j3qiNo/build/common-bios/common/fs/iso9660.s2.o' '/tmp/vos5-limine.j3qiNo/build/common-bios/common/lib/acpi.o' '/tmp/vos5-limine.j3qiNo/build/common-bios/common/lib/acpi.s2.o' '/tmp/vos5-limine.j3qiNo/build/common-bios/common/lib/bgrt.o' '/tmp/vos5-limine.j3qiNo/build/common-bios/common/lib/bli.o' '/tmp/vos5-limine.j3qiNo/build/common-bios/common/lib/config.o' '/tmp/vos5-limine.j3qiNo/build/common-bios/common/lib/elf.o' '/tmp/vos5-limine.j3qiNo/build/common-bios/common/lib/elsewhere.o' '/tmp/vos5-limine.j3qiNo/build/common-bios/common/lib/fb.o' '/tmp/vos5-limine.j3qiNo/build/common-bios/common/lib/fdt.o' '/tmp/vos5-limine.j3qiNo/build/common-bios/common/lib/getchar.o' '/tmp/vos5-limine.j3qiNo/build/common-bios/common/lib/gterm.o' '/tmp/vos5-limine.j3qiNo/build/common-bios/common/lib/guid.o' '/tmp/vos5-limine.j3qiNo/build/common-bios/common/lib/image.o' '/tmp/vos5-limine.j3qiNo/build/common-bios/common/lib/libc.o' '/tmp/vos5-limine.j3qiNo/build/common-bios/common/lib/libc.s2.o' '/tmp/vos5-limine.j3qiNo/build/common-bios/common/lib/memory.s2.o' '/tmp/vos5-limine.j3qiNo/build/common-bios/common/lib/misc.o' '/tmp/vos5-limine.j3qiNo/build/common-bios/common/lib/misc.s2.o' '/tmp/vos5-limine.j3qiNo/build/common-bios/common/lib/panic.s2.o' '/tmp/vos5-limine.j3qiNo/build/common-bios/common/lib/part.s2.o' '/tmp/vos5-limine.j3qiNo/build/common-bios/common/lib/pe.o' '/tmp/vos5-limine.j3qiNo/build/common-bios/common/lib/print.s2.o' '/tmp/vos5-limine.j3qiNo/build/common-bios/common/lib/qoi.o' '/tmp/vos5-limine.j3qiNo/build/common-bios/common/lib/rand.s2.o' '/tmp/vos5-limine.j3qiNo/build/common-bios/common/lib/rng_seed.o' '/tmp/vos5-limine.j3qiNo/build/common-bios/common/lib/stb_image.o' '/tmp/vos5-limine.j3qiNo/build/common-bios/common/lib/term.o' '/tmp/vos5-limine.j3qiNo/build/common-bios/common/lib/time.o' '/tmp/vos5-limine.j3qiNo/build/common-bios/common/lib/tpm.o' '/tmp/vos5-limine.j3qiNo/build/common-bios/common/lib/trace.s2.o' '/tmp/vos5-limine.j3qiNo/build/common-bios/common/lib/uri.o' '/tmp/vos5-limine.j3qiNo/build/common-bios/common/menu.o' '/tmp/vos5-limine.j3qiNo/build/common-bios/common/mm/efi_pt.o' '/tmp/vos5-limine.j3qiNo/build/common-bios/common/mm/mtrr.o' '/tmp/vos5-limine.j3qiNo/build/common-bios/common/mm/pmm.o' '/tmp/vos5-limine.j3qiNo/build/common-bios/common/mm/pmm.s2.o' '/tmp/vos5-limine.j3qiNo/build/common-bios/common/mm/vmm.o' '/tmp/vos5-limine.j3qiNo/build/common-bios/common/protos/chainload.o' '/tmp/vos5-limine.j3qiNo/build/common-bios/common/protos/efi_boot_entry.o' '/tmp/vos5-limine.j3qiNo/build/common-bios/common/protos/limine.o' '/tmp/vos5-limine.j3qiNo/build/common-bios/common/protos/linux.o' '/tmp/vos5-limine.j3qiNo/build/common-bios/common/protos/linux_risc.o' '/tmp/vos5-limine.j3qiNo/build/common-bios/common/protos/linux_x86.o' '/tmp/vos5-limine.j3qiNo/build/common-bios/common/protos/multiboot1.o' '/tmp/vos5-limine.j3qiNo/build/common-bios/common/protos/multiboot2.o' '/tmp/vos5-limine.j3qiNo/build/common-bios/common/pxe/pxe.s2.o' '/tmp/vos5-limine.j3qiNo/build/common-bios/common/pxe/tftp.s2.o' '/tmp/vos5-limine.j3qiNo/build/common-bios/common/sys/a20.s2.o' '/tmp/vos5-limine.j3qiNo/build/common-bios/common/sys/cpu.s2.o' '/tmp/vos5-limine.j3qiNo/build/common-bios/common/sys/cpu_riscv.o' '/tmp/vos5-limine.j3qiNo/build/common-bios/common/sys/e820.s2.o' '/tmp/vos5-limine.j3qiNo/build/common-bios/common/sys/exceptions.s2.o' '/tmp/vos5-limine.j3qiNo/build/common-bios/common/sys/gdt.s2.o' '/tmp/vos5-limine.j3qiNo/build/common-bios/common/sys/idt.o' '/tmp/vos5-limine.j3qiNo/build/common-bios/common/sys/idt.s2.o' '/tmp/vos5-limine.j3qiNo/build/common-bios/common/sys/iommu.o' '/tmp/vos5-limine.j3qiNo/build/common-bios/common/sys/lapic.o' '/tmp/vos5-limine.j3qiNo/build/common-bios/common/sys/pic.o' '/tmp/vos5-limine.j3qiNo/build/common-bios/common/sys/smp.o' '/tmp/vos5-limine.j3qiNo/build/common-bios/flanterm/src/flanterm.o' '/tmp/vos5-limine.j3qiNo/build/common-bios/flanterm/src/flanterm_backends/fb.o' '/tmp/vos5-limine.j3qiNo/build/common-bios/libfdt/src/fdt.o' '/tmp/vos5-limine.j3qiNo/build/common-bios/libfdt/src/fdt_addresses.o' '/tmp/vos5-limine.j3qiNo/build/common-bios/libfdt/src/fdt_check.o' '/tmp/vos5-limine.j3qiNo/build/common-bios/libfdt/src/fdt_empty_tree.o' '/tmp/vos5-limine.j3qiNo/build/common-bios/libfdt/src/fdt_overlay.o' '/tmp/vos5-limine.j3qiNo/build/common-bios/libfdt/src/fdt_ro.o' '/tmp/vos5-limine.j3qiNo/build/common-bios/libfdt/src/fdt_rw.o' '/tmp/vos5-limine.j3qiNo/build/common-bios/libfdt/src/fdt_strerror.o' '/tmp/vos5-limine.j3qiNo/build/common-bios/libfdt/src/fdt_sw.o' '/tmp/vos5-limine.j3qiNo/build/common-bios/libfdt/src/fdt_wip.o' '/tmp/vos5-limine.j3qiNo/build/common-bios/common/menu_thunk.o' '/tmp/vos5-limine.j3qiNo/build/common-bios/common/protos/limine_asm.o' '/tmp/vos5-limine.j3qiNo/build/common-bios/common/sys/dummy_isr.o' '/tmp/vos5-limine.j3qiNo/build/common-bios/common/entry_asm.s2.o' '/tmp/vos5-limine.j3qiNo/build/common-bios/common/lib/real.s2.o' '/tmp/vos5-limine.j3qiNo/build/common-bios/common/lib/sleep.o' '/tmp/vos5-limine.j3qiNo/build/common-bios/common/lib/spinup.o' '/tmp/vos5-limine.j3qiNo/build/common-bios/common/protos/spinup_freebsd.o' '/tmp/vos5-limine.j3qiNo/build/common-bios/common/pxe/pxe_asm.s2.o' '/tmp/vos5-limine.j3qiNo/build/common-bios/common/sys/int_thunks.s2.o' '/tmp/vos5-limine.j3qiNo/build/common-bios/common/protos/limine_32.o' '/tmp/vos5-limine.j3qiNo/build/common-bios/common/protos/linux_32.o' '/tmp/vos5-limine.j3qiNo/build/common-bios/common/protos/multiboot_32.o' '/tmp/vos5-limine.j3qiNo/build/common-bios/common/protos/multiboot_reloc.o' '/tmp/vos5-limine.j3qiNo/build/common-bios/common/sys/smp_trampoline.o' -T'/tmp/vos5-limine.j3qiNo/build/common-bios/linker_nos2map.ld' -o '/tmp/vos5-limine.j3qiNo/build/common-bios/limine_nomap.elf'
x86_64-elf-objcopy -O binary --only-section=.note.gnu.build-id '/tmp/vos5-limine.j3qiNo/build/common-bios/limine_nomap.elf' '/tmp/vos5-limine.j3qiNo/build/common-bios/build-id.s2.bin'
cd '/tmp/vos5-limine.j3qiNo/build/common-bios' && \
	x86_64-elf-objcopy -I binary -B i386 -O elf32-i386 build-id.s2.bin build-id.s2.o
x86_64-elf-objcopy -O binary --only-section=.note.gnu.build-id '/tmp/vos5-limine.j3qiNo/build/common-bios/limine_nomap.elf' '/tmp/vos5-limine.j3qiNo/build/common-bios/build-id.s3.bin'
cd '/tmp/vos5-limine.j3qiNo/build/common-bios' && \
	x86_64-elf-objcopy -I binary -B i386 -O elf32-i386 build-id.s3.bin build-id.s3.o
x86_64-elf-ld --strip-debug -nostdlib -z max-page-size=0x1000 -z noexecstack --gc-sections -m elf_i386 -static --build-id=sha1 -no-pie '/tmp/vos5-limine.j3qiNo/build/common-bios/common/cc-runtime.s2.o' '/tmp/vos5-limine.j3qiNo/build/common-bios/common/compress/gzip.o' '/tmp/vos5-limine.j3qiNo/build/common-bios/common/compress/pdgzip.o' '/tmp/vos5-limine.j3qiNo/build/common-bios/common/crypt/blake2b.o' '/tmp/vos5-limine.j3qiNo/build/common-bios/common/drivers/disk.s2.o' '/tmp/vos5-limine.j3qiNo/build/common-bios/common/drivers/edid.o' '/tmp/vos5-limine.j3qiNo/build/common-bios/common/drivers/gop.o' '/tmp/vos5-limine.j3qiNo/build/common-bios/common/drivers/mouse.o' '/tmp/vos5-limine.j3qiNo/build/common-bios/common/drivers/serial.o' '/tmp/vos5-limine.j3qiNo/build/common-bios/common/drivers/vbe.o' '/tmp/vos5-limine.j3qiNo/build/common-bios/common/drivers/vga_textmode.o' '/tmp/vos5-limine.j3qiNo/build/common-bios/common/entry.s2.o' '/tmp/vos5-limine.j3qiNo/build/common-bios/common/entry.s3.o' '/tmp/vos5-limine.j3qiNo/build/common-bios/common/fs/fat32.s2.o' '/tmp/vos5-limine.j3qiNo/build/common-bios/common/fs/file.s2.o' '/tmp/vos5-limine.j3qiNo/build/common-bios/common/fs/iso9660.s2.o' '/tmp/vos5-limine.j3qiNo/build/common-bios/common/lib/acpi.o' '/tmp/vos5-limine.j3qiNo/build/common-bios/common/lib/acpi.s2.o' '/tmp/vos5-limine.j3qiNo/build/common-bios/common/lib/bgrt.o' '/tmp/vos5-limine.j3qiNo/build/common-bios/common/lib/bli.o' '/tmp/vos5-limine.j3qiNo/build/common-bios/common/lib/config.o' '/tmp/vos5-limine.j3qiNo/build/common-bios/common/lib/elf.o' '/tmp/vos5-limine.j3qiNo/build/common-bios/common/lib/elsewhere.o' '/tmp/vos5-limine.j3qiNo/build/common-bios/common/lib/fb.o' '/tmp/vos5-limine.j3qiNo/build/common-bios/common/lib/fdt.o' '/tmp/vos5-limine.j3qiNo/build/common-bios/common/lib/getchar.o' '/tmp/vos5-limine.j3qiNo/build/common-bios/common/lib/gterm.o' '/tmp/vos5-limine.j3qiNo/build/common-bios/common/lib/guid.o' '/tmp/vos5-limine.j3qiNo/build/common-bios/common/lib/image.o' '/tmp/vos5-limine.j3qiNo/build/common-bios/common/lib/libc.o' '/tmp/vos5-limine.j3qiNo/build/common-bios/common/lib/libc.s2.o' '/tmp/vos5-limine.j3qiNo/build/common-bios/common/lib/memory.s2.o' '/tmp/vos5-limine.j3qiNo/build/common-bios/common/lib/misc.o' '/tmp/vos5-limine.j3qiNo/build/common-bios/common/lib/misc.s2.o' '/tmp/vos5-limine.j3qiNo/build/common-bios/common/lib/panic.s2.o' '/tmp/vos5-limine.j3qiNo/build/common-bios/common/lib/part.s2.o' '/tmp/vos5-limine.j3qiNo/build/common-bios/common/lib/pe.o' '/tmp/vos5-limine.j3qiNo/build/common-bios/common/lib/print.s2.o' '/tmp/vos5-limine.j3qiNo/build/common-bios/common/lib/qoi.o' '/tmp/vos5-limine.j3qiNo/build/common-bios/common/lib/rand.s2.o' '/tmp/vos5-limine.j3qiNo/build/common-bios/common/lib/rng_seed.o' '/tmp/vos5-limine.j3qiNo/build/common-bios/common/lib/stb_image.o' '/tmp/vos5-limine.j3qiNo/build/common-bios/common/lib/term.o' '/tmp/vos5-limine.j3qiNo/build/common-bios/common/lib/time.o' '/tmp/vos5-limine.j3qiNo/build/common-bios/common/lib/tpm.o' '/tmp/vos5-limine.j3qiNo/build/common-bios/common/lib/trace.s2.o' '/tmp/vos5-limine.j3qiNo/build/common-bios/common/lib/uri.o' '/tmp/vos5-limine.j3qiNo/build/common-bios/common/menu.o' '/tmp/vos5-limine.j3qiNo/build/common-bios/common/mm/efi_pt.o' '/tmp/vos5-limine.j3qiNo/build/common-bios/common/mm/mtrr.o' '/tmp/vos5-limine.j3qiNo/build/common-bios/common/mm/pmm.o' '/tmp/vos5-limine.j3qiNo/build/common-bios/common/mm/pmm.s2.o' '/tmp/vos5-limine.j3qiNo/build/common-bios/common/mm/vmm.o' '/tmp/vos5-limine.j3qiNo/build/common-bios/common/protos/chainload.o' '/tmp/vos5-limine.j3qiNo/build/common-bios/common/protos/efi_boot_entry.o' '/tmp/vos5-limine.j3qiNo/build/common-bios/common/protos/limine.o' '/tmp/vos5-limine.j3qiNo/build/common-bios/common/protos/linux.o' '/tmp/vos5-limine.j3qiNo/build/common-bios/common/protos/linux_risc.o' '/tmp/vos5-limine.j3qiNo/build/common-bios/common/protos/linux_x86.o' '/tmp/vos5-limine.j3qiNo/build/common-bios/common/protos/multiboot1.o' '/tmp/vos5-limine.j3qiNo/build/common-bios/common/protos/multiboot2.o' '/tmp/vos5-limine.j3qiNo/build/common-bios/common/pxe/pxe.s2.o' '/tmp/vos5-limine.j3qiNo/build/common-bios/common/pxe/tftp.s2.o' '/tmp/vos5-limine.j3qiNo/build/common-bios/common/sys/a20.s2.o' '/tmp/vos5-limine.j3qiNo/build/common-bios/common/sys/cpu.s2.o' '/tmp/vos5-limine.j3qiNo/build/common-bios/common/sys/cpu_riscv.o' '/tmp/vos5-limine.j3qiNo/build/common-bios/common/sys/e820.s2.o' '/tmp/vos5-limine.j3qiNo/build/common-bios/common/sys/exceptions.s2.o' '/tmp/vos5-limine.j3qiNo/build/common-bios/common/sys/gdt.s2.o' '/tmp/vos5-limine.j3qiNo/build/common-bios/common/sys/idt.o' '/tmp/vos5-limine.j3qiNo/build/common-bios/common/sys/idt.s2.o' '/tmp/vos5-limine.j3qiNo/build/common-bios/common/sys/iommu.o' '/tmp/vos5-limine.j3qiNo/build/common-bios/common/sys/lapic.o' '/tmp/vos5-limine.j3qiNo/build/common-bios/common/sys/pic.o' '/tmp/vos5-limine.j3qiNo/build/common-bios/common/sys/smp.o' '/tmp/vos5-limine.j3qiNo/build/common-bios/flanterm/src/flanterm.o' '/tmp/vos5-limine.j3qiNo/build/common-bios/flanterm/src/flanterm_backends/fb.o' '/tmp/vos5-limine.j3qiNo/build/common-bios/libfdt/src/fdt.o' '/tmp/vos5-limine.j3qiNo/build/common-bios/libfdt/src/fdt_addresses.o' '/tmp/vos5-limine.j3qiNo/build/common-bios/libfdt/src/fdt_check.o' '/tmp/vos5-limine.j3qiNo/build/common-bios/libfdt/src/fdt_empty_tree.o' '/tmp/vos5-limine.j3qiNo/build/common-bios/libfdt/src/fdt_overlay.o' '/tmp/vos5-limine.j3qiNo/build/common-bios/libfdt/src/fdt_ro.o' '/tmp/vos5-limine.j3qiNo/build/common-bios/libfdt/src/fdt_rw.o' '/tmp/vos5-limine.j3qiNo/build/common-bios/libfdt/src/fdt_strerror.o' '/tmp/vos5-limine.j3qiNo/build/common-bios/libfdt/src/fdt_sw.o' '/tmp/vos5-limine.j3qiNo/build/common-bios/libfdt/src/fdt_wip.o' '/tmp/vos5-limine.j3qiNo/build/common-bios/common/menu_thunk.o' '/tmp/vos5-limine.j3qiNo/build/common-bios/common/protos/limine_asm.o' '/tmp/vos5-limine.j3qiNo/build/common-bios/common/sys/dummy_isr.o' '/tmp/vos5-limine.j3qiNo/build/common-bios/common/entry_asm.s2.o' '/tmp/vos5-limine.j3qiNo/build/common-bios/common/lib/real.s2.o' '/tmp/vos5-limine.j3qiNo/build/common-bios/common/lib/sleep.o' '/tmp/vos5-limine.j3qiNo/build/common-bios/common/lib/spinup.o' '/tmp/vos5-limine.j3qiNo/build/common-bios/common/protos/spinup_freebsd.o' '/tmp/vos5-limine.j3qiNo/build/common-bios/common/pxe/pxe_asm.s2.o' '/tmp/vos5-limine.j3qiNo/build/common-bios/common/sys/int_thunks.s2.o' '/tmp/vos5-limine.j3qiNo/build/common-bios/common/protos/limine_32.o' '/tmp/vos5-limine.j3qiNo/build/common-bios/common/protos/linux_32.o' '/tmp/vos5-limine.j3qiNo/build/common-bios/common/protos/multiboot_32.o' '/tmp/vos5-limine.j3qiNo/build/common-bios/common/protos/multiboot_reloc.o' '/tmp/vos5-limine.j3qiNo/build/common-bios/common/sys/smp_trampoline.o' '/tmp/vos5-limine.j3qiNo/build/common-bios/build-id.s2.o' '/tmp/vos5-limine.j3qiNo/build/common-bios/build-id.s3.o' -T'/tmp/vos5-limine.j3qiNo/build/common-bios/linker_nos2map.ld' -o '/tmp/vos5-limine.j3qiNo/build/common-bios/limine_nomap.elf'
cd '/tmp/vos5-limine.j3qiNo/build/common-bios' && \
	'/tmp/vos5-limine.j3qiNo/source/common/gensyms.sh' '/tmp/vos5-limine.j3qiNo/build/common-bios/limine_nomap.elf' stage2 32 '\.text\.stage2'
x86_64-elf-gcc -g -O2 -pipe -ffile-prefix-map=/tmp/vos5-limine.j3qiNo=/vos-limine -g -Wall -Wextra -Wshadow -Wvla -Wno-error -std=gnu11 -nostdinc -ffreestanding -ffunction-sections -fdata-sections -fstack-protector-strong -fno-stack-check -fno-omit-frame-pointer -fno-strict-aliasing -fno-lto -mstack-protector-guard=global -fno-PIC -m32 -march=i686 -mabi=sysv -mno-80387 -mno-mmx -I . -I libc-compat -I ../limine-protocol/include -I ../flanterm/src -I ../libfdt/src -I '/tmp/vos5-limine.j3qiNo/build/common-bios/..' -isystem ../freestanding-c-hdrs/include  -DCOM_OUTPUT=false -DE9_OUTPUT=false -DFLANTERM_IN_FLANTERM -MMD -MP -DBIOS -c '/tmp/vos5-limine.j3qiNo/build/common-bios/stage2.map.S' -o '/tmp/vos5-limine.j3qiNo/build/common-bios/stage2.map.o'
rm -f '/tmp/vos5-limine.j3qiNo/build/common-bios/stage2.map.S' '/tmp/vos5-limine.j3qiNo/build/common-bios/stage2.map.d'
make -f common.mk '/tmp/vos5-limine.j3qiNo/build/common-bios/linker_nomap.ld'
make[4]: Entering directory '/tmp/vos5-limine.j3qiNo/source/common'
/usr/bin/mkdir -p '/tmp/vos5-limine.j3qiNo/build/common-bios'
x86_64-elf-gcc -x c -E -P -undef -DLINKER_NOMAP linker_bios.ld.in -o '/tmp/vos5-limine.j3qiNo/build/common-bios/linker_nomap.ld'
make[4]: Leaving directory '/tmp/vos5-limine.j3qiNo/source/common'
x86_64-elf-ld --strip-debug -nostdlib -z max-page-size=0x1000 -z noexecstack --gc-sections -m elf_i386 -static --build-id=sha1 -no-pie '/tmp/vos5-limine.j3qiNo/build/common-bios/common/cc-runtime.s2.o' '/tmp/vos5-limine.j3qiNo/build/common-bios/common/compress/gzip.o' '/tmp/vos5-limine.j3qiNo/build/common-bios/common/compress/pdgzip.o' '/tmp/vos5-limine.j3qiNo/build/common-bios/common/crypt/blake2b.o' '/tmp/vos5-limine.j3qiNo/build/common-bios/common/drivers/disk.s2.o' '/tmp/vos5-limine.j3qiNo/build/common-bios/common/drivers/edid.o' '/tmp/vos5-limine.j3qiNo/build/common-bios/common/drivers/gop.o' '/tmp/vos5-limine.j3qiNo/build/common-bios/common/drivers/mouse.o' '/tmp/vos5-limine.j3qiNo/build/common-bios/common/drivers/serial.o' '/tmp/vos5-limine.j3qiNo/build/common-bios/common/drivers/vbe.o' '/tmp/vos5-limine.j3qiNo/build/common-bios/common/drivers/vga_textmode.o' '/tmp/vos5-limine.j3qiNo/build/common-bios/common/entry.s2.o' '/tmp/vos5-limine.j3qiNo/build/common-bios/common/entry.s3.o' '/tmp/vos5-limine.j3qiNo/build/common-bios/common/fs/fat32.s2.o' '/tmp/vos5-limine.j3qiNo/build/common-bios/common/fs/file.s2.o' '/tmp/vos5-limine.j3qiNo/build/common-bios/common/fs/iso9660.s2.o' '/tmp/vos5-limine.j3qiNo/build/common-bios/common/lib/acpi.o' '/tmp/vos5-limine.j3qiNo/build/common-bios/common/lib/acpi.s2.o' '/tmp/vos5-limine.j3qiNo/build/common-bios/common/lib/bgrt.o' '/tmp/vos5-limine.j3qiNo/build/common-bios/common/lib/bli.o' '/tmp/vos5-limine.j3qiNo/build/common-bios/common/lib/config.o' '/tmp/vos5-limine.j3qiNo/build/common-bios/common/lib/elf.o' '/tmp/vos5-limine.j3qiNo/build/common-bios/common/lib/elsewhere.o' '/tmp/vos5-limine.j3qiNo/build/common-bios/common/lib/fb.o' '/tmp/vos5-limine.j3qiNo/build/common-bios/common/lib/fdt.o' '/tmp/vos5-limine.j3qiNo/build/common-bios/common/lib/getchar.o' '/tmp/vos5-limine.j3qiNo/build/common-bios/common/lib/gterm.o' '/tmp/vos5-limine.j3qiNo/build/common-bios/common/lib/guid.o' '/tmp/vos5-limine.j3qiNo/build/common-bios/common/lib/image.o' '/tmp/vos5-limine.j3qiNo/build/common-bios/common/lib/libc.o' '/tmp/vos5-limine.j3qiNo/build/common-bios/common/lib/libc.s2.o' '/tmp/vos5-limine.j3qiNo/build/common-bios/common/lib/memory.s2.o' '/tmp/vos5-limine.j3qiNo/build/common-bios/common/lib/misc.o' '/tmp/vos5-limine.j3qiNo/build/common-bios/common/lib/misc.s2.o' '/tmp/vos5-limine.j3qiNo/build/common-bios/common/lib/panic.s2.o' '/tmp/vos5-limine.j3qiNo/build/common-bios/common/lib/part.s2.o' '/tmp/vos5-limine.j3qiNo/build/common-bios/common/lib/pe.o' '/tmp/vos5-limine.j3qiNo/build/common-bios/common/lib/print.s2.o' '/tmp/vos5-limine.j3qiNo/build/common-bios/common/lib/qoi.o' '/tmp/vos5-limine.j3qiNo/build/common-bios/common/lib/rand.s2.o' '/tmp/vos5-limine.j3qiNo/build/common-bios/common/lib/rng_seed.o' '/tmp/vos5-limine.j3qiNo/build/common-bios/common/lib/stb_image.o' '/tmp/vos5-limine.j3qiNo/build/common-bios/common/lib/term.o' '/tmp/vos5-limine.j3qiNo/build/common-bios/common/lib/time.o' '/tmp/vos5-limine.j3qiNo/build/common-bios/common/lib/tpm.o' '/tmp/vos5-limine.j3qiNo/build/common-bios/common/lib/trace.s2.o' '/tmp/vos5-limine.j3qiNo/build/common-bios/common/lib/uri.o' '/tmp/vos5-limine.j3qiNo/build/common-bios/common/menu.o' '/tmp/vos5-limine.j3qiNo/build/common-bios/common/mm/efi_pt.o' '/tmp/vos5-limine.j3qiNo/build/common-bios/common/mm/mtrr.o' '/tmp/vos5-limine.j3qiNo/build/common-bios/common/mm/pmm.o' '/tmp/vos5-limine.j3qiNo/build/common-bios/common/mm/pmm.s2.o' '/tmp/vos5-limine.j3qiNo/build/common-bios/common/mm/vmm.o' '/tmp/vos5-limine.j3qiNo/build/common-bios/common/protos/chainload.o' '/tmp/vos5-limine.j3qiNo/build/common-bios/common/protos/efi_boot_entry.o' '/tmp/vos5-limine.j3qiNo/build/common-bios/common/protos/limine.o' '/tmp/vos5-limine.j3qiNo/build/common-bios/common/protos/linux.o' '/tmp/vos5-limine.j3qiNo/build/common-bios/common/protos/linux_risc.o' '/tmp/vos5-limine.j3qiNo/build/common-bios/common/protos/linux_x86.o' '/tmp/vos5-limine.j3qiNo/build/common-bios/common/protos/multiboot1.o' '/tmp/vos5-limine.j3qiNo/build/common-bios/common/protos/multiboot2.o' '/tmp/vos5-limine.j3qiNo/build/common-bios/common/pxe/pxe.s2.o' '/tmp/vos5-limine.j3qiNo/build/common-bios/common/pxe/tftp.s2.o' '/tmp/vos5-limine.j3qiNo/build/common-bios/common/sys/a20.s2.o' '/tmp/vos5-limine.j3qiNo/build/common-bios/common/sys/cpu.s2.o' '/tmp/vos5-limine.j3qiNo/build/common-bios/common/sys/cpu_riscv.o' '/tmp/vos5-limine.j3qiNo/build/common-bios/common/sys/e820.s2.o' '/tmp/vos5-limine.j3qiNo/build/common-bios/common/sys/exceptions.s2.o' '/tmp/vos5-limine.j3qiNo/build/common-bios/common/sys/gdt.s2.o' '/tmp/vos5-limine.j3qiNo/build/common-bios/common/sys/idt.o' '/tmp/vos5-limine.j3qiNo/build/common-bios/common/sys/idt.s2.o' '/tmp/vos5-limine.j3qiNo/build/common-bios/common/sys/iommu.o' '/tmp/vos5-limine.j3qiNo/build/common-bios/common/sys/lapic.o' '/tmp/vos5-limine.j3qiNo/build/common-bios/common/sys/pic.o' '/tmp/vos5-limine.j3qiNo/build/common-bios/common/sys/smp.o' '/tmp/vos5-limine.j3qiNo/build/common-bios/flanterm/src/flanterm.o' '/tmp/vos5-limine.j3qiNo/build/common-bios/flanterm/src/flanterm_backends/fb.o' '/tmp/vos5-limine.j3qiNo/build/common-bios/libfdt/src/fdt.o' '/tmp/vos5-limine.j3qiNo/build/common-bios/libfdt/src/fdt_addresses.o' '/tmp/vos5-limine.j3qiNo/build/common-bios/libfdt/src/fdt_check.o' '/tmp/vos5-limine.j3qiNo/build/common-bios/libfdt/src/fdt_empty_tree.o' '/tmp/vos5-limine.j3qiNo/build/common-bios/libfdt/src/fdt_overlay.o' '/tmp/vos5-limine.j3qiNo/build/common-bios/libfdt/src/fdt_ro.o' '/tmp/vos5-limine.j3qiNo/build/common-bios/libfdt/src/fdt_rw.o' '/tmp/vos5-limine.j3qiNo/build/common-bios/libfdt/src/fdt_strerror.o' '/tmp/vos5-limine.j3qiNo/build/common-bios/libfdt/src/fdt_sw.o' '/tmp/vos5-limine.j3qiNo/build/common-bios/libfdt/src/fdt_wip.o' '/tmp/vos5-limine.j3qiNo/build/common-bios/common/menu_thunk.o' '/tmp/vos5-limine.j3qiNo/build/common-bios/common/protos/limine_asm.o' '/tmp/vos5-limine.j3qiNo/build/common-bios/common/sys/dummy_isr.o' '/tmp/vos5-limine.j3qiNo/build/common-bios/common/entry_asm.s2.o' '/tmp/vos5-limine.j3qiNo/build/common-bios/common/lib/real.s2.o' '/tmp/vos5-limine.j3qiNo/build/common-bios/common/lib/sleep.o' '/tmp/vos5-limine.j3qiNo/build/common-bios/common/lib/spinup.o' '/tmp/vos5-limine.j3qiNo/build/common-bios/common/protos/spinup_freebsd.o' '/tmp/vos5-limine.j3qiNo/build/common-bios/common/pxe/pxe_asm.s2.o' '/tmp/vos5-limine.j3qiNo/build/common-bios/common/sys/int_thunks.s2.o' '/tmp/vos5-limine.j3qiNo/build/common-bios/common/protos/limine_32.o' '/tmp/vos5-limine.j3qiNo/build/common-bios/common/protos/linux_32.o' '/tmp/vos5-limine.j3qiNo/build/common-bios/common/protos/multiboot_32.o' '/tmp/vos5-limine.j3qiNo/build/common-bios/common/protos/multiboot_reloc.o' '/tmp/vos5-limine.j3qiNo/build/common-bios/common/sys/smp_trampoline.o' '/tmp/vos5-limine.j3qiNo/build/common-bios/stage2.map.o' -T'/tmp/vos5-limine.j3qiNo/build/common-bios/linker_nomap.ld' -o '/tmp/vos5-limine.j3qiNo/build/common-bios/limine_nos3map.elf'
x86_64-elf-objcopy -O binary --only-section=.note.gnu.build-id '/tmp/vos5-limine.j3qiNo/build/common-bios/limine_nos3map.elf' '/tmp/vos5-limine.j3qiNo/build/common-bios/build-id.s2.bin'
cd '/tmp/vos5-limine.j3qiNo/build/common-bios' && \
	x86_64-elf-objcopy -I binary -B i386 -O elf32-i386 build-id.s2.bin build-id.s2.o
x86_64-elf-objcopy -O binary --only-section=.note.gnu.build-id '/tmp/vos5-limine.j3qiNo/build/common-bios/limine_nos3map.elf' '/tmp/vos5-limine.j3qiNo/build/common-bios/build-id.s3.bin'
cd '/tmp/vos5-limine.j3qiNo/build/common-bios' && \
	x86_64-elf-objcopy -I binary -B i386 -O elf32-i386 build-id.s3.bin build-id.s3.o
x86_64-elf-ld --strip-debug -nostdlib -z max-page-size=0x1000 -z noexecstack --gc-sections -m elf_i386 -static --build-id=sha1 -no-pie '/tmp/vos5-limine.j3qiNo/build/common-bios/common/cc-runtime.s2.o' '/tmp/vos5-limine.j3qiNo/build/common-bios/common/compress/gzip.o' '/tmp/vos5-limine.j3qiNo/build/common-bios/common/compress/pdgzip.o' '/tmp/vos5-limine.j3qiNo/build/common-bios/common/crypt/blake2b.o' '/tmp/vos5-limine.j3qiNo/build/common-bios/common/drivers/disk.s2.o' '/tmp/vos5-limine.j3qiNo/build/common-bios/common/drivers/edid.o' '/tmp/vos5-limine.j3qiNo/build/common-bios/common/drivers/gop.o' '/tmp/vos5-limine.j3qiNo/build/common-bios/common/drivers/mouse.o' '/tmp/vos5-limine.j3qiNo/build/common-bios/common/drivers/serial.o' '/tmp/vos5-limine.j3qiNo/build/common-bios/common/drivers/vbe.o' '/tmp/vos5-limine.j3qiNo/build/common-bios/common/drivers/vga_textmode.o' '/tmp/vos5-limine.j3qiNo/build/common-bios/common/entry.s2.o' '/tmp/vos5-limine.j3qiNo/build/common-bios/common/entry.s3.o' '/tmp/vos5-limine.j3qiNo/build/common-bios/common/fs/fat32.s2.o' '/tmp/vos5-limine.j3qiNo/build/common-bios/common/fs/file.s2.o' '/tmp/vos5-limine.j3qiNo/build/common-bios/common/fs/iso9660.s2.o' '/tmp/vos5-limine.j3qiNo/build/common-bios/common/lib/acpi.o' '/tmp/vos5-limine.j3qiNo/build/common-bios/common/lib/acpi.s2.o' '/tmp/vos5-limine.j3qiNo/build/common-bios/common/lib/bgrt.o' '/tmp/vos5-limine.j3qiNo/build/common-bios/common/lib/bli.o' '/tmp/vos5-limine.j3qiNo/build/common-bios/common/lib/config.o' '/tmp/vos5-limine.j3qiNo/build/common-bios/common/lib/elf.o' '/tmp/vos5-limine.j3qiNo/build/common-bios/common/lib/elsewhere.o' '/tmp/vos5-limine.j3qiNo/build/common-bios/common/lib/fb.o' '/tmp/vos5-limine.j3qiNo/build/common-bios/common/lib/fdt.o' '/tmp/vos5-limine.j3qiNo/build/common-bios/common/lib/getchar.o' '/tmp/vos5-limine.j3qiNo/build/common-bios/common/lib/gterm.o' '/tmp/vos5-limine.j3qiNo/build/common-bios/common/lib/guid.o' '/tmp/vos5-limine.j3qiNo/build/common-bios/common/lib/image.o' '/tmp/vos5-limine.j3qiNo/build/common-bios/common/lib/libc.o' '/tmp/vos5-limine.j3qiNo/build/common-bios/common/lib/libc.s2.o' '/tmp/vos5-limine.j3qiNo/build/common-bios/common/lib/memory.s2.o' '/tmp/vos5-limine.j3qiNo/build/common-bios/common/lib/misc.o' '/tmp/vos5-limine.j3qiNo/build/common-bios/common/lib/misc.s2.o' '/tmp/vos5-limine.j3qiNo/build/common-bios/common/lib/panic.s2.o' '/tmp/vos5-limine.j3qiNo/build/common-bios/common/lib/part.s2.o' '/tmp/vos5-limine.j3qiNo/build/common-bios/common/lib/pe.o' '/tmp/vos5-limine.j3qiNo/build/common-bios/common/lib/print.s2.o' '/tmp/vos5-limine.j3qiNo/build/common-bios/common/lib/qoi.o' '/tmp/vos5-limine.j3qiNo/build/common-bios/common/lib/rand.s2.o' '/tmp/vos5-limine.j3qiNo/build/common-bios/common/lib/rng_seed.o' '/tmp/vos5-limine.j3qiNo/build/common-bios/common/lib/stb_image.o' '/tmp/vos5-limine.j3qiNo/build/common-bios/common/lib/term.o' '/tmp/vos5-limine.j3qiNo/build/common-bios/common/lib/time.o' '/tmp/vos5-limine.j3qiNo/build/common-bios/common/lib/tpm.o' '/tmp/vos5-limine.j3qiNo/build/common-bios/common/lib/trace.s2.o' '/tmp/vos5-limine.j3qiNo/build/common-bios/common/lib/uri.o' '/tmp/vos5-limine.j3qiNo/build/common-bios/common/menu.o' '/tmp/vos5-limine.j3qiNo/build/common-bios/common/mm/efi_pt.o' '/tmp/vos5-limine.j3qiNo/build/common-bios/common/mm/mtrr.o' '/tmp/vos5-limine.j3qiNo/build/common-bios/common/mm/pmm.o' '/tmp/vos5-limine.j3qiNo/build/common-bios/common/mm/pmm.s2.o' '/tmp/vos5-limine.j3qiNo/build/common-bios/common/mm/vmm.o' '/tmp/vos5-limine.j3qiNo/build/common-bios/common/protos/chainload.o' '/tmp/vos5-limine.j3qiNo/build/common-bios/common/protos/efi_boot_entry.o' '/tmp/vos5-limine.j3qiNo/build/common-bios/common/protos/limine.o' '/tmp/vos5-limine.j3qiNo/build/common-bios/common/protos/linux.o' '/tmp/vos5-limine.j3qiNo/build/common-bios/common/protos/linux_risc.o' '/tmp/vos5-limine.j3qiNo/build/common-bios/common/protos/linux_x86.o' '/tmp/vos5-limine.j3qiNo/build/common-bios/common/protos/multiboot1.o' '/tmp/vos5-limine.j3qiNo/build/common-bios/common/protos/multiboot2.o' '/tmp/vos5-limine.j3qiNo/build/common-bios/common/pxe/pxe.s2.o' '/tmp/vos5-limine.j3qiNo/build/common-bios/common/pxe/tftp.s2.o' '/tmp/vos5-limine.j3qiNo/build/common-bios/common/sys/a20.s2.o' '/tmp/vos5-limine.j3qiNo/build/common-bios/common/sys/cpu.s2.o' '/tmp/vos5-limine.j3qiNo/build/common-bios/common/sys/cpu_riscv.o' '/tmp/vos5-limine.j3qiNo/build/common-bios/common/sys/e820.s2.o' '/tmp/vos5-limine.j3qiNo/build/common-bios/common/sys/exceptions.s2.o' '/tmp/vos5-limine.j3qiNo/build/common-bios/common/sys/gdt.s2.o' '/tmp/vos5-limine.j3qiNo/build/common-bios/common/sys/idt.o' '/tmp/vos5-limine.j3qiNo/build/common-bios/common/sys/idt.s2.o' '/tmp/vos5-limine.j3qiNo/build/common-bios/common/sys/iommu.o' '/tmp/vos5-limine.j3qiNo/build/common-bios/common/sys/lapic.o' '/tmp/vos5-limine.j3qiNo/build/common-bios/common/sys/pic.o' '/tmp/vos5-limine.j3qiNo/build/common-bios/common/sys/smp.o' '/tmp/vos5-limine.j3qiNo/build/common-bios/flanterm/src/flanterm.o' '/tmp/vos5-limine.j3qiNo/build/common-bios/flanterm/src/flanterm_backends/fb.o' '/tmp/vos5-limine.j3qiNo/build/common-bios/libfdt/src/fdt.o' '/tmp/vos5-limine.j3qiNo/build/common-bios/libfdt/src/fdt_addresses.o' '/tmp/vos5-limine.j3qiNo/build/common-bios/libfdt/src/fdt_check.o' '/tmp/vos5-limine.j3qiNo/build/common-bios/libfdt/src/fdt_empty_tree.o' '/tmp/vos5-limine.j3qiNo/build/common-bios/libfdt/src/fdt_overlay.o' '/tmp/vos5-limine.j3qiNo/build/common-bios/libfdt/src/fdt_ro.o' '/tmp/vos5-limine.j3qiNo/build/common-bios/libfdt/src/fdt_rw.o' '/tmp/vos5-limine.j3qiNo/build/common-bios/libfdt/src/fdt_strerror.o' '/tmp/vos5-limine.j3qiNo/build/common-bios/libfdt/src/fdt_sw.o' '/tmp/vos5-limine.j3qiNo/build/common-bios/libfdt/src/fdt_wip.o' '/tmp/vos5-limine.j3qiNo/build/common-bios/common/menu_thunk.o' '/tmp/vos5-limine.j3qiNo/build/common-bios/common/protos/limine_asm.o' '/tmp/vos5-limine.j3qiNo/build/common-bios/common/sys/dummy_isr.o' '/tmp/vos5-limine.j3qiNo/build/common-bios/common/entry_asm.s2.o' '/tmp/vos5-limine.j3qiNo/build/common-bios/common/lib/real.s2.o' '/tmp/vos5-limine.j3qiNo/build/common-bios/common/lib/sleep.o' '/tmp/vos5-limine.j3qiNo/build/common-bios/common/lib/spinup.o' '/tmp/vos5-limine.j3qiNo/build/common-bios/common/protos/spinup_freebsd.o' '/tmp/vos5-limine.j3qiNo/build/common-bios/common/pxe/pxe_asm.s2.o' '/tmp/vos5-limine.j3qiNo/build/common-bios/common/sys/int_thunks.s2.o' '/tmp/vos5-limine.j3qiNo/build/common-bios/common/protos/limine_32.o' '/tmp/vos5-limine.j3qiNo/build/common-bios/common/protos/linux_32.o' '/tmp/vos5-limine.j3qiNo/build/common-bios/common/protos/multiboot_32.o' '/tmp/vos5-limine.j3qiNo/build/common-bios/common/protos/multiboot_reloc.o' '/tmp/vos5-limine.j3qiNo/build/common-bios/common/sys/smp_trampoline.o' '/tmp/vos5-limine.j3qiNo/build/common-bios/stage2.map.o' '/tmp/vos5-limine.j3qiNo/build/common-bios/build-id.s2.o' '/tmp/vos5-limine.j3qiNo/build/common-bios/build-id.s3.o' -T'/tmp/vos5-limine.j3qiNo/build/common-bios/linker_nomap.ld' -o '/tmp/vos5-limine.j3qiNo/build/common-bios/limine_nos3map.elf'
cd '/tmp/vos5-limine.j3qiNo/build/common-bios' && \
	'/tmp/vos5-limine.j3qiNo/source/common/gensyms.sh' '/tmp/vos5-limine.j3qiNo/build/common-bios/limine_nos3map.elf' full 32 '\.text'
x86_64-elf-gcc -g -O2 -pipe -ffile-prefix-map=/tmp/vos5-limine.j3qiNo=/vos-limine -g -Wall -Wextra -Wshadow -Wvla -Wno-error -std=gnu11 -nostdinc -ffreestanding -ffunction-sections -fdata-sections -fstack-protector-strong -fno-stack-check -fno-omit-frame-pointer -fno-strict-aliasing -fno-lto -mstack-protector-guard=global -fno-PIC -m32 -march=i686 -mabi=sysv -mno-80387 -mno-mmx -I . -I libc-compat -I ../limine-protocol/include -I ../flanterm/src -I ../libfdt/src -I '/tmp/vos5-limine.j3qiNo/build/common-bios/..' -isystem ../freestanding-c-hdrs/include  -DCOM_OUTPUT=false -DE9_OUTPUT=false -DFLANTERM_IN_FLANTERM -MMD -MP -DBIOS -c '/tmp/vos5-limine.j3qiNo/build/common-bios/full.map.S' -o '/tmp/vos5-limine.j3qiNo/build/common-bios/full.map.o'
rm -f '/tmp/vos5-limine.j3qiNo/build/common-bios/full.map.S' '/tmp/vos5-limine.j3qiNo/build/common-bios/full.map.d'
make -f common.mk '/tmp/vos5-limine.j3qiNo/build/common-bios/linker.ld'
make[4]: Entering directory '/tmp/vos5-limine.j3qiNo/source/common'
/usr/bin/mkdir -p '/tmp/vos5-limine.j3qiNo/build/common-bios'
x86_64-elf-gcc -x c -E -P -undef linker_bios.ld.in -o '/tmp/vos5-limine.j3qiNo/build/common-bios/linker.ld'
make[4]: Leaving directory '/tmp/vos5-limine.j3qiNo/source/common'
x86_64-elf-ld --strip-debug -nostdlib -z max-page-size=0x1000 -z noexecstack --gc-sections -m elf_i386 -static --build-id=sha1 -no-pie '/tmp/vos5-limine.j3qiNo/build/common-bios/common/cc-runtime.s2.o' '/tmp/vos5-limine.j3qiNo/build/common-bios/common/compress/gzip.o' '/tmp/vos5-limine.j3qiNo/build/common-bios/common/compress/pdgzip.o' '/tmp/vos5-limine.j3qiNo/build/common-bios/common/crypt/blake2b.o' '/tmp/vos5-limine.j3qiNo/build/common-bios/common/drivers/disk.s2.o' '/tmp/vos5-limine.j3qiNo/build/common-bios/common/drivers/edid.o' '/tmp/vos5-limine.j3qiNo/build/common-bios/common/drivers/gop.o' '/tmp/vos5-limine.j3qiNo/build/common-bios/common/drivers/mouse.o' '/tmp/vos5-limine.j3qiNo/build/common-bios/common/drivers/serial.o' '/tmp/vos5-limine.j3qiNo/build/common-bios/common/drivers/vbe.o' '/tmp/vos5-limine.j3qiNo/build/common-bios/common/drivers/vga_textmode.o' '/tmp/vos5-limine.j3qiNo/build/common-bios/common/entry.s2.o' '/tmp/vos5-limine.j3qiNo/build/common-bios/common/entry.s3.o' '/tmp/vos5-limine.j3qiNo/build/common-bios/common/fs/fat32.s2.o' '/tmp/vos5-limine.j3qiNo/build/common-bios/common/fs/file.s2.o' '/tmp/vos5-limine.j3qiNo/build/common-bios/common/fs/iso9660.s2.o' '/tmp/vos5-limine.j3qiNo/build/common-bios/common/lib/acpi.o' '/tmp/vos5-limine.j3qiNo/build/common-bios/common/lib/acpi.s2.o' '/tmp/vos5-limine.j3qiNo/build/common-bios/common/lib/bgrt.o' '/tmp/vos5-limine.j3qiNo/build/common-bios/common/lib/bli.o' '/tmp/vos5-limine.j3qiNo/build/common-bios/common/lib/config.o' '/tmp/vos5-limine.j3qiNo/build/common-bios/common/lib/elf.o' '/tmp/vos5-limine.j3qiNo/build/common-bios/common/lib/elsewhere.o' '/tmp/vos5-limine.j3qiNo/build/common-bios/common/lib/fb.o' '/tmp/vos5-limine.j3qiNo/build/common-bios/common/lib/fdt.o' '/tmp/vos5-limine.j3qiNo/build/common-bios/common/lib/getchar.o' '/tmp/vos5-limine.j3qiNo/build/common-bios/common/lib/gterm.o' '/tmp/vos5-limine.j3qiNo/build/common-bios/common/lib/guid.o' '/tmp/vos5-limine.j3qiNo/build/common-bios/common/lib/image.o' '/tmp/vos5-limine.j3qiNo/build/common-bios/common/lib/libc.o' '/tmp/vos5-limine.j3qiNo/build/common-bios/common/lib/libc.s2.o' '/tmp/vos5-limine.j3qiNo/build/common-bios/common/lib/memory.s2.o' '/tmp/vos5-limine.j3qiNo/build/common-bios/common/lib/misc.o' '/tmp/vos5-limine.j3qiNo/build/common-bios/common/lib/misc.s2.o' '/tmp/vos5-limine.j3qiNo/build/common-bios/common/lib/panic.s2.o' '/tmp/vos5-limine.j3qiNo/build/common-bios/common/lib/part.s2.o' '/tmp/vos5-limine.j3qiNo/build/common-bios/common/lib/pe.o' '/tmp/vos5-limine.j3qiNo/build/common-bios/common/lib/print.s2.o' '/tmp/vos5-limine.j3qiNo/build/common-bios/common/lib/qoi.o' '/tmp/vos5-limine.j3qiNo/build/common-bios/common/lib/rand.s2.o' '/tmp/vos5-limine.j3qiNo/build/common-bios/common/lib/rng_seed.o' '/tmp/vos5-limine.j3qiNo/build/common-bios/common/lib/stb_image.o' '/tmp/vos5-limine.j3qiNo/build/common-bios/common/lib/term.o' '/tmp/vos5-limine.j3qiNo/build/common-bios/common/lib/time.o' '/tmp/vos5-limine.j3qiNo/build/common-bios/common/lib/tpm.o' '/tmp/vos5-limine.j3qiNo/build/common-bios/common/lib/trace.s2.o' '/tmp/vos5-limine.j3qiNo/build/common-bios/common/lib/uri.o' '/tmp/vos5-limine.j3qiNo/build/common-bios/common/menu.o' '/tmp/vos5-limine.j3qiNo/build/common-bios/common/mm/efi_pt.o' '/tmp/vos5-limine.j3qiNo/build/common-bios/common/mm/mtrr.o' '/tmp/vos5-limine.j3qiNo/build/common-bios/common/mm/pmm.o' '/tmp/vos5-limine.j3qiNo/build/common-bios/common/mm/pmm.s2.o' '/tmp/vos5-limine.j3qiNo/build/common-bios/common/mm/vmm.o' '/tmp/vos5-limine.j3qiNo/build/common-bios/common/protos/chainload.o' '/tmp/vos5-limine.j3qiNo/build/common-bios/common/protos/efi_boot_entry.o' '/tmp/vos5-limine.j3qiNo/build/common-bios/common/protos/limine.o' '/tmp/vos5-limine.j3qiNo/build/common-bios/common/protos/linux.o' '/tmp/vos5-limine.j3qiNo/build/common-bios/common/protos/linux_risc.o' '/tmp/vos5-limine.j3qiNo/build/common-bios/common/protos/linux_x86.o' '/tmp/vos5-limine.j3qiNo/build/common-bios/common/protos/multiboot1.o' '/tmp/vos5-limine.j3qiNo/build/common-bios/common/protos/multiboot2.o' '/tmp/vos5-limine.j3qiNo/build/common-bios/common/pxe/pxe.s2.o' '/tmp/vos5-limine.j3qiNo/build/common-bios/common/pxe/tftp.s2.o' '/tmp/vos5-limine.j3qiNo/build/common-bios/common/sys/a20.s2.o' '/tmp/vos5-limine.j3qiNo/build/common-bios/common/sys/cpu.s2.o' '/tmp/vos5-limine.j3qiNo/build/common-bios/common/sys/cpu_riscv.o' '/tmp/vos5-limine.j3qiNo/build/common-bios/common/sys/e820.s2.o' '/tmp/vos5-limine.j3qiNo/build/common-bios/common/sys/exceptions.s2.o' '/tmp/vos5-limine.j3qiNo/build/common-bios/common/sys/gdt.s2.o' '/tmp/vos5-limine.j3qiNo/build/common-bios/common/sys/idt.o' '/tmp/vos5-limine.j3qiNo/build/common-bios/common/sys/idt.s2.o' '/tmp/vos5-limine.j3qiNo/build/common-bios/common/sys/iommu.o' '/tmp/vos5-limine.j3qiNo/build/common-bios/common/sys/lapic.o' '/tmp/vos5-limine.j3qiNo/build/common-bios/common/sys/pic.o' '/tmp/vos5-limine.j3qiNo/build/common-bios/common/sys/smp.o' '/tmp/vos5-limine.j3qiNo/build/common-bios/flanterm/src/flanterm.o' '/tmp/vos5-limine.j3qiNo/build/common-bios/flanterm/src/flanterm_backends/fb.o' '/tmp/vos5-limine.j3qiNo/build/common-bios/libfdt/src/fdt.o' '/tmp/vos5-limine.j3qiNo/build/common-bios/libfdt/src/fdt_addresses.o' '/tmp/vos5-limine.j3qiNo/build/common-bios/libfdt/src/fdt_check.o' '/tmp/vos5-limine.j3qiNo/build/common-bios/libfdt/src/fdt_empty_tree.o' '/tmp/vos5-limine.j3qiNo/build/common-bios/libfdt/src/fdt_overlay.o' '/tmp/vos5-limine.j3qiNo/build/common-bios/libfdt/src/fdt_ro.o' '/tmp/vos5-limine.j3qiNo/build/common-bios/libfdt/src/fdt_rw.o' '/tmp/vos5-limine.j3qiNo/build/common-bios/libfdt/src/fdt_strerror.o' '/tmp/vos5-limine.j3qiNo/build/common-bios/libfdt/src/fdt_sw.o' '/tmp/vos5-limine.j3qiNo/build/common-bios/libfdt/src/fdt_wip.o' '/tmp/vos5-limine.j3qiNo/build/common-bios/common/menu_thunk.o' '/tmp/vos5-limine.j3qiNo/build/common-bios/common/protos/limine_asm.o' '/tmp/vos5-limine.j3qiNo/build/common-bios/common/sys/dummy_isr.o' '/tmp/vos5-limine.j3qiNo/build/common-bios/common/entry_asm.s2.o' '/tmp/vos5-limine.j3qiNo/build/common-bios/common/lib/real.s2.o' '/tmp/vos5-limine.j3qiNo/build/common-bios/common/lib/sleep.o' '/tmp/vos5-limine.j3qiNo/build/common-bios/common/lib/spinup.o' '/tmp/vos5-limine.j3qiNo/build/common-bios/common/protos/spinup_freebsd.o' '/tmp/vos5-limine.j3qiNo/build/common-bios/common/pxe/pxe_asm.s2.o' '/tmp/vos5-limine.j3qiNo/build/common-bios/common/sys/int_thunks.s2.o' '/tmp/vos5-limine.j3qiNo/build/common-bios/common/protos/limine_32.o' '/tmp/vos5-limine.j3qiNo/build/common-bios/common/protos/linux_32.o' '/tmp/vos5-limine.j3qiNo/build/common-bios/common/protos/multiboot_32.o' '/tmp/vos5-limine.j3qiNo/build/common-bios/common/protos/multiboot_reloc.o' '/tmp/vos5-limine.j3qiNo/build/common-bios/common/sys/smp_trampoline.o' '/tmp/vos5-limine.j3qiNo/build/common-bios/stage2.map.o' '/tmp/vos5-limine.j3qiNo/build/common-bios/full.map.o' -T'/tmp/vos5-limine.j3qiNo/build/common-bios/linker.ld' -o '/tmp/vos5-limine.j3qiNo/build/common-bios/limine.elf'
x86_64-elf-objcopy -O binary --only-section=.note.gnu.build-id '/tmp/vos5-limine.j3qiNo/build/common-bios/limine.elf' '/tmp/vos5-limine.j3qiNo/build/common-bios/build-id.s2.bin'
cd '/tmp/vos5-limine.j3qiNo/build/common-bios' && \
	x86_64-elf-objcopy -I binary -B i386 -O elf32-i386 build-id.s2.bin build-id.s2.o
x86_64-elf-objcopy -O binary --only-section=.note.gnu.build-id '/tmp/vos5-limine.j3qiNo/build/common-bios/limine.elf' '/tmp/vos5-limine.j3qiNo/build/common-bios/build-id.s3.bin'
cd '/tmp/vos5-limine.j3qiNo/build/common-bios' && \
	x86_64-elf-objcopy -I binary -B i386 -O elf32-i386 build-id.s3.bin build-id.s3.o
x86_64-elf-ld --strip-debug -nostdlib -z max-page-size=0x1000 -z noexecstack --gc-sections -m elf_i386 -static --build-id=sha1 -no-pie '/tmp/vos5-limine.j3qiNo/build/common-bios/common/cc-runtime.s2.o' '/tmp/vos5-limine.j3qiNo/build/common-bios/common/compress/gzip.o' '/tmp/vos5-limine.j3qiNo/build/common-bios/common/compress/pdgzip.o' '/tmp/vos5-limine.j3qiNo/build/common-bios/common/crypt/blake2b.o' '/tmp/vos5-limine.j3qiNo/build/common-bios/common/drivers/disk.s2.o' '/tmp/vos5-limine.j3qiNo/build/common-bios/common/drivers/edid.o' '/tmp/vos5-limine.j3qiNo/build/common-bios/common/drivers/gop.o' '/tmp/vos5-limine.j3qiNo/build/common-bios/common/drivers/mouse.o' '/tmp/vos5-limine.j3qiNo/build/common-bios/common/drivers/serial.o' '/tmp/vos5-limine.j3qiNo/build/common-bios/common/drivers/vbe.o' '/tmp/vos5-limine.j3qiNo/build/common-bios/common/drivers/vga_textmode.o' '/tmp/vos5-limine.j3qiNo/build/common-bios/common/entry.s2.o' '/tmp/vos5-limine.j3qiNo/build/common-bios/common/entry.s3.o' '/tmp/vos5-limine.j3qiNo/build/common-bios/common/fs/fat32.s2.o' '/tmp/vos5-limine.j3qiNo/build/common-bios/common/fs/file.s2.o' '/tmp/vos5-limine.j3qiNo/build/common-bios/common/fs/iso9660.s2.o' '/tmp/vos5-limine.j3qiNo/build/common-bios/common/lib/acpi.o' '/tmp/vos5-limine.j3qiNo/build/common-bios/common/lib/acpi.s2.o' '/tmp/vos5-limine.j3qiNo/build/common-bios/common/lib/bgrt.o' '/tmp/vos5-limine.j3qiNo/build/common-bios/common/lib/bli.o' '/tmp/vos5-limine.j3qiNo/build/common-bios/common/lib/config.o' '/tmp/vos5-limine.j3qiNo/build/common-bios/common/lib/elf.o' '/tmp/vos5-limine.j3qiNo/build/common-bios/common/lib/elsewhere.o' '/tmp/vos5-limine.j3qiNo/build/common-bios/common/lib/fb.o' '/tmp/vos5-limine.j3qiNo/build/common-bios/common/lib/fdt.o' '/tmp/vos5-limine.j3qiNo/build/common-bios/common/lib/getchar.o' '/tmp/vos5-limine.j3qiNo/build/common-bios/common/lib/gterm.o' '/tmp/vos5-limine.j3qiNo/build/common-bios/common/lib/guid.o' '/tmp/vos5-limine.j3qiNo/build/common-bios/common/lib/image.o' '/tmp/vos5-limine.j3qiNo/build/common-bios/common/lib/libc.o' '/tmp/vos5-limine.j3qiNo/build/common-bios/common/lib/libc.s2.o' '/tmp/vos5-limine.j3qiNo/build/common-bios/common/lib/memory.s2.o' '/tmp/vos5-limine.j3qiNo/build/common-bios/common/lib/misc.o' '/tmp/vos5-limine.j3qiNo/build/common-bios/common/lib/misc.s2.o' '/tmp/vos5-limine.j3qiNo/build/common-bios/common/lib/panic.s2.o' '/tmp/vos5-limine.j3qiNo/build/common-bios/common/lib/part.s2.o' '/tmp/vos5-limine.j3qiNo/build/common-bios/common/lib/pe.o' '/tmp/vos5-limine.j3qiNo/build/common-bios/common/lib/print.s2.o' '/tmp/vos5-limine.j3qiNo/build/common-bios/common/lib/qoi.o' '/tmp/vos5-limine.j3qiNo/build/common-bios/common/lib/rand.s2.o' '/tmp/vos5-limine.j3qiNo/build/common-bios/common/lib/rng_seed.o' '/tmp/vos5-limine.j3qiNo/build/common-bios/common/lib/stb_image.o' '/tmp/vos5-limine.j3qiNo/build/common-bios/common/lib/term.o' '/tmp/vos5-limine.j3qiNo/build/common-bios/common/lib/time.o' '/tmp/vos5-limine.j3qiNo/build/common-bios/common/lib/tpm.o' '/tmp/vos5-limine.j3qiNo/build/common-bios/common/lib/trace.s2.o' '/tmp/vos5-limine.j3qiNo/build/common-bios/common/lib/uri.o' '/tmp/vos5-limine.j3qiNo/build/common-bios/common/menu.o' '/tmp/vos5-limine.j3qiNo/build/common-bios/common/mm/efi_pt.o' '/tmp/vos5-limine.j3qiNo/build/common-bios/common/mm/mtrr.o' '/tmp/vos5-limine.j3qiNo/build/common-bios/common/mm/pmm.o' '/tmp/vos5-limine.j3qiNo/build/common-bios/common/mm/pmm.s2.o' '/tmp/vos5-limine.j3qiNo/build/common-bios/common/mm/vmm.o' '/tmp/vos5-limine.j3qiNo/build/common-bios/common/protos/chainload.o' '/tmp/vos5-limine.j3qiNo/build/common-bios/common/protos/efi_boot_entry.o' '/tmp/vos5-limine.j3qiNo/build/common-bios/common/protos/limine.o' '/tmp/vos5-limine.j3qiNo/build/common-bios/common/protos/linux.o' '/tmp/vos5-limine.j3qiNo/build/common-bios/common/protos/linux_risc.o' '/tmp/vos5-limine.j3qiNo/build/common-bios/common/protos/linux_x86.o' '/tmp/vos5-limine.j3qiNo/build/common-bios/common/protos/multiboot1.o' '/tmp/vos5-limine.j3qiNo/build/common-bios/common/protos/multiboot2.o' '/tmp/vos5-limine.j3qiNo/build/common-bios/common/pxe/pxe.s2.o' '/tmp/vos5-limine.j3qiNo/build/common-bios/common/pxe/tftp.s2.o' '/tmp/vos5-limine.j3qiNo/build/common-bios/common/sys/a20.s2.o' '/tmp/vos5-limine.j3qiNo/build/common-bios/common/sys/cpu.s2.o' '/tmp/vos5-limine.j3qiNo/build/common-bios/common/sys/cpu_riscv.o' '/tmp/vos5-limine.j3qiNo/build/common-bios/common/sys/e820.s2.o' '/tmp/vos5-limine.j3qiNo/build/common-bios/common/sys/exceptions.s2.o' '/tmp/vos5-limine.j3qiNo/build/common-bios/common/sys/gdt.s2.o' '/tmp/vos5-limine.j3qiNo/build/common-bios/common/sys/idt.o' '/tmp/vos5-limine.j3qiNo/build/common-bios/common/sys/idt.s2.o' '/tmp/vos5-limine.j3qiNo/build/common-bios/common/sys/iommu.o' '/tmp/vos5-limine.j3qiNo/build/common-bios/common/sys/lapic.o' '/tmp/vos5-limine.j3qiNo/build/common-bios/common/sys/pic.o' '/tmp/vos5-limine.j3qiNo/build/common-bios/common/sys/smp.o' '/tmp/vos5-limine.j3qiNo/build/common-bios/flanterm/src/flanterm.o' '/tmp/vos5-limine.j3qiNo/build/common-bios/flanterm/src/flanterm_backends/fb.o' '/tmp/vos5-limine.j3qiNo/build/common-bios/libfdt/src/fdt.o' '/tmp/vos5-limine.j3qiNo/build/common-bios/libfdt/src/fdt_addresses.o' '/tmp/vos5-limine.j3qiNo/build/common-bios/libfdt/src/fdt_check.o' '/tmp/vos5-limine.j3qiNo/build/common-bios/libfdt/src/fdt_empty_tree.o' '/tmp/vos5-limine.j3qiNo/build/common-bios/libfdt/src/fdt_overlay.o' '/tmp/vos5-limine.j3qiNo/build/common-bios/libfdt/src/fdt_ro.o' '/tmp/vos5-limine.j3qiNo/build/common-bios/libfdt/src/fdt_rw.o' '/tmp/vos5-limine.j3qiNo/build/common-bios/libfdt/src/fdt_strerror.o' '/tmp/vos5-limine.j3qiNo/build/common-bios/libfdt/src/fdt_sw.o' '/tmp/vos5-limine.j3qiNo/build/common-bios/libfdt/src/fdt_wip.o' '/tmp/vos5-limine.j3qiNo/build/common-bios/common/menu_thunk.o' '/tmp/vos5-limine.j3qiNo/build/common-bios/common/protos/limine_asm.o' '/tmp/vos5-limine.j3qiNo/build/common-bios/common/sys/dummy_isr.o' '/tmp/vos5-limine.j3qiNo/build/common-bios/common/entry_asm.s2.o' '/tmp/vos5-limine.j3qiNo/build/common-bios/common/lib/real.s2.o' '/tmp/vos5-limine.j3qiNo/build/common-bios/common/lib/sleep.o' '/tmp/vos5-limine.j3qiNo/build/common-bios/common/lib/spinup.o' '/tmp/vos5-limine.j3qiNo/build/common-bios/common/protos/spinup_freebsd.o' '/tmp/vos5-limine.j3qiNo/build/common-bios/common/pxe/pxe_asm.s2.o' '/tmp/vos5-limine.j3qiNo/build/common-bios/common/sys/int_thunks.s2.o' '/tmp/vos5-limine.j3qiNo/build/common-bios/common/protos/limine_32.o' '/tmp/vos5-limine.j3qiNo/build/common-bios/common/protos/linux_32.o' '/tmp/vos5-limine.j3qiNo/build/common-bios/common/protos/multiboot_32.o' '/tmp/vos5-limine.j3qiNo/build/common-bios/common/protos/multiboot_reloc.o' '/tmp/vos5-limine.j3qiNo/build/common-bios/common/sys/smp_trampoline.o' '/tmp/vos5-limine.j3qiNo/build/common-bios/stage2.map.o' '/tmp/vos5-limine.j3qiNo/build/common-bios/full.map.o' '/tmp/vos5-limine.j3qiNo/build/common-bios/build-id.s2.o' '/tmp/vos5-limine.j3qiNo/build/common-bios/build-id.s3.o' -T'/tmp/vos5-limine.j3qiNo/build/common-bios/linker.ld' -o '/tmp/vos5-limine.j3qiNo/build/common-bios/limine.elf'
x86_64-elf-objcopy -O binary '/tmp/vos5-limine.j3qiNo/build/common-bios/limine.elf' '/tmp/vos5-limine.j3qiNo/build/common-bios/limine-bios.sys'
chmod -x '/tmp/vos5-limine.j3qiNo/build/common-bios/limine-bios.sys'
dd if='/tmp/vos5-limine.j3qiNo/build/common-bios/limine-bios.sys' bs=$(( 0x$("x86_64-elf-readelf" -S '/tmp/vos5-limine.j3qiNo/build/common-bios/limine.elf' | /usr/bin/grep '\.text\.stage3' | /usr/bin/sed 's/^.*] //' | mawk '{print $3}' | /usr/bin/sed 's/^0*//') - 0xf000 )) count=1 of='/tmp/vos5-limine.j3qiNo/build/common-bios/stage2.bin' 2>/dev/null
'/tmp/vos5-limine.j3qiNo/build/tools-build/limlzpack' '/tmp/vos5-limine.j3qiNo/build/common-bios/stage2.bin' '/tmp/vos5-limine.j3qiNo/build/common-bios/stage2.bin.limlz'
make[3]: Leaving directory '/tmp/vos5-limine.j3qiNo/source/common'
make '/tmp/vos5-limine.j3qiNo/build/stage1.stamp'
make[3]: Entering directory '/tmp/vos5-limine.j3qiNo/build'
/usr/bin/mkdir -p '/tmp/vos5-limine.j3qiNo/build/decompressor-build'
cd '/tmp/vos5-limine.j3qiNo/source/stage1' && nasm decompressor.asm -Wall -w-unknown-warning -w-reloc -Wno-error -fbin -o '/tmp/vos5-limine.j3qiNo/build/decompressor-build/decompressor.bin'
/usr/bin/mkdir -p '/tmp/vos5-limine.j3qiNo/build/bin'
cd '/tmp/vos5-limine.j3qiNo/source/stage1/hdd' && nasm bootsect.asm -Wall -w-unknown-warning -w-reloc -Wno-error -fbin -DBUILDDIR="'"'/tmp/vos5-limine.j3qiNo/build'"'" -o '/tmp/vos5-limine.j3qiNo/build/bin/limine-bios-hdd.bin'
cd '/tmp/vos5-limine.j3qiNo/source/stage1/cd'  && nasm bootsect.asm -Wall -w-unknown-warning -w-reloc -Wno-error -fbin -DBUILDDIR="'"'/tmp/vos5-limine.j3qiNo/build'"'" -o '/tmp/vos5-limine.j3qiNo/build/bin/limine-bios-cd.bin'
cd '/tmp/vos5-limine.j3qiNo/source/stage1/pxe' && nasm bootsect.asm -Wall -w-unknown-warning -w-reloc -Wno-error -fbin -DBUILDDIR="'"'/tmp/vos5-limine.j3qiNo/build'"'" -o '/tmp/vos5-limine.j3qiNo/build/bin/limine-bios-pxe.bin'
cp '/tmp/vos5-limine.j3qiNo/build/common-bios/limine-bios.sys' '/tmp/vos5-limine.j3qiNo/build/bin/'
touch '/tmp/vos5-limine.j3qiNo/build/stage1.stamp'
make[3]: Leaving directory '/tmp/vos5-limine.j3qiNo/build'
make '/tmp/vos5-limine.j3qiNo/build/bin/limine'
make[3]: Entering directory '/tmp/vos5-limine.j3qiNo/build'
/usr/bin/mkdir -p '/tmp/vos5-limine.j3qiNo/build/bin'
cd '/tmp/vos5-limine.j3qiNo/build/bin' && '/tmp/vos5-limine.j3qiNo/source/host/hgen.sh' >limine-bios-hdd.h
/usr/bin/sed 's/%VERSION%/12.9.0/g;s/%COPYRIGHT%/Copyright (C) 2019-2026 Mintsuki and contributors./g' <'/tmp/vos5-limine.j3qiNo/source/host/limine.c' >'/tmp/vos5-limine.j3qiNo/build/bin/limine.c'
make -C '/tmp/vos5-limine.j3qiNo/build/bin' limine \
	CC="gcc -std=gnu23" \
	CFLAGS="-g -O2 -pipe -ffile-prefix-map=/tmp/vos5-limine.j3qiNo=/vos-limine -Wall -Wextra -Wno-error" \
	CPPFLAGS='  -DLIMINE_DATADIR=\"/usr/local/share/limine\"' \
	LDFLAGS="" \
	LIBS=""
make[4]: Entering directory '/tmp/vos5-limine.j3qiNo/build/bin'
gcc -std=gnu23 -g -O2 -pipe -ffile-prefix-map=/tmp/vos5-limine.j3qiNo=/vos-limine -Wall -Wextra -Wno-error -std=c99 -D_FILE_OFFSET_BITS=64 -DLIMINE_DATADIR=\"/usr/local/share/limine\"  limine.c  -o limine
make[4]: Leaving directory '/tmp/vos5-limine.j3qiNo/build/bin'
make[3]: Leaving directory '/tmp/vos5-limine.j3qiNo/build'
make '/tmp/vos5-limine.j3qiNo/build/bin/limine-uefi-cd.bin'
make[3]: Entering directory '/tmp/vos5-limine.j3qiNo/build'
/usr/bin/mkdir -p '/tmp/vos5-limine.j3qiNo/build/bin'
rm -f '/tmp/vos5-limine.j3qiNo/build/bin/limine-uefi-cd.bin'
TZ=UTC0; export TZ; \
LIMINE_UEFI_CD_TMP="$(mktemp -d)"; \
	mkdir -p "$LIMINE_UEFI_CD_TMP"/EFI/BOOT; \
	cp '/tmp/vos5-limine.j3qiNo/build/common-uefi-aarch64/BOOTAA64.EFI' "$LIMINE_UEFI_CD_TMP"/EFI/BOOT/ 2>/dev/null; \
	cp '/tmp/vos5-limine.j3qiNo/build/common-uefi-riscv64/BOOTRISCV64.EFI' "$LIMINE_UEFI_CD_TMP"/EFI/BOOT/ 2>/dev/null; \
	cp '/tmp/vos5-limine.j3qiNo/build/common-uefi-loongarch64/BOOTLOONGARCH64.EFI' "$LIMINE_UEFI_CD_TMP"/EFI/BOOT/ 2>/dev/null; \
	cp '/tmp/vos5-limine.j3qiNo/build/common-uefi-x86-64/BOOTX64.EFI' "$LIMINE_UEFI_CD_TMP"/EFI/BOOT/ 2>/dev/null; \
	cp '/tmp/vos5-limine.j3qiNo/build/common-uefi-ia32/BOOTIA32.EFI' "$LIMINE_UEFI_CD_TMP"/EFI/BOOT/ 2>/dev/null; \
	find "$LIMINE_UEFI_CD_TMP" -exec touch -t 202311142213.20 '{}' + && \
	LIMINE_UEFI_CD_SIZE="$(find "$LIMINE_UEFI_CD_TMP" -type f -exec cat '{}' + | wc -c)" && \
	LIMINE_UEFI_CD_SECTORS="$(( (($LIMINE_UEFI_CD_SIZE + 1048575) / 1048576 + 1) * 2048 ))" && \
	dd if=/dev/zero of='/tmp/vos5-limine.j3qiNo/build/bin/limine-uefi-cd.bin' bs=512 count="$LIMINE_UEFI_CD_SECTORS" 2>/dev/null && \
	mformat -i '/tmp/vos5-limine.j3qiNo/build/bin/limine-uefi-cd.bin' -T "$LIMINE_UEFI_CD_SECTORS" -N 12345678 :: && \
	mcopy -D o -s -m -i '/tmp/vos5-limine.j3qiNo/build/bin/limine-uefi-cd.bin' "$LIMINE_UEFI_CD_TMP"/EFI :: && \
	rm -rf "$LIMINE_UEFI_CD_TMP"
make[3]: Leaving directory '/tmp/vos5-limine.j3qiNo/build'
make[2]: Leaving directory '/tmp/vos5-limine.j3qiNo/build'
make[1]: Leaving directory '/tmp/vos5-limine.j3qiNo/build'
make[1]: Entering directory '/vos3/kernel'
make[1]: Warning: File 'build/native-full-final' has modification time 0.00056 s in the future
make[2]: Entering directory '/vos3/user'
  AS      src/boot/multiboot2_entry.S
  AS      src/boot/entry.S
  AS      src/arch/x86_64/isr_stubs.S
  AS      src/arch/x86_64/syscall_entry.S
  AS      src/arch/x86_64/user_entry.S
  AS      src/arch/x86_64/trampoline.S
  AS      src/sched/context.S
  CC      src/boot/multiboot2_stub.c
  CC      src/boot/multiboot2_parse.c
  CC      src/boot/limine_stub.c
  CC      src/boot/kmain.c
  CC      src/boot/boot_mm.c
  CC      src/boot/boot_drivers.c
  CC      src/boot/boot_fs.c
  CC      src/boot/boot_ai.c
  CC      src/boot/boot_net.c
  CC      src/boot/uefi_boot.c
  CC      src/mm/pmm.c
  CC      src/mm/vmm.c
  CC      src/mm/tlb_shootdown.c
  CC      src/arch/x86_64/tlb_shootdown.c
  CC      src/arch/x86_64/kpti_roots.c
  CC      src/mm/heap.c
  CC      src/mm/ai_guard.c
  CC      src/mm/ai_pte.c
  CC      src/mm/ai_slots.c
src/mm/ai_slots.c: In function 'vos3_ai_lazy_thaw_enable':
src/mm/ai_slots.c:2935:14: warning: variable 'unmapped' set but not used [-Wunused-but-set-variable=]
 2935 |     uint32_t unmapped = 0;
      |              ^~~~~~~~
  CC      src/mm/ai_sq.c
  CC      src/mm/ai_isc.c
  CC      src/mm/ai_monitor.c
  CC      src/mm/ai_telemetry.c
  CC      src/mm/user_copy.c
  CC      src/mm/ai_kv_managed.c
  CC      src/mm/ai_kv_compress.c
  CC      src/mm/ai_kv_prefix.c
  CC      src/mm/kv_compressor.c
  CC      src/mm/intent_validator.c
  CC      src/mm/tee.c
  CC      src/mm/hcs.c
  CC      src/mm/audit_ring.c
  CC      src/arch/x86_64/numa.c
  CC      src/arch/x86_64/percpu.c
  CC      src/arch/x86_64/smp.c
src/arch/x86_64/smp.c: In function 'vos3_smp_init':
src/arch/x86_64/smp.c:611:14: warning: variable 'woken' set but not used [-Wunused-but-set-variable=]
  611 |     uint32_t woken = 0;
      |              ^~~~~
  CC      src/arch/x86_64/smp_telemetry.c
  CC      src/drivers/console.c
  CC      src/drivers/timer.c
  CC      src/drivers/device.c
  CC      src/drivers/devfs.c
  CC      src/drivers/mem.c
  CC      src/drivers/tty.c
  CC      src/drivers/keyboard.c
  CC      src/drivers/dev_init.c
  CC      src/arch/x86_64/gdt.c
  CC      src/arch/x86_64/idt.c
  CC      lib/syscalls.c
  CC      src/arch/x86_64/interrupts.c
  CC      src/arch/x86_64/pic.c
  CC      src/arch/x86_64/cpu.c
  CC      src/arch/x86_64/mitigation_factory.c
  CC      src/arch/x86_64/microcode_check.c
  CC      src/arch/x86_64/kpti.c
  CC      src/arch/x86_64/pci_ecam.c
  CC      src/arch/x86_64/apic.c
  CC      src/arch/x86_64/ioapic.c
  CC      src/arch/x86_64/xsave.c
  CC      src/diag/assert_cert.c
  CC      src/arch/x86_64/syscall.c
  CC      src/arch/x86_64/user.c
src/arch/x86_64/syscall.c: In function 'vos3_sys_debug':
src/arch/x86_64/syscall.c:238:14: warning: unused variable 'value' [-Wunused-variable]
  238 |     uint64_t value = frame->rdi;
      |              ^~~~~
src/arch/x86_64/syscall.c: In function 'vos3_debug_iretq_frame':
src/arch/x86_64/syscall.c:830:23: warning: unused variable 'val4' [-Wunused-variable]
  830 |     volatile uint64_t val4 = rsp[4];
      |                       ^~~~
src/arch/x86_64/syscall.c:827:23: warning: unused variable 'val3' [-Wunused-variable]
  827 |     volatile uint64_t val3 = rsp[3];
      |                       ^~~~
src/arch/x86_64/syscall.c:824:23: warning: unused variable 'val2' [-Wunused-variable]
  824 |     volatile uint64_t val2 = rsp[2];
      |                       ^~~~
src/arch/x86_64/syscall.c:821:23: warning: unused variable 'val1' [-Wunused-variable]
  821 |     volatile uint64_t val1 = rsp[1];
      |                       ^~~~
src/arch/x86_64/syscall.c:818:23: warning: unused variable 'val0' [-Wunused-variable]
  818 |     volatile uint64_t val0 = rsp[0];
      |                       ^~~~
  CC      src/sched/task.c
src/sched/task.c: In function 'vos3_task_set_state':
src/sched/task.c:911:23: warning: unused variable 'old_state' [-Wunused-variable]
  911 |     vos3_task_state_t old_state = task->state;
      |                       ^~~~~~~~~
  CC      src/sched/scheduler.c
  CC      src/sched/sync.c
  CC      src/sched/dispatch_hint.c
  CC      src/sched/xsave_ctx.c
  CC      src/sched/core_cookie.c
  CC      src/pro/license_check.c
  CC      src/ipc/ipc.c
  CC      src/ipc/msgqueue.c
  CC      src/ipc/shm.c
  CC      src/ipc/pipe.c
  CC      src/ipc/signal.c
  CC      src/ipc/signal_syscall.c
  CC      src/ipc/futex.c
  CC      src/ipc/dispatcher.c
  CC      src/fs/posix_syscall.c
  CC      src/fs/vfs.c
  CC      src/fs/fd.c
  CC      src/fs/ramfs.c
  CC      src/fs/file.c
  CC      src/fs/dir.c
  CC      src/fs/pipe.c
  CC      src/fs/vos3fs.c
  CC      src/fs/procfs.c
  CC      src/fs/epoll.c
  CC      src/fs/fs_syscall.c
  CC      src/fs/vvfs.c
  CC      src/fs/vvfs_codec.c
  CC      src/fs/vvfs_transport.c
  CC      src/fs/vvfs_model_verify.c
  CC      src/fs/vbus_fs.c
  CC      src/exec/elf.c
  CC      src/exec/exec.c
  CC      src/exec/exec_syscall.c
  CC      src/time/time_syscall.c
  CC      src/init/init.c
  CC      src/init/init_binaries.c
  CC      src/core/vos3_config.c
  CC      src/core/memcpy.c
  CC      src/core/kaslr.c
  CC      src/core/stack_protector.c
  CC      src/core/crc32c.c
  CC      src/core/crc64.c
  CC      src/core/cet.c
  CC      src/mm/ai_prefetch.c
  CC      src/drivers/virtio_net.c
src/drivers/virtio_net.c: In function 'vos3_net_test_flood_attack':
src/drivers/virtio_net.c:1331:16: warning: variable 'irq_packets' set but not used [-Wunused-but-set-variable=]
 1331 |         size_t irq_packets = 0;
      |                ^~~~~~~~~~~
  CC      src/drivers/virtio_blk.c
  CC      src/drivers/virtio_core.c
  CC      src/drivers/virtio_vbus.c
src/drivers/virtio_vbus.c: In function 'vos3_vbus_init':
src/drivers/virtio_vbus.c:570:14: warning: unused variable 'host_features' [-Wunused-variable]
  570 |     uint32_t host_features = virtio_inl(io_base + VIRTIO_PCI_HOST_FEATURES);
      |              ^~~~~~~~~~~~~
  CC      src/drivers/virtio_bridge.c
  CC      src/drivers/vbus_transport.c
  CC      src/drivers/vbus_fs_cmds.c
  CC      src/drivers/vbus_ai_cmds.c
  CC      src/drivers/vbus_diag_cmds.c
  CC      src/drivers/vbus_app_cmds.c
  CC      src/drivers/pci.c
  CC      src/drivers/acpi.c
  CC      src/drivers/storage_hal.c
  CC      src/drivers/nvme.c
  CC      src/drivers/ivshmem.c
  CC      src/drivers/virtio_gpu.c
  CC      src/drivers/gpu_compute.c
  CC      src/drivers/npu.c
  CC      src/drivers/vbus_transport_avx.c
  CC      src/drivers/hda_audio.c
  CC      src/ai/driver_synth.c
  CC      src/ai/npu_dispatch.c
  CC      src/drivers/accel.c
  CC      src/drivers/dma_warp.c
  CC      src/drivers/net_stress.c
  CC      src/net/ethernet.c
  CC      src/net/arp.c
  CC      src/net/ip.c
  CC      src/net/icmp.c
  CC      src/net/udp.c
  CC      src/net/tcp.c
  CC      src/net/socket.c
  CC      src/net/dns.c
  CC      src/net/day4_security_test.c
  CC      src/mm/gpu_mem.c
  CC      src/mm/ai_kim.c
  CC      src/sched/per_cpu.c
  CC      src/crypto/entropy.c
  CC      src/crypto/sha256.c
  CC      src/crypto/sha384.c
  CC      src/crypto/sha512.c
  CC      src/crypto/ed25519_verify.c
  CC      src/crypto/mlkem768.c
  CC      src/crypto/crypto_helpers.c
src/crypto/mlkem768.c: In function 'vos3_mlkem768_encaps':
src/crypto/mlkem768.c:249:68: warning: writing 1 byte into a region of size 0 [-Wstringop-overflow=]
  249 |         for (size_t i = 0u; i < VOS3_MLKEM768_SS_BYTES; i++) ss[i] = 0u;
      |                                                              ~~~~~~^~~~
src/crypto/mlkem768.c:241:41: note: at offset 32 into destination object 'ss' of size [0, 32]
  241 |                          uint8_t        ss[VOS3_MLKEM768_SS_BYTES])
      |                          ~~~~~~~~~~~~~~~^~~~~~~~~~~~~~~~~~~~~~~~~~
src/crypto/mlkem768.c: In function 'vos3_mlkem768_decaps':
src/crypto/mlkem768.c:261:68: warning: writing 1 byte into a region of size 0 [-Wstringop-overflow=]
  261 |         for (size_t i = 0u; i < VOS3_MLKEM768_SS_BYTES; i++) ss[i] = 0u;
      |                                                              ~~~~~~^~~~
src/crypto/mlkem768.c:256:41: note: at offset 32 into destination object 'ss' of size [0, 32]
  256 |                          uint8_t        ss[VOS3_MLKEM768_SS_BYTES])
      |                          ~~~~~~~~~~~~~~~^~~~~~~~~~~~~~~~~~~~~~~~~~
  CC      src/crypto/x25519.c
  CC      src/crypto/aes_gcm.c
  CC      src/crypto/tls13.c
  CC      src/net/dns_tls.c
  CC      src/net/http.c
  CC      src/ai/model_download.c
  CC      src/ai/ggml_core.c
  CC      src/ai/gguf_loader.c
  CC      src/bench/bench_hooks.c
  CC      src/tests/bench_kim_neural.c
  CC      src/tests/bench_kim_multi_core.c
  CC      src/tests/vbus_replay_test.c
  CC      lib/string.c
  CC      lib/stdio.c
lib/stdio.c:496:9: warning: 'O_RDONLY' redefined
  496 | #define O_RDONLY    0x0000
      |         ^~~~~~~~
In file included from lib/stdio.c:14:
include/unistd.h:69:9: note: this is the location of the previous definition
   69 | #define O_RDONLY    0
      |         ^~~~~~~~
lib/stdio.c:497:9: warning: 'O_WRONLY' redefined
  497 | #define O_WRONLY    0x0001
      |         ^~~~~~~~
include/unistd.h:70:9: note: this is the location of the previous definition
   70 | #define O_WRONLY    1
      |         ^~~~~~~~
lib/stdio.c:498:9: warning: 'O_RDWR' redefined
  498 | #define O_RDWR      0x0002
      |         ^~~~~~
include/unistd.h:71:9: note: this is the location of the previous definition
   71 | #define O_RDWR      2
      |         ^~~~~~
lib/stdio.c:499:9: warning: 'O_CREAT' redefined
  499 | #define O_CREAT     0x0040
      |         ^~~~~~~
include/unistd.h:72:9: note: this is the location of the previous definition
   72 | #define O_CREAT     0100
      |         ^~~~~~~
lib/stdio.c:500:9: warning: 'O_TRUNC' redefined
  500 | #define O_TRUNC     0x0200
      |         ^~~~~~~
include/unistd.h:73:9: note: this is the location of the previous definition
   73 | #define O_TRUNC     01000
      |         ^~~~~~~
lib/stdio.c:501:9: warning: 'O_APPEND' redefined
  501 | #define O_APPEND    0x0400
      |         ^~~~~~~~
include/unistd.h:74:9: note: this is the location of the previous definition
   74 | #define O_APPEND    02000
      |         ^~~~~~~~
  CC      lib/stdlib.c
  CC      lib/signal.c
  CC      lib/time.c
  CC      lib/dns.c
lib/dns.c:61:21: warning: 'ntohl' defined but not used [-Wunused-function]
   61 | static unsigned int ntohl(unsigned int x)
      |                     ^~~~~
lib/dns.c:56:23: warning: 'ntohs' defined but not used [-Wunused-function]
   56 | static unsigned short ntohs(unsigned short x)
      |                       ^~~~~
  AS      lib/crt0.S
  AS      lib/restore_rt.S
  CC+LD   ../kernel/build/native-full-final/user/bin/fake_interp (ET_DYN/shared)
  CC+LD   ../kernel/build/native-full-final/user/bin/auxv_interp (ET_DYN/shared)
  SIZE    ../kernel/build/native-full-final/user/bin/fake_interp
   text	   data	    bss	    dec	    hex	filename
    412	    216	      0	    628	    274	../kernel/build/native-full-final/user/bin/fake_interp
  AR      ../kernel/build/native-full-final/user/libc.a
  SIZE    ../kernel/build/native-full-final/user/bin/auxv_interp
   text	   data	    bss	    dec	    hex	filename
   2769	    216	      0	   2985	    ba9	../kernel/build/native-full-final/user/bin/auxv_interp
  CC+LD   ../kernel/build/native-full-final/user/bin/init
src/init.c:147:12: warning: 'run_setup_wizard' defined but not used [-Wunused-function]
  147 | static int run_setup_wizard(void)
      |            ^~~~~~~~~~~~~~~~
src/init.c:133:12: warning: 'is_provisioned' defined but not used [-Wunused-function]
  133 | static int is_provisioned(void)
      |            ^~~~~~~~~~~~~~
  CC+LD   ../kernel/build/native-full-final/user/bin/sh
src/sh.c:37:9: warning: 'O_RDONLY' redefined
   37 | #define O_RDONLY    0x0000
      |         ^~~~~~~~
In file included from src/sh.c:19:
include/unistd.h:69:9: note: this is the location of the previous definition
   69 | #define O_RDONLY    0
      |         ^~~~~~~~
src/sh.c:38:9: warning: 'O_WRONLY' redefined
   38 | #define O_WRONLY    0x0001
      |         ^~~~~~~~
include/unistd.h:70:9: note: this is the location of the previous definition
   70 | #define O_WRONLY    1
      |         ^~~~~~~~
src/sh.c:39:9: warning: 'O_RDWR' redefined
   39 | #define O_RDWR      0x0002
      |         ^~~~~~
include/unistd.h:71:9: note: this is the location of the previous definition
   71 | #define O_RDWR      2
      |         ^~~~~~
src/sh.c:40:9: warning: 'O_CREAT' redefined
   40 | #define O_CREAT     0x0040
      |         ^~~~~~~
include/unistd.h:72:9: note: this is the location of the previous definition
   72 | #define O_CREAT     0100
      |         ^~~~~~~
src/sh.c:41:9: warning: 'O_TRUNC' redefined
   41 | #define O_TRUNC     0x0200
      |         ^~~~~~~
include/unistd.h:73:9: note: this is the location of the previous definition
   73 | #define O_TRUNC     01000
      |         ^~~~~~~
src/sh.c:42:9: warning: 'O_APPEND' redefined
   42 | #define O_APPEND    0x0400
      |         ^~~~~~~~
include/unistd.h:74:9: note: this is the location of the previous definition
   74 | #define O_APPEND    02000
      |         ^~~~~~~~
  SIZE    ../kernel/build/native-full-final/user/bin/init
   text	   data	    bss	    dec	    hex	filename
  32203	    212	    904	  33319	   8227	../kernel/build/native-full-final/user/bin/init
  CC+LD   ../kernel/build/native-full-final/user/bin/cat
src/cat.c:21:9: warning: 'O_RDONLY' redefined
   21 | #define O_RDONLY    0x0000
      |         ^~~~~~~~
In file included from src/cat.c:18:
include/unistd.h:69:9: note: this is the location of the previous definition
   69 | #define O_RDONLY    0
      |         ^~~~~~~~
  SIZE    ../kernel/build/native-full-final/user/bin/cat
   text	   data	    bss	    dec	    hex	filename
  17108	    212	    920	  18240	   4740	../kernel/build/native-full-final/user/bin/cat
  CC+LD   ../kernel/build/native-full-final/user/bin/grep
  CC+LD   ../kernel/build/native-full-final/user/bin/wc
src/grep.c:21:9: warning: 'O_RDONLY' redefined
   21 | #define O_RDONLY    0x0000
      |         ^~~~~~~~
In file included from src/grep.c:18:
include/unistd.h:69:9: note: this is the location of the previous definition
   69 | #define O_RDONLY    0
      |         ^~~~~~~~
src/grep.c: In function 'match':
src/grep.c:36:16: warning: unused variable 'plen' [-Wunused-variable]
   36 |         size_t plen = strlen(pattern);
      |                ^~~~
src/wc.c:20:9: warning: 'O_RDONLY' redefined
   20 | #define O_RDONLY    0x0000
      |         ^~~~~~~~
In file included from src/wc.c:17:
include/unistd.h:69:9: note: this is the location of the previous definition
   69 | #define O_RDONLY    0
      |         ^~~~~~~~
  SIZE    ../kernel/build/native-full-final/user/bin/sh
  SIZE    ../kernel/build/native-full-final/user/bin/grep
   text	   data	    bss	    dec	    hex	filename
  18708	    212	    920	  19840	   4d80	../kernel/build/native-full-final/user/bin/grep
   text	   data	    bss	    dec	    hex	filename
  27596	    500	   5400	  33496	   82d8	../kernel/build/native-full-final/user/bin/sh
  CC+LD   ../kernel/build/native-full-final/user/bin/head
  SIZE    ../kernel/build/native-full-final/user/bin/wc
   text	   data	    bss	    dec	    hex	filename
  18044	    212	    920	  19176	   4ae8	../kernel/build/native-full-final/user/bin/wc
  CC+LD   ../kernel/build/native-full-final/user/bin/date
src/head.c:18:9: warning: 'O_RDONLY' redefined
   18 | #define O_RDONLY    0x0000
      |         ^~~~~~~~
In file included from src/head.c:15:
include/unistd.h:69:9: note: this is the location of the previous definition
   69 | #define O_RDONLY    0
      |         ^~~~~~~~
  CC      src/tests/tls_integrity_test.c
  SIZE    ../kernel/build/native-full-final/user/bin/head
   text	   data	    bss	    dec	    hex	filename
  17700	    212	    920	  18832	   4990	../kernel/build/native-full-final/user/bin/head
  CC+LD   ../kernel/build/native-full-final/user/bin/uptime
  SIZE    ../kernel/build/native-full-final/user/bin/date
   text	   data	    bss	    dec	    hex	filename
  21165	    212	    968	  22345	   5749	../kernel/build/native-full-final/user/bin/date
  CC      src/tests/test_phase21_audit.c
  CC+LD   ../kernel/build/native-full-final/user/bin/uname
  CC      src/tests/test_phase21_extreme.c
  CC      src/tests/test_phase21_divine.c
  CC      src/ai/spec_decoder.c
  SIZE    ../kernel/build/native-full-final/user/bin/uptime
   text	   data	    bss	    dec	    hex	filename
  21229	    212	    968	  22409	   5789	../kernel/build/native-full-final/user/bin/uptime
  CC+LD   ../kernel/build/native-full-final/user/bin/ai_test
  SIZE    ../kernel/build/native-full-final/user/bin/uname
   text	   data	    bss	    dec	    hex	filename
  20877	    212	    968	  22057	   5629	../kernel/build/native-full-final/user/bin/uname
  CC      src/mm/ai_context_manager.c
  SIZE    ../kernel/build/native-full-final/user/bin/ai_test
   text	   data	    bss	    dec	    hex	filename
  19788	    212	    920	  20920	   51b8	../kernel/build/native-full-final/user/bin/ai_test
  CC+LD   ../kernel/build/native-full-final/user/bin/ai_diag
  CC      src/tests/test_phase22_velocity.c
  CC      src/tests/test_phase22_audit.c
  SIZE    ../kernel/build/native-full-final/user/bin/ai_diag
   text	   data	    bss	    dec	    hex	filename
  19404	    212	    920	  20536	   5038	../kernel/build/native-full-final/user/bin/ai_diag
  CC+LD   ../kernel/build/native-full-final/user/bin/ai_stat
  CC      src/ai/hybrid_orch.c
  SIZE    ../kernel/build/native-full-final/user/bin/ai_stat
   text	   data	    bss	    dec	    hex	filename
  19540	    212	    920	  20672	   50c0	../kernel/build/native-full-final/user/bin/ai_stat
  CC+LD   ../kernel/build/native-full-final/user/bin/ai_top
  CC      src/mm/npu_affinity.c
  CC      src/tests/test_phase23_audit.c
  CC      src/tests/test_phase23_vortex.c
  SIZE    ../kernel/build/native-full-final/user/bin/ai_top
   text	   data	    bss	    dec	    hex	filename
  20708	    212	    920	  21840	   5550	../kernel/build/native-full-final/user/bin/ai_top
  CC      src/fs/vector_vfs.c
  CC      src/ai/sni_orchestrator.c
  CC      src/tests/test_phase31_audit.c
  CC      src/ai/vscreen_parser.c
  CC      src/ai/agent_mesh.c
  CC      src/exec/action_bridge.c
  CC      src/tests/test_phase41_audit.c
  CC      src/tests/test_phase41_extreme.c
  CC      src/tests/test_phase41_omega.c
  CC      src/ui/vspace_shell.c
  CC      src/sec/pud_sandbox.c
  CC      src/ai/sovereign_clipboard.c
  CC      src/tests/test_phase51_audit.c
  CC      src/tests/test_phase51_infinity.c
  CC      src/tests/test_phase51_singularity.c
  CC      src/tests/test_phase51_event_horizon.c
  CC      src/tests/test_phase51_quantum_void.c
  CC      src/sec/immutable_lock.c
  CC      src/sec/recovery_bridge.c
  CC      src/sec/sovereign_watermark.c
  CC      src/sec/mmr_audit.c
  CC      src/sec/tpm2.c
  CC      src/sec/hybrid_key.c
  CC      src/sec/capability_table.c
  CC      src/tests/test_phase61_audit.c
  CC      src/tests/test_phase61_event_horizon.c
  CC      src/tests/test_phase62_absolute_zero.c
  CC      src/tests/test_phase70_genesis_gate.c
  CC      src/tests/test_phase81_velocity.c
  CC      src/tests/test_phase82_endurance.c
  CC      src/tests/test_phase10_omega.c
  CC+LD   ../kernel/build/native-full-final/user/bin/ai_stress
src/ai_stress.c: In function 'main':
src/ai_stress.c:410:9: warning: variable 'quick_mode' set but not used [-Wunused-but-set-variable=]
  410 |     int quick_mode = 0;
      |         ^~~~~~~~~~
  CC+LD   ../kernel/build/native-full-final/user/bin/ai_exploit
src/ai_exploit.c: In function 'attack_ro_segment':
src/ai_exploit.c:119:21: warning: ISO C forbids conversion of function pointer to object pointer type [-Wpedantic]
  119 |     void *ro_addr = (void *)_start;
      |                     ^
  CC+LD   ../kernel/build/native-full-final/user/bin/business_sim
  SIZE    ../kernel/build/native-full-final/user/bin/ai_stress
   text	   data	    bss	    dec	    hex	filename
  22812	    212	   1368	  24392	   5f48	../kernel/build/native-full-final/user/bin/ai_stress
  CC+LD   ../kernel/build/native-full-final/user/bin/setup_wizard
  SIZE    ../kernel/build/native-full-final/user/bin/ai_exploit
   text	   data	    bss	    dec	    hex	filename
  21156	    244	    952	  22352	   5750	../kernel/build/native-full-final/user/bin/ai_exploit
  CC+LD   ../kernel/build/native-full-final/user/bin/ws_switch
  SIZE    ../kernel/build/native-full-final/user/bin/setup_wizard
   text	   data	    bss	    dec	    hex	filename
  29372	    212	   1976	  31560	   7b48	../kernel/build/native-full-final/user/bin/setup_wizard
  CC+LD   ../kernel/build/native-full-final/user/bin/vos3_admin
  SIZE    ../kernel/build/native-full-final/user/bin/business_sim
   text	   data	    bss	    dec	    hex	filename
  31780	    244	   1272	  33296	   8210	../kernel/build/native-full-final/user/bin/business_sim
src/vos3_admin.c:184:20: warning: 'get_permission_name' defined but not used [-Wunused-function]
  184 | static const char* get_permission_name(uint32_t perm)
      |                    ^~~~~~~~~~~~~~~~~~~
  CC+LD   ../kernel/build/native-full-final/user/bin/ai_audit
  SIZE    ../kernel/build/native-full-final/user/bin/ws_switch
   text	   data	    bss	    dec	    hex	filename
  25772	    212	   2136	  28120	   6dd8	../kernel/build/native-full-final/user/bin/ws_switch
  CC+LD   ../kernel/build/native-full-final/user/bin/udp_test
  SIZE    ../kernel/build/native-full-final/user/bin/ai_audit
   text	   data	    bss	    dec	    hex	filename
  25324	    212	   1000	  26536	   67a8	../kernel/build/native-full-final/user/bin/ai_audit
  SIZE    ../kernel/build/native-full-final/user/bin/udp_test
  CC+LD   ../kernel/build/native-full-final/user/bin/tcp_test
   text	   data	    bss	    dec	    hex	filename
  18123	    212	    904	  19239	   4b27	../kernel/build/native-full-final/user/bin/udp_test
  CC+LD   ../kernel/build/native-full-final/user/bin/disk_test
  SIZE    ../kernel/build/native-full-final/user/bin/vos3_admin
   text	   data	    bss	    dec	    hex	filename
  24670	    212	    920	  25802	   64ca	../kernel/build/native-full-final/user/bin/vos3_admin
  SIZE    ../kernel/build/native-full-final/user/bin/disk_test
   text	   data	    bss	    dec	    hex	filename
  18027	    212	    936	  19175	   4ae7	../kernel/build/native-full-final/user/bin/disk_test
  CC+LD   ../kernel/build/native-full-final/user/bin/bench_csw
  SIZE    ../kernel/build/native-full-final/user/bin/tcp_test
   text	   data	    bss	    dec	    hex	filename
  19886	    212	    920	  21018	   521a	../kernel/build/native-full-final/user/bin/tcp_test
  CC+LD   ../kernel/build/native-full-final/user/bin/bench_isolate
  SIZE    ../kernel/build/native-full-final/user/bin/bench_csw
   text	   data	    bss	    dec	    hex	filename
  18251	    212	    904	  19367	   4ba7	../kernel/build/native-full-final/user/bin/bench_csw
  CC+LD   ../kernel/build/native-full-final/user/bin/bench_persist
  SIZE    ../kernel/build/native-full-final/user/bin/bench_isolate
   text	   data	    bss	    dec	    hex	filename
  18947	    212	    936	  20095	   4e7f	../kernel/build/native-full-final/user/bin/bench_isolate
  CC+LD   ../kernel/build/native-full-final/user/bin/bench_overhead
  SIZE    ../kernel/build/native-full-final/user/bin/bench_persist
   text	   data	    bss	    dec	    hex	filename
  18659	    212	    904	  19775	   4d3f	../kernel/build/native-full-final/user/bin/bench_persist
  CC+LD   ../kernel/build/native-full-final/user/bin/bench_sigpipe_test
  SIZE    ../kernel/build/native-full-final/user/bin/bench_overhead
   text	   data	    bss	    dec	    hex	filename
  18491	    212	    904	  19607	   4c97	../kernel/build/native-full-final/user/bin/bench_overhead
  CC+LD   ../kernel/build/native-full-final/user/bin/bench_bugfix_test
  SIZE    ../kernel/build/native-full-final/user/bin/bench_sigpipe_test
   text	   data	    bss	    dec	    hex	filename
  19251	    212	    936	  20399	   4faf	../kernel/build/native-full-final/user/bin/bench_sigpipe_test
  CC+LD   ../kernel/build/native-full-final/user/bin/bench_phase13_test
  CC+LD   ../kernel/build/native-full-final/user/bin/bench_procfs_test
  SIZE    ../kernel/build/native-full-final/user/bin/bench_bugfix_test
   text	   data	    bss	    dec	    hex	filename
  20507	    212	    936	  21655	   5497	../kernel/build/native-full-final/user/bin/bench_bugfix_test
  CC+LD   ../kernel/build/native-full-final/user/bin/bench_poll_test
  SIZE    ../kernel/build/native-full-final/user/bin/bench_procfs_test
   text	   data	    bss	    dec	    hex	filename
  19499	    212	    936	  20647	   50a7	../kernel/build/native-full-final/user/bin/bench_procfs_test
  CC+LD   ../kernel/build/native-full-final/user/bin/ps
  SIZE    ../kernel/build/native-full-final/user/bin/bench_poll_test
   text	   data	    bss	    dec	    hex	filename
  18259	    212	    936	  19407	   4bcf	../kernel/build/native-full-final/user/bin/bench_poll_test
  CC+LD   ../kernel/build/native-full-final/user/bin/bench_fs_test
  SIZE    ../kernel/build/native-full-final/user/bin/bench_phase13_test
   text	   data	    bss	    dec	    hex	filename
  23371	    212	    936	  24519	   5fc7	../kernel/build/native-full-final/user/bin/bench_phase13_test
  CC+LD   ../kernel/build/native-full-final/user/bin/bench_net_test
  SIZE    ../kernel/build/native-full-final/user/bin/ps
   text	   data	    bss	    dec	    hex	filename
  17603	    212	    904	  18719	   491f	../kernel/build/native-full-final/user/bin/ps
  CC+LD   ../kernel/build/native-full-final/user/bin/bench_stress_test
  SIZE    ../kernel/build/native-full-final/user/bin/bench_net_test
   text	   data	    bss	    dec	    hex	filename
  23075	    212	    936	  24223	   5e9f	../kernel/build/native-full-final/user/bin/bench_net_test
  CC+LD   ../kernel/build/native-full-final/user/bin/bench_fuzz_test
  SIZE    ../kernel/build/native-full-final/user/bin/bench_fs_test
   text	   data	    bss	    dec	    hex	filename
  24587	    212	    936	  25735	   6487	../kernel/build/native-full-final/user/bin/bench_fs_test
  CC+LD   ../kernel/build/native-full-final/user/bin/bench_sched_test
  SIZE    ../kernel/build/native-full-final/user/bin/bench_stress_test
   text	   data	    bss	    dec	    hex	filename
  20059	    212	    936	  21207	   52d7	../kernel/build/native-full-final/user/bin/bench_stress_test
  CC+LD   ../kernel/build/native-full-final/user/bin/bench_app_isolation_test
  SIZE    ../kernel/build/native-full-final/user/bin/bench_sched_test
   text	   data	    bss	    dec	    hex	filename
  20115	    212	   1000	  21327	   534f	../kernel/build/native-full-final/user/bin/bench_sched_test
  CC+LD   ../kernel/build/native-full-final/user/bin/test_posix_fs
  SIZE    ../kernel/build/native-full-final/user/bin/bench_fuzz_test
   text	   data	    bss	    dec	    hex	filename
  20659	    212	    936	  21807	   552f	../kernel/build/native-full-final/user/bin/bench_fuzz_test
  CC+LD   ../kernel/build/native-full-final/user/bin/test_epoll
src/test_epoll.c: In function 'test_select_pipe':
src/test_epoll.c:430:69: warning: ISO C99 requires at least one argument for the '...' in a variadic macro [-Wpedantic]
  430 |         TEST_FAIL("select_pipe: pfd[0] not set in rfds after select");
      |                                                                     ^
  SIZE    ../kernel/build/native-full-final/user/bin/bench_app_isolation_test
   text	   data	    bss	    dec	    hex	filename
  21075	    212	    936	  22223	   56cf	../kernel/build/native-full-final/user/bin/bench_app_isolation_test
  CC+LD   ../kernel/build/native-full-final/user/bin/bench_thread_test
src/bench_thread_test.c: In function 'test_basic_clone_thread':
src/bench_thread_test.c:130:39: warning: ISO C99 requires at least one argument for the '...' in a variadic macro [-Wpedantic]
  130 |         TEST_FAIL("basic_clone_thread");
      |                                       ^
src/bench_thread_test.c:143:43: warning: ISO C99 requires at least one argument for the '...' in a variadic macro [-Wpedantic]
  143 |             TEST_FAIL("basic_clone_thread");
      |                                           ^
src/bench_thread_test.c:154:39: warning: ISO C99 requires at least one argument for the '...' in a variadic macro [-Wpedantic]
  154 |         TEST_FAIL("basic_clone_thread");
      |                                       ^
src/bench_thread_test.c: In function 'test_arch_prctl_set_fs':
src/bench_thread_test.c:176:38: warning: ISO C99 requires at least one argument for the '...' in a variadic macro [-Wpedantic]
  176 |         TEST_FAIL("arch_prctl_set_fs");
      |                                      ^
src/bench_thread_test.c:185:38: warning: ISO C99 requires at least one argument for the '...' in a variadic macro [-Wpedantic]
  185 |         TEST_FAIL("arch_prctl_set_fs");
      |                                      ^
src/bench_thread_test.c:194:38: warning: ISO C99 requires at least one argument for the '...' in a variadic macro [-Wpedantic]
  194 |         TEST_FAIL("arch_prctl_set_fs");
      |                                      ^
src/bench_thread_test.c: In function 'test_set_tid_address':
src/bench_thread_test.c:222:36: warning: ISO C99 requires at least one argument for the '...' in a variadic macro [-Wpedantic]
  222 |         TEST_FAIL("set_tid_address");
      |                                    ^
  SIZE    ../kernel/build/native-full-final/user/bin/bench_thread_test
  SIZE    ../kernel/build/native-full-final/user/bin/test_epoll
   text	   data	    bss	    dec	    hex	filename
  17867	    244	  66472	  84583	  14a67	../kernel/build/native-full-final/user/bin/bench_thread_test
   text	   data	    bss	    dec	    hex	filename
  21563	    212	    936	  22711	   58b7	../kernel/build/native-full-final/user/bin/test_epoll
  CC+LD   ../kernel/build/native-full-final/user/bin/stress_thread
  CC+LD   ../kernel/build/native-full-final/user/bin/test_posix_core
src/test_posix_core.c: In function 'test_sysinfo_abi':
src/test_posix_core.c:378:63: warning: ISO C99 requires at least one argument for the '...' in a variadic macro [-Wpedantic]
  378 |         TEST_FAIL("sysinfo valid telemetry or object canaries");
      |                                                               ^
src/test_posix_core.c:386:72: warning: ISO C99 requires at least one argument for the '...' in a variadic macro [-Wpedantic]
  386 |             TEST_FAIL("sysinfo invalid size must reject without writes");
      |                                                                        ^
src/test_posix_core.c:392:71: warning: ISO C99 requires at least one argument for the '...' in a variadic macro [-Wpedantic]
  392 |         TEST_FAIL("sysinfo invalid version must reject without writes");
      |                                                                       ^
src/test_posix_core.c:397:75: warning: ISO C99 requires at least one argument for the '...' in a variadic macro [-Wpedantic]
  397 |         TEST_FAIL("legacy Linux sysinfo must return ENOSYS without writes");
      |                                                                           ^
src/test_posix_core.c:401:67: warning: ISO C99 requires at least one argument for the '...' in a variadic macro [-Wpedantic]
  401 |             TEST_FAIL("sysinfo invalid pointer must return EFAULT");
      |                                                                   ^
src/test_posix_core.c:405:50: warning: ISO C99 requires at least one argument for the '...' in a variadic macro [-Wpedantic]
  405 |         TEST_FAIL("sysinfo page test mmap failed");
      |                                                  ^
src/test_posix_core.c:412:58: warning: ISO C99 requires at least one argument for the '...' in a variadic macro [-Wpedantic]
  412 |         TEST_FAIL("sysinfo lazy writable crossing failed");
      |                                                          ^
src/test_posix_core.c:418:72: warning: ISO C99 requires at least one argument for the '...' in a variadic macro [-Wpedantic]
  418 |         TEST_FAIL("sysinfo writable page crossing or exterior canaries");
      |                                                                        ^
src/test_posix_core.c:421:56: warning: ISO C99 requires at least one argument for the '...' in a variadic macro [-Wpedantic]
  421 |         TEST_FAIL("sysinfo read-only page setup failed");
      |                                                        ^
src/test_posix_core.c:428:83: warning: ISO C99 requires at least one argument for the '...' in a variadic macro [-Wpedantic]
  428 |         TEST_FAIL("sysinfo read-only crossing must fault without protected writes");
      |                                                                                   ^
src/test_posix_core.c:430:56: warning: ISO C99 requires at least one argument for the '...' in a variadic macro [-Wpedantic]
  430 |         TEST_FAIL("sysinfo PROT_NONE page setup failed");
      |                                                        ^
src/test_posix_core.c:437:66: warning: ISO C99 requires at least one argument for the '...' in a variadic macro [-Wpedantic]
  437 |         TEST_FAIL("sysinfo PROT_NONE crossing must return EFAULT");
      |                                                                  ^
src/test_posix_core.c:439:64: warning: ISO C99 requires at least one argument for the '...' in a variadic macro [-Wpedantic]
  439 |         TEST_FAIL("sysinfo PROT_NONE inspection restore failed");
      |                                                                ^
src/test_posix_core.c:443:56: warning: ISO C99 requires at least one argument for the '...' in a variadic macro [-Wpedantic]
  443 |         TEST_FAIL("sysinfo PROT_NONE page was modified");
      |                                                        ^
src/test_posix_core.c:445:55: warning: ISO C99 requires at least one argument for the '...' in a variadic macro [-Wpedantic]
  445 |         TEST_FAIL("sysinfo unmapped page setup failed");
      |                                                       ^
src/test_posix_core.c:453:65: warning: ISO C99 requires at least one argument for the '...' in a variadic macro [-Wpedantic]
  453 |         TEST_FAIL("sysinfo unmapped crossing must return EFAULT");
      |                                                                 ^
src/test_posix_core.c:456:51: warning: ISO C99 requires at least one argument for the '...' in a variadic macro [-Wpedantic]
  456 |         TEST_FAIL("sysinfo mapping cleanup failed");
      |                                                   ^
src/test_posix_core.c:461:55: warning: ISO C99 requires at least one argument for the '...' in a variadic macro [-Wpedantic]
  461 |         TEST_FAIL("sysinfo final liveness or canaries");
      |                                                       ^
  SIZE    ../kernel/build/native-full-final/user/bin/test_posix_fs
   text	   data	    bss	    dec	    hex	filename
  25772	    212	    952	  26936	   6938	../kernel/build/native-full-final/user/bin/test_posix_fs
  SIZE    ../kernel/build/native-full-final/user/bin/stress_thread
   text	   data	    bss	    dec	    hex	filename
  20355	    212	 656584	 677151	  a551f	../kernel/build/native-full-final/user/bin/stress_thread
  CC+LD   ../kernel/build/native-full-final/user/bin/test_futex
src/test_futex.c: In function 'test_futex_mutex':
src/test_futex.c:282:46: warning: ISO C99 requires at least one argument for the '...' in a variadic macro [-Wpedantic]
  282 |         TEST_FAIL("futex_mutex: clone failed");
      |                                              ^
src/test_futex.c:302:45: warning: ISO C99 requires at least one argument for the '...' in a variadic macro [-Wpedantic]
  302 |             TEST_FAIL("futex_mutex: timeout");
      |                                             ^
  SIZE    ../kernel/build/native-full-final/user/bin/test_posix_core
   text	   data	    bss	    dec	    hex	filename
  22686	    212	    952	  23850	   5d2a	../kernel/build/native-full-final/user/bin/test_posix_core
  SIZE    ../kernel/build/native-full-final/user/bin/test_futex
   text	   data	    bss	    dec	    hex	filename
  18371	    212	  66472	  85055	  14c3f	../kernel/build/native-full-final/user/bin/test_futex
  CC+LD   ../kernel/build/native-full-final/user/bin/test_net_dispatch
  SIZE    ../kernel/build/native-full-final/user/bin/test_net_dispatch
   text	   data	    bss	    dec	    hex	filename
  22771	    212	    936	  23919	   5d6f	../kernel/build/native-full-final/user/bin/test_net_dispatch
  CC+LD   ../kernel/build/native-full-final/user/bin/test_shm_dispatch
  SIZE    ../kernel/build/native-full-final/user/bin/test_shm_dispatch
   text	   data	    bss	    dec	    hex	filename
  21915	    212	    936	  23063	   5a17	../kernel/build/native-full-final/user/bin/test_shm_dispatch
  CC+LD   ../kernel/build/native-full-final/user/bin/diag_shm_stress
  CC+LD   ../kernel/build/native-full-final/user/bin/hello_dyn (with PT_INTERP)
  SIZE    ../kernel/build/native-full-final/user/bin/hello_dyn
   text	   data	    bss	    dec	    hex	filename
  12828	    212	    904	  13944	   3678	../kernel/build/native-full-final/user/bin/hello_dyn
  CC+LD   ../kernel/build/native-full-final/user/bin/test_pt_interp
  SIZE    ../kernel/build/native-full-final/user/bin/test_pt_interp
   text	   data	    bss	    dec	    hex	filename
  16875	    212	    904	  17991	   4647	../kernel/build/native-full-final/user/bin/test_pt_interp
  CC+LD   ../kernel/build/native-full-final/user/bin/hello_auxv (with PT_INTERP)
  CC+LD   ../kernel/build/native-full-final/user/bin/test_dynlink
  SIZE    ../kernel/build/native-full-final/user/bin/hello_auxv
   text	   data	    bss	    dec	    hex	filename
  12828	    212	    904	  13944	   3678	../kernel/build/native-full-final/user/bin/hello_auxv
  CC+LD   ../kernel/build/native-full-final/user/bin/test_ai_guard
  SIZE    ../kernel/build/native-full-final/user/bin/test_ai_guard
   text	   data	    bss	    dec	    hex	filename
  17091	    212	    936	  18239	   473f	../kernel/build/native-full-final/user/bin/test_ai_guard
  CC+LD   ../kernel/build/native-full-final/user/bin/test_net_e2e
  SIZE    ../kernel/build/native-full-final/user/bin/diag_shm_stress
   text	   data	    bss	    dec	    hex	filename
  23739	    212	    936	  24887	   6137	../kernel/build/native-full-final/user/bin/diag_shm_stress
  CC+LD   ../kernel/build/native-full-final/user/bin/test_integration
  SIZE    ../kernel/build/native-full-final/user/bin/test_net_e2e
   text	   data	    bss	    dec	    hex	filename
  18806	    212	    952	  19970	   4e02	../kernel/build/native-full-final/user/bin/test_net_e2e
  CC+LD   ../kernel/build/native-full-final/user/bin/test_sustained
src/test_sustained.c:36:9: warning: 'O_CREAT' redefined
   36 | #define O_CREAT         0x40
      |         ^~~~~~~
In file included from src/test_sustained.c:15:
include/unistd.h:72:9: note: this is the location of the previous definition
   72 | #define O_CREAT     0100
      |         ^~~~~~~
src/test_sustained.c:37:9: warning: 'O_TRUNC' redefined
   37 | #define O_TRUNC         0x200
      |         ^~~~~~~
include/unistd.h:73:9: note: this is the location of the previous definition
   73 | #define O_TRUNC     01000
      |         ^~~~~~~
src/test_sustained.c:92:24: error: unknown type name 'vos3_sysinfo_t'
   92 | static int get_sysinfo(vos3_sysinfo_t* info) {
      |                        ^~~~~~~~~~~~~~
src/test_sustained.c: In function 'main':
src/test_sustained.c:231:5: error: unknown type name 'vos3_sysinfo_t'
  231 |     vos3_sysinfo_t info;
      |     ^~~~~~~~~~~~~~
src/test_sustained.c:232:9: error: implicit declaration of function 'get_sysinfo' [-Wimplicit-function-declaration]
  232 |     if (get_sysinfo(&info) != 0) {
      |         ^~~~~~~~~~~
src/test_sustained.c:238:37: error: request for member 'uptime_ms' in something not a structure or union
  238 |     unsigned long start_ms    = info.uptime_ms;
      |                                     ^
src/test_sustained.c:239:37: error: request for member 'free_pages' in something not a structure or union
  239 |     unsigned long baseline_fp = info.free_pages;
      |                                     ^
src/test_sustained.c:240:37: error: request for member 'total_pages' in something not a structure or union
  240 |     unsigned long total_pages = info.total_pages;
      |                                     ^
src/test_sustained.c:243:16: error: request for member 'free_pages' in something not a structure or union
  243 |            info.free_pages, info.total_pages, info.nr_tasks, info.nr_zombies);
      |                ^
src/test_sustained.c:243:33: error: request for member 'total_pages' in something not a structure or union
  243 |            info.free_pages, info.total_pages, info.nr_tasks, info.nr_zombies);
      |                                 ^
src/test_sustained.c:243:51: error: request for member 'nr_tasks' in something not a structure or union
  243 |            info.free_pages, info.total_pages, info.nr_tasks, info.nr_zombies);
      |                                                   ^
src/test_sustained.c:243:66: error: request for member 'nr_zombies' in something not a structure or union
  243 |            info.free_pages, info.total_pages, info.nr_tasks, info.nr_zombies);
      |                                                                  ^
src/test_sustained.c:271:35: error: request for member 'free_pages' in something not a structure or union
  271 |                        t_sec, info.free_pages, info.total_pages,
      |                                   ^
src/test_sustained.c:271:52: error: request for member 'total_pages' in something not a structure or union
  271 |                        t_sec, info.free_pages, info.total_pages,
      |                                                    ^
src/test_sustained.c:272:28: error: request for member 'nr_tasks' in something not a structure or union
  272 |                        info.nr_tasks, info.nr_zombies, total_errors);
      |                            ^
src/test_sustained.c:272:43: error: request for member 'nr_zombies' in something not a structure or union
  272 |                        info.nr_tasks, info.nr_zombies, total_errors);
      |                                           ^
src/test_sustained.c:282:20: error: request for member 'free_pages' in something not a structure or union
  282 |                info.free_pages, info.total_pages, info.nr_tasks, info.nr_zombies, total_errors);
      |                    ^
src/test_sustained.c:282:37: error: request for member 'total_pages' in something not a structure or union
  282 |                info.free_pages, info.total_pages, info.nr_tasks, info.nr_zombies, total_errors);
      |                                     ^
src/test_sustained.c:282:55: error: request for member 'nr_tasks' in something not a structure or union
  282 |                info.free_pages, info.total_pages, info.nr_tasks, info.nr_zombies, total_errors);
      |                                                       ^
src/test_sustained.c:282:70: error: request for member 'nr_zombies' in something not a structure or union
  282 |                info.free_pages, info.total_pages, info.nr_tasks, info.nr_zombies, total_errors);
      |                                                                      ^
src/test_sustained.c:286:34: error: request for member 'free_pages' in something not a structure or union
  286 |     unsigned long final_fp = info.free_pages;
      |                                  ^
src/test_sustained.c:302:41: error: request for member 'nr_zombies' in something not a structure or union
  302 |     printf("  Zombies:       %u\n", info.nr_zombies);
      |                                         ^
src/test_sustained.c:316:13: error: request for member 'nr_zombies' in something not a structure or union
  316 |     if (info.nr_zombies > 2) {
      |             ^
src/test_sustained.c:240:19: warning: unused variable 'total_pages' [-Wunused-variable]
  240 |     unsigned long total_pages = info.total_pages;
      |                   ^~~~~~~~~~~
src/test_sustained.c: At top level:
src/test_sustained.c:106:12: warning: 'g_errors' defined but not used [-Wunused-variable]
  106 | static int g_errors = 0;
      |            ^~~~~~~~
make[2]: *** [Makefile:1060: ../kernel/build/native-full-final/user/bin/test_sustained] Error 1
make[2]: *** Waiting for unfinished jobs....
  SIZE    ../kernel/build/native-full-final/user/bin/test_dynlink
   text	   data	    bss	    dec	    hex	filename
  21844	    212	    952	  23008	   59e0	../kernel/build/native-full-final/user/bin/test_dynlink
  SIZE    ../kernel/build/native-full-final/user/bin/test_integration
   text	   data	    bss	    dec	    hex	filename
  24716	    212	    952	  25880	   6518	../kernel/build/native-full-final/user/bin/test_integration
  CC      src/hyperv/hyperv_bridge.c
  CC      src/hyperv/hyperv_init.c
src/unistd/getcwd.c: In function 'getcwd':
src/unistd/getcwd.c:25:1: warning: function may return address of local variable [-Wreturn-local-addr]
   25 | }
      | ^
src/unistd/getcwd.c:9:14: note: declared here
    9 |         char tmp[buf ? 1 : PATH_MAX];
      |              ^~~
  CC    crt1.o
  CC    Scrt1.o (PIC)
  AS    crti.o
  AS    crtn.o
  LD    libc.so (1112 objects)
/opt/cross/bin/x86_64-elf-ld: warning: -z pack-relative-relocs=none ignored
/opt/cross/bin/x86_64-elf-ld: warning: _mulxc3.o: missing .note.GNU-stack section implies executable stack
/opt/cross/bin/x86_64-elf-ld: NOTE: This behaviour is deprecated and will be removed in a future version of the linker
   text	   data	    bss	    dec	    hex	filename
 649493	   2176	  10949	 662618	  a1c5a	../../kernel/build/native-full-final/user/musl/lib/libc.so
make[2]: Leaving directory '/vos3/user'
make[1]: Leaving directory '/vos3/kernel'
make[1]: *** [Makefile:757: build/native-full-final/user/bin/.stamp] Error 2
make: *** [Makefile:18: native] Error 2
